ob_time,ref_wind_speed,ref_wind_direction,target_wind_speed,target_wind_direction,bin,target_bin
1992-11-23 04:00:00,8.456077,196.0737420774467,10.39,189.0,180-210,180-210
1992-11-23 05:00:00,8.651605,197.8584132317813,11.22,189.0,180-210,180-210
1992-11-23 06:00:00,8.733609,197.87966658452663,14.02,193.0,180-210,180-210
1992-11-23 07:00:00,8.836936,195.541640240616,14.07,191.0,180-210,180-210
1992-11-23 08:00:00,9.086146,193.3861242122512,14.48,184.0,180-210,180-210
1992-11-23 09:00:00,9.573559,195.47196082498095,12.51,180.0,180-210,150-180
1992-11-23 10:00:00,10.285296,198.67650757950747,12.95,182.0,180-210,180-210
1992-11-23 11:00:00,10.038881,196.83491547213652,12.73,183.0,180-210,180-210
1992-11-23 12:00:00,9.76257,193.77289930820947,15.69,187.0,180-210,180-210
1992-11-23 13:00:00,10.496952,198.75061259783683,14.61,190.0,180-210,180-210
1992-11-23 14:00:00,10.134153,206.71213793670583,14.25,203.0,180-210,180-210
1992-11-23 15:00:00,8.736938,222.63033249449248,9.14,228.0,210-240,210-240
1992-11-23 16:00:00,7.1032,234.13137142435468,7.02,229.0,210-240,210-240
1992-11-23 17:00:00,6.618232,232.67837894891744,7.49,228.0,210-240,210-240
1992-11-23 18:00:00,7.0420976,236.06626793522065,8.94,239.0,210-240,210-240
1992-11-23 19:00:00,6.9216075,241.38516966211097,6.95,241.0,240-270,240-270
1992-11-23 20:00:00,6.597267,246.95538895381569,7.69,239.0,240-270,210-240
1992-11-23 21:00:00,6.012506,252.21578941059352,4.91,248.0,240-270,240-270
1992-11-23 22:00:00,5.0538864,253.73050917605295,6.92,255.0,240-270,240-270
1992-11-23 23:00:00,4.2624183,251.42766988911163,4.09,239.0,240-270,210-240
1992-11-24 00:00:00,3.4226453,241.89205868785947,5.27,221.0,240-270,210-240
1992-11-24 01:00:00,2.5999932,227.00269186672688,4.72,217.0,210-240,210-240
1992-11-24 02:00:00,2.6430845,209.34720331052364,4.01,170.0,180-210,150-180
1992-11-24 03:00:00,2.7765408,188.60237323887017,4.66,165.0,180-210,150-180
1992-11-24 04:00:00,2.7577443,169.00575187085911,4.3,153.0,150-180,150-180
1992-11-24 05:00:00,3.3917227,155.1736515040454,4.2,165.0,150-180,150-180
1992-11-24 06:00:00,4.331494,152.83505774336376,5.67,149.0,150-180,120-150
1992-11-24 07:00:00,5.2927384,154.77181863017546,4.32,151.0,150-180,150-180
1992-11-24 08:00:00,5.956561,155.74051817646594,5.55,152.0,150-180,150-180
1992-11-24 09:00:00,6.780344,155.194832480956,8.01,159.0,150-180,150-180
1992-11-24 10:00:00,7.6353583,161.35998534177435,11.81,168.0,150-180,150-180
1992-11-24 11:00:00,7.7898026,161.92024980418233,8.93,175.0,150-180,150-180
1992-11-24 12:00:00,8.736506,164.2339629472177,11.15,166.0,150-180,150-180
1992-11-24 13:00:00,7.750226,174.06808924718456,12.58,187.0,150-180,180-210
1992-11-24 14:00:00,9.429788,184.94515805508965,15.55,187.0,180-210,180-210
1992-11-24 15:00:00,9.9677725,184.0825472304344,16.81,184.0,180-210,180-210
1992-11-24 16:00:00,10.510941,183.19455189605105,15.85,184.0,180-210,180-210
1992-11-24 17:00:00,9.895946,181.89337612893567,16.18,183.0,180-210,180-210
1992-11-24 18:00:00,10.688055,189.4273316521764,15.24,197.0,180-210,180-210
1992-11-24 19:00:00,10.914831,208.9309335469759,12.1,207.0,180-210,180-210
1992-11-24 20:00:00,9.121181,217.2778740028217,10.77,206.0,210-240,180-210
1992-11-24 21:00:00,8.572621,225.98709203844308,15.57,224.0,210-240,210-240
1992-11-24 22:00:00,8.103521,227.11998724953185,8.06,189.0,210-240,180-210
1992-11-24 23:00:00,8.355046,242.7451085232952,14.56,290.0,240-270,270-300
1992-11-25 00:00:00,8.424153,266.70830192832955,5.15,272.0,240-270,270-300
1992-11-25 01:00:00,7.751675,259.1551288866027,6.45,207.0,240-270,180-210
1992-11-25 02:00:00,8.224846,244.9569473298864,7.86,229.0,240-270,210-240
1992-11-25 03:00:00,8.961909,238.9127969317276,8.22,227.0,210-240,210-240
1992-11-25 04:00:00,8.601797,237.59094458703385,9.58,235.0,210-240,210-240
1992-11-25 05:00:00,8.0717325,232.3570762678864,8.63,225.0,210-240,210-240
1992-11-25 06:00:00,8.096304,227.83265328625404,10.29,220.0,210-240,210-240
1992-11-25 07:00:00,8.569114,229.58238493269585,10.15,210.0,210-240,180-210
1992-11-25 08:00:00,8.8402605,235.637881542376,13.15,222.0,210-240,210-240
1992-11-25 09:00:00,8.260951,236.6577033259639,12.08,220.0,210-240,210-240
1992-11-25 10:00:00,9.189686,231.39515208954552,12.78,228.0,210-240,210-240
1992-11-25 11:00:00,9.102741,233.03643643596925,13.7,225.0,210-240,210-240
1992-11-25 12:00:00,9.026373,233.31043610617652,11.74,224.0,210-240,210-240
1992-11-25 13:00:00,7.994309,229.82724091352677,8.85,214.0,210-240,210-240
1992-11-25 14:00:00,7.176902,228.92555905964775,10.77,232.0,210-240,210-240
1992-11-25 15:00:00,4.7029996,222.23678743485516,4.25,193.0,210-240,180-210
1992-11-25 16:00:00,2.717485,217.06202029872355,2.53,127.0,210-240,120-150
1992-11-25 17:00:00,0.65915,290.54200598376303,2.13,75.0,270-300,60-90
1992-11-25 18:00:00,3.577353,347.0128806152013,2.59,3.0,330-360,0-30
1992-11-25 19:00:00,5.262742,329.93088935077964,3.64,358.0,300-330,330-360
1992-11-25 20:00:00,6.0821123,309.0131000543397,3.03,307.0,300-330,300-330
1992-11-25 21:00:00,6.1205926,290.8752408759108,6.27,301.0,270-300,300-330
1992-11-25 22:00:00,5.7231264,271.8779970029745,7.15,284.0,270-300,270-300
1992-11-25 23:00:00,6.1414075,259.6659534943001,5.06,244.0,240-270,240-270
1992-11-26 00:00:00,6.514819,253.61093265202263,7.21,248.0,240-270,240-270
1992-11-26 01:00:00,6.6930304,249.50956323036843,6.94,241.0,240-270,240-270
1992-11-26 02:00:00,6.914722,246.82293342238904,8.27,239.0,240-270,210-240
1992-11-26 03:00:00,7.013534,245.99256419942583,8.59,237.0,240-270,210-240
1992-11-26 04:00:00,7.111932,245.81466746084675,7.36,232.0,240-270,210-240
1992-11-26 05:00:00,7.4228487,247.49299055756973,8.63,228.0,240-270,210-240
1992-11-26 06:00:00,7.0636864,247.1208223045034,9.1,251.0,240-270,240-270
1992-11-26 07:00:00,7.5304484,250.83688073956623,6.11,269.0,240-270,240-270
1992-11-26 08:00:00,8.160465,259.0813348623499,7.58,248.0,240-270,240-270
1992-11-26 09:00:00,7.7748947,263.61522445934224,12.02,258.0,240-270,240-270
1992-11-26 10:00:00,7.754683,262.9739456873094,7.95,258.0,240-270,240-270
1992-11-26 11:00:00,8.072588,263.43596505095,8.1,260.0,240-270,240-270
1992-11-26 12:00:00,8.7113085,260.85942485915643,9.4,253.0,240-270,240-270
1992-11-26 13:00:00,8.256357,260.4047434569078,11.93,265.0,240-270,240-270
1992-12-04 15:00:00,5.177289,285.6958495300538,5.89,0.0,270-300,0-30
1992-12-04 16:00:00,4.610593,285.94104669149004,3.56,0.0,270-300,0-30
1992-12-04 17:00:00,4.1348767,279.3307204201976,2.42,0.0,270-300,0-30
1992-12-04 18:00:00,4.34906,272.0942665919945,8.73,0.0,270-300,0-30
1992-12-04 19:00:00,4.7750063,268.4589762878037,6.1,0.0,240-270,0-30
1992-12-04 20:00:00,5.1847553,268.5424211917079,7.04,0.0,240-270,0-30
1992-12-04 21:00:00,5.2849517,270.12294138453103,4.67,0.0,270-300,0-30
1992-12-04 22:00:00,4.6848364,269.91956639815726,5.22,0.0,240-270,0-30
1992-12-04 23:00:00,4.605738,273.2298456363518,4.56,0.0,270-300,0-30
1992-12-05 00:00:00,4.328629,278.69952395368705,5.43,0.0,270-300,0-30
1992-12-05 01:00:00,3.9498959,275.96773893895664,4.79,0.0,270-300,0-30
1992-12-05 02:00:00,3.7136843,270.55575087368885,3.6,0.0,270-300,0-30
1992-12-05 03:00:00,3.9928284,269.68322683627787,8.15,0.0,240-270,0-30
1992-12-05 04:00:00,4.1310344,274.297638149059,1.87,0.0,270-300,0-30
1992-12-05 05:00:00,4.316587,275.7123023233662,3.57,0.0,270-300,0-30
1992-12-05 06:00:00,4.1097493,275.1993509741951,2.9,0.0,270-300,0-30
1992-12-05 07:00:00,4.277749,273.0939648575429,2.74,0.0,270-300,0-30
1992-12-05 08:00:00,4.4869614,271.19140008620667,4.9,0.0,270-300,0-30
1992-12-05 09:00:00,4.785876,271.8011336616075,6.16,0.0,270-300,0-30
1992-12-05 10:00:00,4.5466866,271.1127772889244,6.02,0.0,270-300,0-30
1992-12-05 11:00:00,4.0381193,271.5593865884497,4.97,0.0,270-300,0-30
1992-12-05 12:00:00,4.5528398,277.9441184856546,3.55,0.0,270-300,0-30
1992-12-05 13:00:00,5.1462197,284.85703739371326,3.71,0.0,270-300,0-30
1992-12-05 14:00:00,5.3221016,288.4439919079244,6.22,0.0,270-300,0-30
1992-12-05 15:00:00,5.1648183,288.85283879648085,4.86,0.0,270-300,0-30
1992-12-05 16:00:00,4.8604584,283.8726046862074,1.77,0.0,270-300,0-30
1992-12-05 17:00:00,4.4847903,280.5237717394509,4.49,0.0,270-300,0-30
1992-12-05 18:00:00,3.5174544,277.2712590811633,5.26,0.0,270-300,0-30
1992-12-05 19:00:00,2.9047916,265.7274632255108,4.53,0.0,240-270,0-30
1992-12-05 20:00:00,2.6190772,255.44739370566248,4.85,0.0,240-270,0-30
1992-12-05 22:00:00,2.1660585,223.29811010015243,4.12,0.0,210-240,0-30
1992-12-05 23:00:00,2.2466342,211.13480153693527,3.65,0.0,210-240,0-30
1992-12-06 00:00:00,2.2471845,195.48203776751305,5.38,0.0,180-210,0-30
1992-12-06 01:00:00,2.4737234,183.9526678435708,5.44,0.0,180-210,0-30
1992-12-06 02:00:00,2.8946712,172.86540989593823,4.04,0.0,150-180,0-30
1992-12-06 03:00:00,3.4557498,168.91232227888668,5.35,0.0,150-180,0-30
1992-12-06 04:00:00,3.952461,167.57003641436984,6.71,0.0,150-180,0-30
1992-12-06 05:00:00,4.6296854,168.659153779068,6.94,0.0,150-180,0-30
1992-12-06 06:00:00,5.276989,166.9156399780537,7.63,0.0,150-180,0-30
1992-12-06 07:00:00,6.048036,164.73166512320117,9.27,0.0,150-180,0-30
1992-12-06 08:00:00,6.989859,165.0780185428745,9.46,0.0,150-180,0-30
1992-12-06 09:00:00,7.887838,163.9525749517935,13.28,0.0,150-180,0-30
1992-12-06 10:00:00,8.782412,165.60195767235416,10.26,0.0,150-180,0-30
1992-12-06 11:00:00,8.916913,164.13724756584006,11.59,0.0,150-180,0-30
1992-12-06 12:00:00,8.853241,171.58205048362515,11.86,0.0,150-180,0-30
1992-12-06 13:00:00,8.243496,186.08143862811107,9.45,0.0,180-210,0-30
1992-12-06 14:00:00,7.1392317,195.98239050383208,8.06,0.0,180-210,0-30
1992-12-06 15:00:00,7.0325933,189.6778269711092,10.3,0.0,180-210,0-30
1992-12-06 16:00:00,6.6490045,189.84123291666552,7.55,0.0,180-210,0-30
1992-12-06 17:00:00,5.6744375,200.56998886164683,5.77,0.0,180-210,0-30
1992-12-06 18:00:00,4.872497,221.02826537010583,6.47,0.0,210-240,0-30
1992-12-06 19:00:00,4.83613,246.7912224963877,9.74,0.0,240-270,0-30
1992-12-06 20:00:00,4.680697,245.8815084640612,6.39,0.0,240-270,0-30
1992-12-06 21:00:00,4.766972,247.26572543762893,6.39,0.0,240-270,0-30
1992-12-06 22:00:00,3.4831257,240.43338481936777,6.02,0.0,240-270,0-30
1992-12-06 23:00:00,3.4820843,253.25952218450368,5.44,0.0,240-270,0-30
1992-12-07 00:00:00,3.721298,262.1543490721649,3.27,0.0,240-270,0-30
1992-12-07 01:00:00,3.8801877,267.58197171573704,4.94,0.0,240-270,0-30
1992-12-07 02:00:00,4.2125707,267.33379293795656,5.51,0.0,240-270,0-30
1992-12-07 03:00:00,4.9633474,270.2882258960233,5.84,0.0,270-300,0-30
1992-12-07 04:00:00,4.658467,267.3139595179828,4.91,0.0,240-270,0-30
1992-12-07 05:00:00,4.672265,259.9683636078397,8.35,0.0,240-270,0-30
1992-12-07 06:00:00,5.0937476,256.75027176871646,5.06,0.0,240-270,0-30
1992-12-07 07:00:00,5.570384,259.21756653576216,5.96,0.0,240-270,0-30
1992-12-07 08:00:00,5.224067,262.0845634634052,6.08,0.0,240-270,0-30
1992-12-07 09:00:00,4.6605396,271.3788508718614,4.17,0.0,270-300,0-30
1992-12-07 10:00:00,4.9577336,282.20863002437005,7.67,0.0,270-300,0-30
1992-12-07 11:00:00,5.8003654,304.61856573874155,7.82,0.0,300-330,0-30
1992-12-07 12:00:00,6.3700438,315.27911172809377,10.05,0.0,300-330,0-30
1992-12-07 13:00:00,7.1757684,321.9862794417055,10.49,0.0,300-330,0-30
1992-12-08 05:00:00,6.15609,341.94568648118945,5.92,0.0,330-360,0-30
1992-12-08 06:00:00,5.745482,341.9598859364704,5.17,0.0,330-360,0-30
1992-12-08 07:00:00,5.2365065,343.09415885394617,4.58,0.0,330-360,0-30
1992-12-08 08:00:00,4.784916,342.2300742885143,4.65,0.0,330-360,0-30
1992-12-08 09:00:00,4.616299,339.6873294646689,4.75,0.0,330-360,0-30
1992-12-08 10:00:00,4.212658,331.0939760284912,4.66,0.0,330-360,0-30
1992-12-08 11:00:00,5.378549,334.8887051754256,5.34,0.0,330-360,0-30
1992-12-08 12:00:00,5.7063737,338.8693590432073,4.48,0.0,330-360,0-30
1992-12-08 13:00:00,5.1607027,339.07125686654643,6.09,0.0,330-360,0-30
1992-12-08 14:00:00,4.917093,335.0998855797408,6.65,0.0,330-360,0-30
1992-12-08 15:00:00,4.1092806,324.8478476628747,4.67,0.0,300-330,0-30
1992-12-08 16:00:00,3.4781797,322.51640546829924,4.46,0.0,300-330,0-30
1992-12-08 17:00:00,3.0548098,322.7077398795725,3.57,0.0,300-330,0-30
1992-12-08 18:00:00,3.156992,316.55456306922,3.0,0.0,300-330,0-30
1992-12-08 19:00:00,2.5441413,315.49070743029614,1.9,0.0,300-330,0-30
1992-12-08 20:00:00,1.8059118,304.5936310573173,1.27,0.0,300-330,0-30
1992-12-08 21:00:00,2.042375,299.87710099607034,0.0,0.0,270-300,0-30
1992-12-08 22:00:00,1.75976,301.92521588759456,0.0,0.0,300-330,0-30
1992-12-08 23:00:00,1.3909115,287.89974449769664,0.0,0.0,270-300,0-30
1992-12-09 00:00:00,1.4430867,273.63971627143155,0.02,0.0,270-300,0-30
1992-12-09 01:00:00,1.024922,265.7761804419694,0.0,0.0,240-270,0-30
1992-12-09 02:00:00,1.3070216,258.06279335264367,0.02,0.0,240-270,0-30
1992-12-09 03:00:00,1.6275284,274.5215289626631,0.0,0.0,270-300,0-30
1992-12-09 04:00:00,1.6857252,287.63708804994667,0.0,0.0,270-300,0-30
1992-12-09 05:00:00,1.4155132,293.29114902669767,0.0,0.0,270-300,0-30
1992-12-09 06:00:00,1.3458891,302.6272110570133,1.25,0.0,300-330,0-30
1992-12-09 07:00:00,2.1888838,325.3638505857056,0.29,0.0,300-330,0-30
1992-12-09 08:00:00,3.701694,347.3074092203468,0.0,0.0,330-360,0-30
1992-12-09 09:00:00,4.888955,355.87375627337013,3.13,0.0,330-360,0-30
1992-12-09 10:00:00,5.0400305,355.6801408186559,7.78,0.0,330-360,0-30
1992-12-09 11:00:00,5.2850857,356.6202093395834,7.77,0.0,330-360,0-30
1992-12-09 12:00:00,5.9184284,356.4324861060022,7.88,0.0,330-360,0-30
1992-12-09 13:00:00,5.5474777,357.48685262520223,5.72,0.0,330-360,0-30
1992-12-09 14:00:00,5.162983,356.4685484264472,7.32,0.0,330-360,0-30
1992-12-09 15:00:00,5.2666855,353.6355276381862,6.2,0.0,330-360,0-30
1992-12-09 16:00:00,5.051476,355.8835663603161,5.4,0.0,330-360,0-30
1992-12-09 17:00:00,4.870728,0.7424536930224974,5.12,0.0,0-30,0-30
1992-12-09 18:00:00,4.685977,6.07590563702567,5.75,0.0,0-30,0-30
1992-12-09 19:00:00,4.2847652,12.392455492985846,4.97,0.0,0-30,0-30
1992-12-09 20:00:00,3.7856143,18.629193170654503,5.17,0.0,0-30,0-30
1992-12-09 21:00:00,3.3017235,20.63747143839464,4.25,0.0,0-30,0-30
1992-12-09 22:00:00,2.8028305,23.549522800194357,3.83,0.0,0-30,0-30
1992-12-09 23:00:00,2.4955976,31.656293609622765,3.05,0.0,30-60,0-30
1992-12-10 00:00:00,2.37882,33.38314965801436,3.45,0.0,30-60,0-30
1992-12-10 01:00:00,1.9174162,34.602524945833295,3.72,0.0,30-60,0-30
1992-12-10 02:00:00,1.9616448,36.417226874858926,0.52,0.0,30-60,0-30
1992-12-10 03:00:00,1.8896469,37.58175290649447,1.84,0.0,30-60,0-30
1992-12-10 04:00:00,1.7914435,46.68531069353583,0.28,0.0,30-60,0-30
1992-12-10 05:00:00,1.8710245,66.11909572396804,1.98,0.0,60-90,0-30
1992-12-10 06:00:00,1.6754822,79.2145636621677,0.18,0.0,60-90,0-30
1992-12-10 07:00:00,1.7197049,93.60402883217893,0.0,0.0,90-120,0-30
1992-12-10 08:00:00,1.5951049,95.47152189064118,0.0,0.0,90-120,0-30
1992-12-10 09:00:00,0.96098375,77.86709502099426,1.16,0.0,60-90,0-30
1992-12-10 10:00:00,0.7192331,80.08610762373716,0.0,0.0,60-90,0-30
1992-12-10 11:00:00,0.8065988,92.73313753273356,0.0,0.0,90-120,0-30
1992-12-10 12:00:00,0.87792546,112.26532419697618,0.97,0.0,90-120,0-30
1992-12-10 13:00:00,0.85781485,160.0974165935392,1.28,0.0,150-180,0-30
1992-12-10 14:00:00,0.94555223,210.9345971991104,2.1,0.0,210-240,0-30
1992-12-10 15:00:00,1.0314504,236.41132978335423,1.84,0.0,210-240,0-30
1992-12-10 16:00:00,1.6574931,233.7656540853104,1.58,0.0,210-240,0-30
1992-12-10 17:00:00,1.8743167,219.94531512391643,2.63,0.0,210-240,0-30
1992-12-10 18:00:00,2.1872873,233.36630771829175,1.84,0.0,210-240,0-30
1992-12-10 19:00:00,2.3138652,228.37499294052907,1.64,0.0,210-240,0-30
1992-12-10 20:00:00,2.3317835,213.84460149724225,4.05,0.0,210-240,0-30
1992-12-10 21:00:00,2.4186132,221.8422986588281,3.89,0.0,210-240,0-30
1992-12-10 22:00:00,2.75003,227.9497507632958,5.57,0.0,210-240,0-30
1992-12-10 23:00:00,2.788648,222.94644961002217,2.05,0.0,210-240,0-30
1992-12-11 00:00:00,2.7555356,234.94646564472305,4.49,0.0,210-240,0-30
1992-12-11 01:00:00,2.90392,237.9780277900391,4.53,0.0,210-240,0-30
1992-12-11 02:00:00,3.2849813,243.59935347615152,4.73,0.0,240-270,0-30
1992-12-11 03:00:00,3.3392613,248.56996497887644,3.53,0.0,240-270,0-30
1992-12-11 04:00:00,3.4057567,244.87370529242577,3.67,0.0,240-270,0-30
1992-12-11 05:00:00,3.557344,248.3170066800601,4.86,0.0,240-270,0-30
1992-12-11 06:00:00,3.8381245,252.7584466506239,3.47,0.0,240-270,0-30
1992-12-11 07:00:00,3.827342,248.70231302446632,3.36,0.0,240-270,0-30
1992-12-11 08:00:00,3.89446,248.0325838648297,2.53,0.0,240-270,0-30
1992-12-11 09:00:00,4.232779,252.23820530057188,2.46,0.0,240-270,0-30
1992-12-11 10:00:00,4.7941833,248.690723507712,2.75,0.0,240-270,0-30
1992-12-11 11:00:00,5.452837,251.2446455607693,3.49,0.0,240-270,0-30
1992-12-11 12:00:00,5.862413,252.40065366480587,5.15,0.0,240-270,0-30
1992-12-11 13:00:00,5.7626576,252.57462316947428,8.08,0.0,240-270,0-30
1992-12-11 14:00:00,5.9610224,258.3073883848239,6.96,0.0,240-270,0-30
1992-12-11 15:00:00,6.111801,257.7608155970515,5.37,0.0,240-270,0-30
1992-12-11 16:00:00,6.2143855,258.6614826258059,5.42,0.0,240-270,0-30
1992-12-11 17:00:00,6.503992,263.0246345193321,5.87,0.0,240-270,0-30
1992-12-11 18:00:00,6.7862787,265.38848700010243,6.59,0.0,240-270,0-30
1992-12-11 19:00:00,6.935709,266.66116417068645,9.7,0.0,240-270,0-30
1992-12-11 20:00:00,7.1802754,269.01317706350574,11.89,0.0,240-270,0-30
1992-12-11 21:00:00,7.253588,270.0560622441926,10.33,0.0,270-300,0-30
1992-12-11 22:00:00,7.636172,272.2593786968801,9.89,0.0,270-300,0-30
1992-12-11 23:00:00,7.8310313,277.3342999648288,9.48,0.0,270-300,0-30
1992-12-12 00:00:00,7.9728613,284.6162688969406,7.57,0.0,270-300,0-30
1992-12-12 01:00:00,7.782841,293.50387113595343,8.85,0.0,270-300,0-30
1992-12-12 02:00:00,6.7462497,307.8478721139612,10.36,0.0,300-330,0-30
1992-12-12 03:00:00,5.959253,328.792761230691,8.08,0.0,300-330,0-30
1992-12-12 04:00:00,5.4487157,340.7490874987703,6.2,0.0,330-360,0-30
1992-12-12 05:00:00,4.8349643,340.24244167912786,5.27,0.0,330-360,0-30
1992-12-12 06:00:00,4.344198,334.6861151096104,2.64,0.0,330-360,0-30
1992-12-12 07:00:00,3.9495015,326.9598749940634,4.37,0.0,300-330,0-30
1992-12-12 08:00:00,4.110552,323.670643163003,3.93,0.0,300-330,0-30
1992-12-12 09:00:00,4.3818817,323.3553264194959,6.17,0.0,300-330,0-30
1992-12-12 10:00:00,3.9858575,319.8705193461526,4.51,0.0,300-330,0-30
1992-12-12 11:00:00,4.1640882,316.1317531093336,6.81,0.0,300-330,0-30
1992-12-12 12:00:00,5.0079722,314.2651633799794,7.68,0.0,300-330,0-30
1992-12-12 13:00:00,5.2238226,313.2505869089099,7.44,0.0,300-330,0-30
1992-12-12 14:00:00,4.6647773,313.8377941513808,5.92,0.0,300-330,0-30
1992-12-12 15:00:00,4.386569,311.12564510932737,6.68,0.0,300-330,0-30
1992-12-12 16:00:00,4.0623302,309.7897440506691,5.56,0.0,300-330,0-30
1992-12-12 17:00:00,3.8692064,313.2979693529543,5.79,0.0,300-330,0-30
1992-12-12 18:00:00,3.6806462,314.0181154292192,5.99,0.0,300-330,0-30
1992-12-12 19:00:00,3.6017401,309.4594406769836,5.99,0.0,300-330,0-30
1992-12-12 20:00:00,3.5389624,308.266403782696,3.7,0.0,300-330,0-30
1992-12-12 21:00:00,3.0563505,305.27804790699406,3.0,0.0,300-330,0-30
1992-12-12 22:00:00,2.6154096,294.8368103698136,1.5,0.0,270-300,0-30
1992-12-12 23:00:00,2.3655367,290.2438604678545,2.9,0.0,270-300,0-30
1992-12-13 00:00:00,2.5428278,285.24909138812734,2.72,0.0,270-300,0-30
1992-12-13 01:00:00,2.6159065,279.8571180061525,3.05,0.0,270-300,0-30
1992-12-13 02:00:00,2.2840757,270.31384643968266,4.46,0.0,270-300,0-30
1992-12-13 03:00:00,2.3109002,262.05583197516285,4.87,0.0,240-270,0-30
1992-12-13 04:00:00,2.4509416,249.39413684009185,5.33,0.0,240-270,0-30
1992-12-13 05:00:00,2.8476858,241.0357431371139,5.15,0.0,240-270,0-30
1992-12-13 06:00:00,3.2845092,235.0777296130902,6.14,0.0,210-240,0-30
1992-12-13 07:00:00,3.8727334,231.14487696702,5.27,0.0,210-240,0-30
1992-12-13 08:00:00,4.410524,234.87131101534544,5.92,0.0,210-240,0-30
1992-12-13 09:00:00,4.6958733,246.10622548287444,4.68,0.0,240-270,0-30
1992-12-13 10:00:00,4.2197466,252.39276927026287,4.39,0.0,240-270,0-30
1992-12-13 11:00:00,5.0554566,256.8015437702638,4.88,0.0,240-270,0-30
1992-12-13 12:00:00,5.6126113,256.2031164064914,5.39,0.0,240-270,0-30
1992-12-13 13:00:00,6.7319818,260.7903359355552,6.62,0.0,240-270,0-30
1992-12-13 14:00:00,6.359857,263.2430864862358,6.32,0.0,240-270,0-30
1992-12-13 15:00:00,5.717115,262.7381606199935,7.78,0.0,240-270,0-30
1992-12-13 16:00:00,5.278666,261.7691301203355,4.33,0.0,240-270,0-30
1992-12-13 19:00:00,4.798213,253.25812729482345,4.05,0.0,240-270,0-30
1992-12-13 20:00:00,4.7214603,250.98384312013985,3.51,0.0,240-270,0-30
1992-12-13 21:00:00,4.5434513,246.8633531099728,5.95,0.0,240-270,0-30
1992-12-13 22:00:00,4.490731,245.7149070693389,5.27,0.0,240-270,0-30
1992-12-13 23:00:00,4.465305,243.1417463210378,5.59,0.0,240-270,0-30
1992-12-14 00:00:00,4.4277935,241.4862782748128,5.14,0.0,240-270,0-30
1992-12-14 01:00:00,4.438249,239.08173942732344,5.06,0.0,210-240,0-30
1992-12-14 02:00:00,4.6429467,236.7143324546256,5.48,0.0,210-240,0-30
1992-12-14 03:00:00,4.661151,233.4591362484786,7.6,0.0,210-240,0-30
1992-12-14 04:00:00,4.827865,231.2288785381988,6.44,0.0,210-240,0-30
1992-12-14 05:00:00,4.7419095,231.38177232530936,5.42,0.0,210-240,0-30
1992-12-14 06:00:00,4.2569666,227.78590736993385,4.24,0.0,210-240,0-30
1992-12-14 07:00:00,4.236918,223.34673100833703,5.27,0.0,210-240,0-30
1992-12-14 08:00:00,4.6269727,225.47666658743927,5.64,0.0,210-240,0-30
1992-12-14 09:00:00,4.907523,228.24425193529245,5.73,0.0,210-240,0-30
1992-12-14 10:00:00,4.626528,222.19089309020893,4.86,0.0,210-240,0-30
1992-12-14 11:00:00,4.601023,219.95350397146265,4.52,0.0,210-240,0-30
1992-12-14 12:00:00,4.904744,212.74693863858732,9.92,0.0,210-240,0-30
1992-12-14 13:00:00,5.973268,210.2163427542248,7.48,0.0,210-240,0-30
1992-12-14 14:00:00,5.562901,204.02598499856265,7.39,0.0,180-210,0-30
1992-12-14 15:00:00,5.34037,201.70278616930565,5.9,0.0,180-210,0-30
1992-12-14 16:00:00,5.0376887,201.1499419691237,6.31,0.0,180-210,0-30
1992-12-14 17:00:00,4.827854,200.7147112635727,4.9,0.0,180-210,0-30
1992-12-14 18:00:00,4.7699685,200.44791703929212,5.7,0.0,180-210,0-30
1992-12-14 19:00:00,4.884874,198.77413670951535,6.36,0.0,180-210,0-30
1992-12-14 20:00:00,5.05383,194.7813010026286,6.39,0.0,180-210,0-30
1992-12-14 21:00:00,5.2609005,191.8288528061635,7.49,0.0,180-210,0-30
1992-12-14 22:00:00,5.478776,189.20410850881632,7.96,0.0,180-210,0-30
1992-12-14 23:00:00,5.5115275,190.58499689042256,6.93,0.0,180-210,0-30
1992-12-15 00:00:00,5.3258677,191.40793580611532,6.62,0.0,180-210,0-30
1992-12-15 01:00:00,5.1756854,191.11057837175528,7.89,0.0,180-210,0-30
1992-12-15 02:00:00,5.201129,190.73249301762007,7.75,0.0,180-210,0-30
1992-12-15 03:00:00,5.2088847,189.3048287443965,7.15,0.0,180-210,0-30
1992-12-15 04:00:00,5.2175026,189.641869656946,6.72,0.0,180-210,0-30
1992-12-15 05:00:00,5.094902,190.54668507902025,6.94,0.0,180-210,0-30
1992-12-15 06:00:00,4.7560306,188.18005435530029,6.32,0.0,180-210,0-30
1992-12-15 07:00:00,4.4136734,181.4929836914031,6.76,0.0,180-210,0-30
1992-12-15 08:00:00,4.3739758,174.94482207376328,7.06,0.0,150-180,0-30
1992-12-15 09:00:00,4.6367393,172.77276475659912,7.69,0.0,150-180,0-30
1992-12-15 10:00:00,5.0823154,171.81073570029554,7.4,0.0,150-180,0-30
1992-12-15 11:00:00,5.061193,171.2079656328381,6.27,0.0,150-180,0-30
1992-12-15 12:00:00,6.1767044,180.07672103847162,7.89,0.0,180-210,0-30
1992-12-15 13:00:00,6.2927012,185.7834548309289,8.09,0.0,180-210,0-30
1992-12-15 14:00:00,6.3238006,191.33805868921544,8.78,0.0,180-210,0-30
1992-12-15 15:00:00,5.370803,189.21712741463728,8.8,0.0,180-210,0-30
1992-12-15 16:00:00,4.986693,183.04066413935436,8.16,0.0,180-210,0-30
1992-12-15 17:00:00,5.1197233,182.23419744356943,6.71,0.0,180-210,0-30
1992-12-15 18:00:00,5.430215,184.52244126933536,6.78,0.0,180-210,0-30
1992-12-15 19:00:00,5.698898,184.79125152830156,7.38,0.0,180-210,0-30
1992-12-15 20:00:00,6.063717,189.05061883872364,7.89,0.0,180-210,0-30
1992-12-15 21:00:00,6.251094,190.78754135133556,11.12,0.0,180-210,0-30
1992-12-15 22:00:00,5.9750156,184.3378485141994,9.76,0.0,180-210,0-30
1992-12-15 23:00:00,6.2806616,183.3898580297392,9.97,0.0,180-210,0-30
1992-12-16 00:00:00,6.47927,184.6791193104987,10.74,0.0,180-210,0-30
1992-12-16 01:00:00,6.391709,186.460907681101,12.62,0.0,180-210,0-30
1992-12-16 02:00:00,6.462537,189.45970462248775,9.97,0.0,180-210,0-30
1992-12-16 03:00:00,6.5061345,192.5364917415581,10.35,0.0,180-210,0-30
1992-12-16 04:00:00,6.787709,196.54405763769716,9.73,0.0,180-210,0-30
1992-12-16 05:00:00,6.8021293,198.09150698343555,8.79,0.0,180-210,0-30
1992-12-16 06:00:00,6.1691713,202.6418845284605,8.59,0.0,180-210,0-30
1992-12-16 07:00:00,4.2904,225.9456429587538,8.48,0.0,210-240,0-30
1992-12-16 08:00:00,4.0864577,293.35650993117133,7.12,0.0,270-300,0-30
1992-12-16 09:00:00,6.550635,330.4039994182822,6.06,0.0,330-360,0-30
1992-12-16 10:00:00,6.453678,342.1693523245474,6.99,0.0,330-360,0-30
1992-12-16 11:00:00,5.7848244,346.45702565981725,3.12,0.0,330-360,0-30
1992-12-16 12:00:00,5.2229724,347.61658296763846,2.75,0.0,330-360,0-30
1992-12-16 13:00:00,4.7001715,347.9834766054621,6.55,0.0,330-360,0-30
1992-12-16 14:00:00,4.2346473,347.12353276016347,5.16,0.0,330-360,0-30
1992-12-16 15:00:00,3.9616845,344.9903652748789,5.37,0.0,330-360,0-30
1992-12-16 16:00:00,3.6290512,336.70399304029627,5.2,0.0,330-360,0-30
1992-12-16 17:00:00,3.4913893,331.7025029406293,3.78,0.0,330-360,0-30
1992-12-16 18:00:00,3.0299122,333.3437004325224,2.45,0.0,330-360,0-30
1992-12-16 19:00:00,2.4732838,337.6454029121501,1.66,0.0,330-360,0-30
1992-12-16 20:00:00,2.2805612,335.95801267323986,1.72,0.0,330-360,0-30
1992-12-16 21:00:00,2.559985,343.1059574488655,0.99,0.0,330-360,0-30
1992-12-16 22:00:00,0.6851435,58.24720804760888,1.39,0.0,30-60,0-30
1992-12-16 23:00:00,0.16420543,282.59818791234323,0.19,0.0,270-300,0-30
1992-12-17 00:00:00,0.5164878,248.764982505748,1.54,0.0,240-270,0-30
1992-12-17 01:00:00,0.76664543,156.51270165119652,1.24,0.0,150-180,0-30
1992-12-17 02:00:00,1.5282024,142.04982004825573,3.53,0.0,120-150,0-30
1992-12-17 03:00:00,2.0504472,137.02322045480318,2.68,0.0,120-150,0-30
1992-12-17 04:00:00,2.2306228,133.82494233183047,0.08,0.0,120-150,0-30
1992-12-17 05:00:00,2.6912296,129.77808984519407,2.71,0.0,120-150,0-30
1992-12-17 06:00:00,2.832736,132.58386123190115,1.66,0.0,120-150,0-30
1992-12-17 07:00:00,3.2302473,136.6706688118273,0.02,0.0,120-150,0-30
1992-12-17 08:00:00,3.6324673,140.67796797308242,3.4,0.0,120-150,0-30
1992-12-17 09:00:00,4.347199,142.7532071535747,5.47,0.0,120-150,0-30
1992-12-17 10:00:00,5.6750016,154.36964143134531,7.14,0.0,150-180,0-30
1992-12-17 11:00:00,6.055938,159.53812873793947,5.81,0.0,150-180,0-30
1992-12-17 12:00:00,6.3789687,167.4616590336645,6.5,0.0,150-180,0-30
1992-12-17 13:00:00,6.716796,173.25847228827516,8.47,0.0,150-180,0-30
1992-12-17 14:00:00,6.880855,176.83671392936415,10.22,0.0,150-180,0-30
1992-12-17 15:00:00,6.9702315,174.70084832702082,10.21,0.0,150-180,0-30
1992-12-17 16:00:00,7.120478,171.92507889011003,10.31,0.0,150-180,0-30
1992-12-17 17:00:00,7.5088177,169.67826921439868,11.52,0.0,150-180,0-30
1992-12-17 18:00:00,8.457094,170.3193100771463,11.39,0.0,150-180,0-30
1992-12-17 19:00:00,9.219075,171.10059271091174,14.81,0.0,150-180,0-30
1992-12-17 20:00:00,9.646224,167.15225507157544,17.1,0.0,150-180,0-30
1992-12-17 21:00:00,10.166486,168.6984769092857,16.14,0.0,150-180,0-30
1992-12-17 22:00:00,11.1567,171.8541880720185,15.81,0.0,150-180,0-30
1992-12-17 23:00:00,11.156905,171.13482604711427,15.15,0.0,150-180,0-30
1992-12-18 00:00:00,11.02545,171.26291551591007,14.98,0.0,150-180,0-30
1992-12-18 01:00:00,11.028286,172.507162904398,15.5,0.0,150-180,0-30
1992-12-18 02:00:00,11.037276,174.71204612755724,14.55,0.0,150-180,0-30
1992-12-18 03:00:00,11.170613,175.2506632067758,14.45,0.0,150-180,0-30
1992-12-18 04:00:00,11.552342,175.44567763529164,15.36,0.0,150-180,0-30
1992-12-18 05:00:00,11.888502,176.97610784638718,16.94,0.0,150-180,0-30
1992-12-18 06:00:00,11.959426,179.45014383738092,16.1,0.0,150-180,0-30
1992-12-18 07:00:00,12.013256,181.9844609399908,16.98,0.0,180-210,0-30
1992-12-18 08:00:00,11.931895,186.14672621365736,16.5,0.0,180-210,0-30
1992-12-18 09:00:00,12.089441,189.50582612100743,16.69,0.0,180-210,0-30
1992-12-18 10:00:00,11.062054,192.7345352421762,17.47,0.0,180-210,0-30
1992-12-18 11:00:00,7.4921036,215.90922264480517,7.38,0.0,210-240,0-30
1992-12-18 12:00:00,4.603127,282.2530860900129,5.83,0.0,270-300,0-30
1992-12-18 13:00:00,5.355554,323.21238836329894,6.27,0.0,300-330,0-30
1992-12-18 14:00:00,4.5976434,326.0112810694193,5.33,0.0,300-330,0-30
1992-12-18 15:00:00,4.3382506,325.23808938478,4.74,0.0,300-330,0-30
1992-12-18 16:00:00,4.02235,330.83684097832486,6.1,0.0,330-360,0-30
1992-12-18 17:00:00,3.7154667,338.0771491637816,3.89,0.0,330-360,0-30
1992-12-18 18:00:00,3.4921982,346.17222840774514,3.49,0.0,330-360,0-30
1992-12-18 19:00:00,3.4218607,351.2935287789037,3.12,0.0,330-360,0-30
1992-12-18 20:00:00,3.4161828,353.5229368793361,4.27,0.0,330-360,0-30
1992-12-18 21:00:00,3.4539604,355.45137443818555,4.13,0.0,330-360,0-30
1992-12-18 22:00:00,3.101777,353.061146480246,4.37,0.0,330-360,0-30
1992-12-18 23:00:00,3.3933232,0.6168654184339744,5.29,0.0,0-30,0-30
1992-12-19 00:00:00,3.7049947,7.067039091515824,3.9,0.0,0-30,0-30
1992-12-19 01:00:00,3.4840565,15.090796376687765,2.9,0.0,0-30,0-30
1992-12-19 02:00:00,3.554448,24.541619196888348,2.83,0.0,0-30,0-30
1992-12-19 03:00:00,3.6100085,32.71826712535051,1.7,0.0,30-60,0-30
1992-12-19 04:00:00,3.4630015,41.28495333162442,2.49,0.0,30-60,0-30
1992-12-19 05:00:00,3.605749,49.79740068931062,3.3,0.0,30-60,0-30
1992-12-19 06:00:00,3.6307847,51.88513021685512,1.91,0.0,30-60,0-30
1992-12-19 07:00:00,3.8196611,52.709455061439655,3.16,0.0,30-60,0-30
1992-12-19 08:00:00,4.0601354,53.85351908115604,3.52,0.0,30-60,0-30
1992-12-19 09:00:00,4.1143713,54.128324012334815,2.31,0.0,30-60,0-30
1992-12-19 10:00:00,4.1869287,52.30349897956226,2.88,0.0,30-60,0-30
1992-12-19 11:00:00,4.722812,45.74865691188063,3.94,0.0,30-60,0-30
1992-12-19 12:00:00,4.701678,42.4336146493217,3.59,0.0,30-60,0-30
1992-12-19 13:00:00,4.6950927,44.411001095698566,4.7,0.0,30-60,0-30
1992-12-19 14:00:00,4.7577715,45.88662700114318,5.44,0.0,30-60,0-30
1992-12-19 15:00:00,5.2712846,47.66288744205218,6.59,0.0,30-60,0-30
1992-12-19 16:00:00,5.4995513,51.251367278494286,6.69,0.0,30-60,0-30
1992-12-19 17:00:00,5.3263116,53.289390780672136,7.62,0.0,30-60,0-30
1992-12-19 18:00:00,5.388703,52.742244584164254,6.58,0.0,30-60,0-30
1992-12-19 19:00:00,5.30347,51.74916276827358,7.08,0.0,30-60,0-30
1992-12-19 20:00:00,5.047696,50.20501627856112,8.05,0.0,30-60,0-30
1992-12-19 21:00:00,4.932255,47.15851481309946,6.51,0.0,30-60,0-30
1992-12-19 22:00:00,4.947958,46.13295331116478,7.34,0.0,30-60,0-30
1992-12-19 23:00:00,4.8792543,44.52893564117983,4.78,0.0,30-60,0-30
1992-12-20 00:00:00,4.726763,44.24119306794023,5.41,0.0,30-60,0-30
1992-12-20 01:00:00,4.7023797,42.74985099125078,3.56,0.0,30-60,0-30
1992-12-20 02:00:00,4.793756,43.054996327001646,3.39,0.0,30-60,0-30
1992-12-20 03:00:00,4.917951,43.03277135382044,3.59,0.0,30-60,0-30
1992-12-20 04:00:00,4.9006376,42.87494678731596,4.06,0.0,30-60,0-30
1992-12-20 05:00:00,4.888836,45.05068303300885,4.77,0.0,30-60,0-30
1992-12-20 06:00:00,5.0117307,48.27176254271478,4.47,0.0,30-60,0-30
1992-12-20 07:00:00,5.0316615,51.41904204443759,5.97,0.0,30-60,0-30
1992-12-20 08:00:00,4.9731007,55.18931037642695,7.57,0.0,30-60,0-30
1992-12-20 09:00:00,4.9475646,60.67983574818554,8.04,0.0,60-90,0-30
1992-12-20 10:00:00,4.6882825,64.50609987935034,7.79,0.0,60-90,0-30
1992-12-20 11:00:00,4.5494847,63.58186401987778,4.11,0.0,60-90,0-30
1992-12-20 12:00:00,4.513852,65.22535642556164,4.45,0.0,60-90,0-30
1992-12-20 13:00:00,4.587934,70.72234482717018,3.22,0.0,60-90,0-30
1992-12-20 14:00:00,4.369178,76.42923967379383,3.14,0.0,60-90,0-30
1992-12-20 15:00:00,4.5207024,83.61278497435488,4.68,0.0,60-90,0-30
1992-12-20 16:00:00,4.152233,86.33897081724301,4.06,0.0,60-90,0-30
1992-12-20 17:00:00,4.053142,86.008215344228,2.65,0.0,60-90,0-30
1992-12-20 18:00:00,4.2457175,83.71819818687469,3.98,0.0,60-90,0-30
1992-12-20 19:00:00,4.428722,84.54807180361172,3.1,0.0,60-90,0-30
1992-12-20 20:00:00,4.6082764,88.71558560590435,0.04,0.0,60-90,0-30
1992-12-20 21:00:00,4.8034205,92.9579997081618,1.58,0.0,90-120,0-30
1992-12-20 22:00:00,4.7677345,98.9113487613716,1.0,0.0,90-120,0-30
1992-12-20 23:00:00,4.5642447,97.61496537603234,2.59,0.0,90-120,0-30
1992-12-21 00:00:00,4.5426517,97.88441828269993,2.42,0.0,90-120,0-30
1992-12-21 01:00:00,4.6177387,98.9191876229166,1.66,0.0,90-120,0-30
1992-12-21 02:00:00,4.8576627,101.8924186414694,3.67,0.0,90-120,0-30
1992-12-21 03:00:00,5.0515127,104.15955210193108,0.86,0.0,90-120,0-30
1992-12-21 04:00:00,5.230027,104.64318221175044,0.92,0.0,90-120,0-30
1992-12-21 05:00:00,5.355539,104.63037435317456,1.27,0.0,90-120,0-30
1992-12-21 06:00:00,5.4942183,105.17546874605256,2.9,0.0,90-120,0-30
1992-12-21 07:00:00,5.5450583,107.67411880990912,3.39,0.0,90-120,0-30
1992-12-21 08:00:00,5.42468,111.00405879582438,3.08,0.0,90-120,0-30
1992-12-21 09:00:00,5.344037,113.10227200359232,3.01,0.0,90-120,0-30
1992-12-21 10:00:00,5.1807923,111.16622344866676,4.56,0.0,90-120,0-30
1992-12-21 11:00:00,5.701495,111.15354682653614,3.82,0.0,90-120,0-30
1992-12-21 12:00:00,6.14443,112.9439371580978,3.98,0.0,90-120,0-30
1992-12-21 13:00:00,5.8039947,115.78520810737798,5.21,0.0,90-120,0-30
1992-12-21 14:00:00,5.14839,111.69431429475424,3.33,0.0,90-120,0-30
1992-12-21 15:00:00,4.398906,104.85601652062412,3.78,0.0,90-120,0-30
1992-12-21 16:00:00,4.5758977,103.26170070519782,5.12,0.0,90-120,0-30
1992-12-21 17:00:00,4.5989656,101.58732173390828,1.76,0.0,90-120,0-30
1992-12-21 18:00:00,4.461611,99.0787346021098,1.09,0.0,90-120,0-30
1992-12-21 19:00:00,4.249234,95.69783905862904,2.11,0.0,90-120,0-30
1992-12-21 20:00:00,4.2435694,94.03910182261788,0.22,0.0,90-120,0-30
1992-12-21 21:00:00,4.277913,93.68169626509489,0.82,0.0,90-120,0-30
1992-12-21 22:00:00,3.8443093,93.72705031721765,0.18,0.0,90-120,0-30
1992-12-21 23:00:00,3.6326509,83.15981798838828,3.09,0.0,60-90,0-30
1992-12-22 00:00:00,3.860337,79.73673748217261,3.11,0.0,60-90,0-30
1992-12-22 01:00:00,4.04197,79.52491352185164,0.71,0.0,60-90,0-30
1992-12-22 02:00:00,4.127514,79.07754346057573,0.29,0.0,60-90,0-30
1992-12-22 03:00:00,3.9706056,78.01797224089552,0.38,0.0,60-90,0-30
1992-12-22 04:00:00,4.013956,75.6123442055476,0.07,0.0,60-90,0-30
1992-12-22 05:00:00,4.1429787,74.14233477301605,0.8,0.0,60-90,0-30
1992-12-22 06:00:00,4.3896937,74.57866482164715,5.32,0.0,60-90,0-30
1992-12-22 07:00:00,4.5134697,74.15317884419483,0.08,0.0,60-90,0-30
1992-12-22 08:00:00,4.8371844,73.61177322563063,2.17,0.0,60-90,0-30
1992-12-22 09:00:00,5.055479,73.7778254327157,1.71,0.0,60-90,0-30
1992-12-22 10:00:00,5.228648,77.882236473366,2.99,0.0,60-90,0-30
1992-12-22 11:00:00,5.068164,76.98015679977335,3.75,0.0,60-90,0-30
1992-12-22 12:00:00,5.069707,77.04435047189443,3.47,0.0,60-90,0-30
1992-12-22 13:00:00,4.9559207,77.388376001116,3.48,0.0,60-90,0-30
1992-12-22 14:00:00,4.655984,77.52585947552625,6.14,0.0,60-90,0-30
1992-12-22 15:00:00,4.607309,78.06576915127786,6.01,0.0,60-90,0-30
1992-12-22 16:00:00,4.4227953,76.99161026486101,5.14,0.0,60-90,0-30
1992-12-22 17:00:00,4.238205,75.24216687582141,4.93,0.0,60-90,0-30
1992-12-22 18:00:00,4.118618,72.52387428127342,4.12,0.0,60-90,0-30
1992-12-22 19:00:00,3.9568548,70.21984189841676,4.56,0.0,60-90,0-30
1992-12-22 20:00:00,4.0287657,78.0528799426459,1.22,0.0,60-90,0-30
1992-12-22 21:00:00,3.9383333,83.83461587453341,0.44,0.0,60-90,0-30
1992-12-22 22:00:00,3.5308456,80.58077535944804,0.59,0.0,60-90,0-30
1992-12-22 23:00:00,3.251993,81.81081853749198,2.79,0.0,60-90,0-30
1992-12-23 00:00:00,2.899542,75.99067737449779,1.25,0.0,60-90,0-30
1992-12-23 01:00:00,3.0002854,71.82749190373707,3.82,0.0,60-90,0-30
1992-12-23 02:00:00,2.9496489,69.81254390090935,3.96,0.0,60-90,0-30
1992-12-23 03:00:00,2.8540292,70.89193617466668,3.64,0.0,60-90,0-30
1992-12-23 04:00:00,2.588858,72.91031364348225,4.89,0.0,60-90,0-30
1992-12-23 05:00:00,2.3932142,75.74888310949633,4.03,0.0,60-90,0-30
1992-12-23 06:00:00,2.3771663,76.39301234791027,5.14,0.0,60-90,0-30
1992-12-23 07:00:00,2.3700645,73.2666186935434,4.49,0.0,60-90,0-30
1992-12-23 08:00:00,2.3333333,70.66784102747017,3.05,0.0,60-90,0-30
1992-12-23 09:00:00,2.3539374,71.50370611453789,3.47,0.0,60-90,0-30
1992-12-23 10:00:00,2.6114256,77.54774318147605,2.51,0.0,60-90,0-30
1992-12-23 11:00:00,2.523078,83.81976463214956,1.12,0.0,60-90,0-30
1992-12-23 12:00:00,2.687294,86.77518745830055,0.07,0.0,60-90,0-30
1992-12-23 13:00:00,2.5025587,79.44635489648378,0.17,0.0,60-90,0-30
1992-12-23 14:00:00,2.331279,60.32504166135945,0.18,0.0,60-90,0-30
1992-12-23 15:00:00,2.2137756,51.088713819610405,3.44,0.0,30-60,0-30
1992-12-23 16:00:00,2.5051048,58.215646640697145,4.28,0.0,30-60,0-30
1992-12-23 17:00:00,2.6173816,69.59087125769472,2.25,0.0,60-90,0-30
1992-12-23 18:00:00,2.5075817,73.9041582823934,0.5,0.0,60-90,0-30
1992-12-23 19:00:00,2.3913786,73.98954698110845,1.61,0.0,60-90,0-30
1992-12-23 20:00:00,2.26363,72.71593782655644,2.64,0.0,60-90,0-30
1992-12-23 21:00:00,2.181908,73.93245263757404,0.14,0.0,60-90,0-30
1992-12-23 22:00:00,1.9697833,76.82436866712526,2.26,0.0,60-90,0-30
1992-12-23 23:00:00,1.5417672,67.69106241002282,0.48,0.0,60-90,0-30
1992-12-24 00:00:00,1.7708,68.78226466148445,1.34,0.0,60-90,0-30
1992-12-24 01:00:00,1.7612866,70.2370466472268,1.36,0.0,60-90,0-30
1992-12-24 02:00:00,1.8343464,76.20501725572471,0.39,0.0,60-90,0-30
1992-12-24 03:00:00,1.6780896,76.38174461987721,0.81,0.0,60-90,0-30
1992-12-24 04:00:00,1.7664924,78.4801603554022,0.89,0.0,60-90,0-30
1992-12-24 05:00:00,1.7921839,76.50282465366647,0.38,0.0,60-90,0-30
1992-12-24 06:00:00,1.8475293,76.89814423821208,0.39,0.0,60-90,0-30
1992-12-24 07:00:00,1.9484568,80.4342728781068,0.24,0.0,60-90,0-30
1992-12-24 08:00:00,2.0209684,80.16047638268479,0.35,0.0,60-90,0-30
1992-12-24 09:00:00,2.21805,83.37763460648085,0.05,0.0,60-90,0-30
1992-12-24 10:00:00,1.8554449,85.3823921453253,0.0,0.0,60-90,0-30
1992-12-24 11:00:00,1.7988906,84.42243361170257,1.37,0.0,60-90,0-30
1992-12-24 12:00:00,1.9423523,91.61899304425404,1.4,0.0,90-120,0-30
1992-12-24 13:00:00,2.277346,95.13320285144655,1.17,0.0,90-120,0-30
1992-12-24 14:00:00,2.2704058,89.05607955448801,0.12,0.0,60-90,0-30
1992-12-24 15:00:00,2.087452,84.2120606866521,0.68,0.0,60-90,0-30
1992-12-24 16:00:00,2.1992717,81.10213376037652,0.44,0.0,60-90,0-30
1992-12-24 17:00:00,2.4039865,79.12661198868014,0.72,0.0,60-90,0-30
1992-12-24 18:00:00,2.5845237,79.5167052489464,2.28,0.0,60-90,0-30
1992-12-24 19:00:00,2.767056,83.21366088395709,0.2,0.0,60-90,0-30
1992-12-24 20:00:00,3.0688593,88.86498299115897,1.56,0.0,60-90,0-30
1992-12-24 21:00:00,3.2456627,94.02566289433184,2.84,0.0,90-120,0-30
1992-12-24 22:00:00,2.659721,95.13046229783076,3.75,0.0,90-120,0-30
1992-12-24 23:00:00,2.4735575,90.8298438948556,4.52,0.0,90-120,0-30
1992-12-25 00:00:00,2.3821366,84.77826568408334,3.86,0.0,60-90,0-30
1992-12-25 01:00:00,2.2507792,78.06076773586905,0.63,0.0,60-90,0-30
1992-12-25 02:00:00,2.2936182,73.21978820718739,1.39,0.0,60-90,0-30
1992-12-25 03:00:00,2.2944887,72.55693431829422,0.1,0.0,60-90,0-30
1992-12-25 04:00:00,2.3179352,75.20217192532198,0.79,0.0,60-90,0-30
1992-12-25 05:00:00,2.4380715,79.75147345278451,1.08,0.0,60-90,0-30
1992-12-25 06:00:00,2.3812025,79.7064365755121,0.64,0.0,60-90,0-30
1992-12-25 07:00:00,2.258386,76.60803263810872,0.0,0.0,60-90,0-30
1992-12-25 08:00:00,2.0831861,71.70099082474101,1.6,0.0,60-90,0-30
1992-12-25 09:00:00,2.130761,67.73290090517314,0.77,0.0,60-90,0-30
1992-12-25 10:00:00,2.0027142,60.57036920530163,0.0,0.0,60-90,0-30
1992-12-25 11:00:00,1.9596652,70.27881831428634,0.01,0.0,60-90,0-30
1992-12-25 12:00:00,1.8493937,73.82223956349486,0.0,0.0,60-90,0-30
1992-12-25 13:00:00,1.7732346,71.48313931177559,0.66,0.0,60-90,0-30
1992-12-25 14:00:00,1.9350792,76.36218843083064,0.0,0.0,60-90,0-30
1992-12-25 15:00:00,1.896041,80.33604715479221,0.0,0.0,60-90,0-30
1992-12-25 16:00:00,2.0472069,71.42060298402399,0.0,0.0,60-90,0-30
1992-12-25 17:00:00,1.8888448,51.62449338078724,1.09,0.0,30-60,0-30
1992-12-25 18:00:00,1.9058493,52.526549985401445,2.34,0.0,30-60,0-30
1992-12-25 19:00:00,1.8181207,62.019105275982085,2.47,0.0,60-90,0-30
1992-12-25 20:00:00,1.8175739,70.86515868574098,2.27,0.0,60-90,0-30
1992-12-25 21:00:00,1.8831129,71.82970224513086,1.09,0.0,60-90,0-30
1992-12-25 22:00:00,1.6804119,57.12404388017568,1.54,0.0,30-60,0-30
1992-12-25 23:00:00,1.7542181,43.41020040835176,0.01,0.0,30-60,0-30
1992-12-26 00:00:00,1.7651658,41.953743943374775,0.2,0.0,30-60,0-30
1992-12-26 01:00:00,2.0376062,49.829001708835705,0.05,0.0,30-60,0-30
1992-12-26 02:00:00,2.2276316,56.90548802129683,1.42,0.0,30-60,0-30
1992-12-26 03:00:00,2.3347867,53.89777779488679,3.0,0.0,30-60,0-30
1992-12-26 04:00:00,2.5428808,53.95451082176773,3.39,0.0,30-60,0-30
1992-12-26 05:00:00,2.7627192,58.71543302244835,2.8,0.0,30-60,0-30
1992-12-26 06:00:00,3.027034,60.20450909316146,3.82,0.0,60-90,0-30
1992-12-26 07:00:00,3.3417704,64.42720637163978,5.52,0.0,60-90,0-30
1992-12-26 08:00:00,3.4033792,65.4188054464986,5.85,0.0,60-90,0-30
1992-12-26 09:00:00,3.6597283,65.93471216398186,6.43,0.0,60-90,0-30
1992-12-26 10:00:00,3.646732,66.655534181855,4.49,0.0,60-90,0-30
1992-12-26 11:00:00,4.120213,70.24435874355329,4.96,0.0,60-90,0-30
1992-12-26 12:00:00,4.189717,68.82890180379691,4.72,0.0,60-90,0-30
1992-12-26 13:00:00,4.1532207,68.23784181896143,3.21,0.0,60-90,0-30
1992-12-26 14:00:00,4.226129,67.77492133160251,4.28,0.0,60-90,0-30
1992-12-26 15:00:00,4.349041,67.11635206060816,5.02,0.0,60-90,0-30
1992-12-26 16:00:00,4.2033386,65.26573433416627,3.76,0.0,60-90,0-30
1992-12-26 17:00:00,4.658045,68.73343657979511,5.07,0.0,60-90,0-30
1992-12-26 18:00:00,5.133934,72.67170754178188,5.29,0.0,60-90,0-30
1992-12-26 19:00:00,4.894109,72.5743407263015,5.94,0.0,60-90,0-30
1992-12-26 20:00:00,4.629644,72.32642015120803,4.13,0.0,60-90,0-30
1992-12-26 21:00:00,4.613199,72.40824752291742,3.35,0.0,60-90,0-30
1992-12-26 22:00:00,4.6409025,70.28212691454488,5.42,0.0,60-90,0-30
1992-12-26 23:00:00,4.6624684,70.51463042949352,5.13,0.0,60-90,0-30
1992-12-27 00:00:00,4.7776318,73.54445582011117,5.64,0.0,60-90,0-30
1992-12-27 01:00:00,4.514684,74.32410747746378,2.29,0.0,60-90,0-30
1992-12-27 02:00:00,4.227708,71.7691870096126,0.64,0.0,60-90,0-30
1992-12-27 03:00:00,4.5366607,68.14758504811435,4.78,0.0,60-90,0-30
1992-12-27 04:00:00,4.5470405,66.47252838964029,5.1,0.0,60-90,0-30
1992-12-27 05:00:00,4.74017,67.35552311019208,4.78,0.0,60-90,0-30
1992-12-27 06:00:00,4.773086,68.18277456880129,5.52,0.0,60-90,0-30
1992-12-27 07:00:00,4.9557858,70.335697944016,5.27,0.0,60-90,0-30
1992-12-27 08:00:00,5.0589347,72.01339473220659,4.23,0.0,60-90,0-30
1992-12-27 09:00:00,5.1150866,74.10489716831628,5.5,0.0,60-90,0-30
1992-12-27 10:00:00,4.847509,74.14469241465497,4.6,0.0,60-90,0-30
1992-12-27 11:00:00,6.051809,79.94608020754987,1.72,0.0,60-90,0-30
1992-12-27 12:00:00,6.164439,84.80710778831762,0.9,0.0,60-90,0-30
1992-12-27 13:00:00,6.354818,89.38106322781171,0.56,0.0,60-90,0-30
1992-12-27 14:00:00,6.0874968,89.40606442289096,4.41,0.0,60-90,0-30
1992-12-27 15:00:00,5.148778,83.90116411025275,2.83,0.0,60-90,0-30
1992-12-27 16:00:00,4.6225557,79.97491829074725,2.28,0.0,60-90,0-30
1992-12-27 17:00:00,4.7777023,81.56008545135411,0.7,0.0,60-90,0-30
1992-12-27 18:00:00,4.842835,85.3965901894526,0.43,0.0,60-90,0-30
1992-12-27 19:00:00,4.9633956,89.05404017133365,0.19,0.0,60-90,0-30
1992-12-27 20:00:00,5.0904856,90.8575884587952,1.72,0.0,90-120,0-30
1992-12-27 21:00:00,5.198353,90.55423921964667,3.62,0.0,90-120,0-30
1992-12-27 22:00:00,5.4834604,86.87645051056816,5.16,0.0,60-90,0-30
1992-12-27 23:00:00,5.70075,89.37515047215797,4.98,0.0,60-90,0-30
1992-12-28 00:00:00,5.9157495,92.45279602436112,3.63,0.0,90-120,0-30
1992-12-28 01:00:00,5.8923173,94.00326530463542,0.76,0.0,90-120,0-30
1992-12-28 02:00:00,5.655133,94.04827051661742,3.88,0.0,90-120,0-30
1992-12-28 03:00:00,5.5182743,93.12368270375008,4.3,0.0,90-120,0-30
1992-12-28 04:00:00,5.609642,91.97784644679068,3.89,0.0,90-120,0-30
1992-12-28 05:00:00,5.6056495,91.97398904171504,2.35,0.0,90-120,0-30
1992-12-28 06:00:00,5.536853,92.8336642130264,0.39,0.0,90-120,0-30
1992-12-28 07:00:00,5.3551207,92.54902805494568,2.05,0.0,90-120,0-30
1992-12-28 08:00:00,5.296767,92.00459987347476,0.08,0.0,90-120,0-30
1992-12-28 09:00:00,5.3096375,91.92694707118562,3.14,0.0,90-120,0-30
1992-12-28 10:00:00,5.406824,92.26796278665554,1.45,0.0,90-120,0-30
1992-12-28 11:00:00,5.317984,90.27927680563648,1.51,0.0,90-120,0-30
1992-12-28 12:00:00,5.566508,91.90780521661787,1.26,0.0,90-120,0-30
1992-12-28 13:00:00,5.3944683,92.80886907948296,0.59,0.0,90-120,0-30
1992-12-28 14:00:00,5.091967,92.01963201065576,2.52,0.0,90-120,0-30
1992-12-28 15:00:00,5.081695,91.3629204069886,0.31,0.0,90-120,0-30
1992-12-28 16:00:00,4.8792567,87.97775316355488,0.36,0.0,60-90,0-30
1992-12-28 17:00:00,4.929122,85.73561698098736,0.05,0.0,60-90,0-30
1992-12-28 18:00:00,5.0890408,86.03259805022803,1.97,0.0,60-90,0-30
1992-12-28 19:00:00,5.0955224,88.76282271729684,0.82,0.0,60-90,0-30
1992-12-28 20:00:00,4.9345813,92.1714218227897,2.36,0.0,90-120,0-30
1992-12-28 21:00:00,4.6280723,94.05717373842754,3.56,0.0,90-120,0-30
1992-12-28 22:00:00,4.2989497,92.59862370782952,1.69,0.0,90-120,0-30
1992-12-28 23:00:00,3.8580577,93.23005786850136,2.85,0.0,90-120,0-30
1992-12-29 00:00:00,3.412384,92.78489798198008,1.82,0.0,90-120,0-30
1992-12-29 01:00:00,3.0928354,90.0757659785848,1.48,0.0,90-120,0-30
1992-12-29 02:00:00,2.838951,85.25790006860699,2.16,0.0,60-90,0-30
1992-12-29 03:00:00,2.932271,82.08871855055091,2.04,0.0,60-90,0-30
1992-12-29 04:00:00,2.9489632,81.29761459806444,2.34,0.0,60-90,0-30
1992-12-29 05:00:00,2.921031,81.03732987460741,2.9,0.0,60-90,0-30
1992-12-29 06:00:00,2.9294872,81.66151557342411,2.29,0.0,60-90,0-30
1992-12-29 07:00:00,2.9526682,84.23504740300302,5.3,0.0,60-90,0-30
1992-12-29 08:00:00,2.7953873,84.42776608858516,5.52,0.0,60-90,0-30
1992-12-29 09:00:00,2.8528786,85.25951711975172,4.13,0.0,60-90,0-30
1992-12-29 10:00:00,3.014429,76.6200745915173,4.39,0.0,60-90,0-30
1992-12-29 11:00:00,3.0179167,83.58693633060746,3.44,0.0,60-90,0-30
1992-12-29 12:00:00,3.7654932,96.20071679037756,3.49,0.0,90-120,0-30
1992-12-29 13:00:00,3.590565,96.96879605696972,3.2,0.0,90-120,0-30
1992-12-29 14:00:00,3.667792,98.61056910332788,1.7,0.0,90-120,0-30
1992-12-29 15:00:00,3.34864,95.37189665144594,3.5,0.0,90-120,0-30
1992-12-29 16:00:00,3.2172759,93.14010683756688,2.35,0.0,90-120,0-30
1992-12-29 17:00:00,3.2079537,91.81641988711344,0.08,0.0,90-120,0-30
1992-12-29 18:00:00,3.035364,91.9037925261886,1.47,0.0,90-120,0-30
1992-12-29 19:00:00,2.7166612,90.90034467064298,0.39,0.0,90-120,0-30
1992-12-29 20:00:00,2.5945525,92.78991897060334,0.04,0.0,90-120,0-30
1992-12-29 21:00:00,2.3248732,93.23144646968994,0.08,0.0,90-120,0-30
1992-12-29 22:00:00,2.064897,85.30264552012413,1.06,0.0,60-90,0-30
1992-12-29 23:00:00,1.7688842,84.48798376045727,0.06,0.0,60-90,0-30
1992-12-30 00:00:00,1.8550549,83.78673889243429,0.38,0.0,60-90,0-30
1992-12-30 01:00:00,1.7399837,85.23566011177151,0.18,0.0,60-90,0-30
1992-12-30 02:00:00,1.8995125,86.46569889972244,0.98,0.0,60-90,0-30
1992-12-30 03:00:00,1.8851447,92.50145350214017,0.56,0.0,90-120,0-30
1992-12-30 04:00:00,1.9846249,98.73768168022804,1.29,0.0,90-120,0-30
1992-12-30 06:00:00,1.8922329,107.36356182920538,0.55,0.0,90-120,0-30
1992-12-30 07:00:00,2.037852,114.88799216954976,0.0,0.0,90-120,0-30
1992-12-30 08:00:00,2.1124613,122.37178432085584,0.05,0.0,120-150,0-30
1992-12-30 09:00:00,2.1812387,131.7398955454367,0.0,0.0,120-150,0-30
1992-12-30 10:00:00,2.0826082,151.77226843862405,0.6,0.0,150-180,0-30
1992-12-30 11:00:00,2.008725,161.59894709646937,0.63,0.0,150-180,0-30
1992-12-30 12:00:00,2.2229254,167.07239378002288,0.32,0.0,150-180,0-30
1992-12-30 13:00:00,2.1793678,163.56011112922195,1.85,0.0,150-180,0-30
1992-12-30 14:00:00,2.1414013,155.23234819837347,0.84,0.0,150-180,0-30
1992-12-30 15:00:00,1.7784954,148.26318134430082,2.82,0.0,120-150,0-30
1992-12-30 16:00:00,1.8668904,134.97824863288864,2.49,0.0,120-150,0-30
1992-12-30 17:00:00,2.092025,132.56828426919796,0.78,0.0,120-150,0-30
1992-12-30 18:00:00,2.2138262,134.41167464171932,1.71,0.0,120-150,0-30
1992-12-30 19:00:00,2.2884917,140.4541238504709,3.12,0.0,120-150,0-30
1992-12-30 20:00:00,2.2087412,147.7726933776616,2.29,0.0,120-150,0-30
1992-12-30 21:00:00,1.9893243,159.40330512660933,2.24,0.0,150-180,0-30
1992-12-30 22:00:00,1.6914281,190.4880275358312,0.75,0.0,180-210,0-30
1992-12-30 23:00:00,1.2915521,211.3651494582878,2.62,0.0,210-240,0-30
1992-12-31 00:00:00,1.4375001,214.51067081947508,1.4,0.0,210-240,0-30
1992-12-31 01:00:00,1.368882,225.26608908104285,0.26,0.0,210-240,0-30
1992-12-31 02:00:00,1.4172251,239.605853752463,1.83,0.0,210-240,0-30
1992-12-31 03:00:00,1.5127072,242.38784481827216,1.37,0.0,240-270,0-30
1992-12-31 04:00:00,1.0658579,229.1620916062738,0.68,0.0,210-240,0-30
1992-12-31 05:00:00,0.65604293,207.1397669683928,0.0,0.0,180-210,0-30
1992-12-31 06:00:00,0.44903696,173.36316800911678,1.85,0.0,150-180,0-30
1992-12-31 07:00:00,0.75029236,135.32086817369867,2.14,0.0,120-150,0-30
1992-12-31 08:00:00,1.1624681,140.395307352171,1.85,0.0,120-150,0-30
1992-12-31 09:00:00,1.398312,143.99791311604122,2.71,0.0,120-150,0-30
1992-12-31 10:00:00,1.6156118,158.34994383198685,3.79,0.0,150-180,0-30
1992-12-31 11:00:00,1.4823734,162.3824527617503,0.37,0.0,150-180,0-30
1992-12-31 12:00:00,1.2361897,169.07523487960117,1.3,0.0,150-180,0-30
1992-12-31 13:00:00,1.1308839,188.80041463172847,2.32,0.0,180-210,0-30
1992-12-31 14:00:00,0.9660546,216.03720192488004,2.38,0.0,210-240,0-30
1992-12-31 15:00:00,1.0455985,228.71621869574344,0.28,0.0,210-240,0-30
1992-12-31 16:00:00,1.2723736,254.31528879846377,0.12,0.0,240-270,0-30
1992-12-31 17:00:00,1.5973763,290.7011725739011,0.0,0.0,270-300,0-30
1992-12-31 18:00:00,2.2024355,311.51160591215785,0.0,0.0,300-330,0-30
1992-12-31 19:00:00,2.2482874,326.2863308681847,0.1,0.0,300-330,0-30
1992-12-31 20:00:00,1.617579,347.88078278872354,1.1,0.0,330-360,0-30
1992-12-31 21:00:00,1.1155976,38.75439797059886,0.69,0.0,30-60,0-30
1992-12-31 22:00:00,0.6490816,89.77186398225174,0.0,0.0,60-90,0-30
1992-12-31 23:00:00,0.79077816,98.6340793584675,0.0,0.0,90-120,0-30
