ob_time,ref_wind_speed,ref_wind_direction,target_wind_speed,target_wind_direction,prediction
2017-01-27 14:00:00,7.9624434,156.4814437697175,9.60938,153.98438,9.268624370819028
2017-01-27 15:00:00,7.85435,153.4928012924809,7.85156,140.625,9.271478590734242
2017-01-27 16:00:00,7.987475,151.14351199470374,9.375,138.51563,9.041476264707551
2017-01-27 17:00:00,8.30539,150.0890126186287,8.73047,132.53906,9.098303645435765
2017-01-27 18:00:00,8.659115,150.87244401044515,8.37891,142.38281,8.975959912101022
2017-01-27 19:00:00,8.772664,154.78925776503593,8.61328,137.8125,9.20216596901829
2017-01-27 20:00:00,8.7020035,158.65050120847934,9.66797,140.97656,9.133794915486487
2017-01-27 21:00:00,8.685077,158.25306617904738,8.55469,146.60156,9.266658314897338
2017-01-27 22:00:00,8.189968,151.59008488045257,9.31641,142.03125,9.778403275267209
2017-01-27 23:00:00,8.779753,148.59668025742835,10.07813,135.70313,10.424575741263457
2017-01-28 00:00:00,9.425404,151.93263254324282,10.83984,140.27344,10.960691806469104
2017-01-28 01:00:00,9.939381,156.28560011982034,11.01563,148.00781,11.270165072565362
2017-01-28 02:00:00,9.909145,158.06974292497765,10.07813,150.46875,11.702681430104196
2017-01-28 03:00:00,10.124504,159.8557053218232,10.3125,154.6875,11.881498215729579
2017-01-28 04:00:00,10.211356,161.39843348063005,10.37109,142.38281,11.736883067705538
2017-01-28 05:00:00,10.296381,161.47419989498707,10.48828,144.84375,11.719879346556809
2017-01-28 07:00:00,10.171095,164.01730252726907,10.72266,150.82031,11.835776146587547
2017-01-28 08:00:00,10.19858,166.19888781022033,11.30859,156.79688,11.8413539277484
2017-01-28 09:00:00,10.38863,171.88575534752263,10.01953,159.60938,11.887301262925048
2017-01-28 10:00:00,10.48668,178.58559897243882,9.96094,163.47656,11.784615864894617
2017-01-28 11:00:00,10.164618,185.5133614973908,8.78906,185.27344,11.851916584549242
2017-01-28 12:00:00,9.860055,192.5149753219868,7.85156,201.79688,11.79573069481955
2017-01-28 13:00:00,9.416415,200.87497344129545,11.25,206.01563,11.540212044001624
2017-01-28 14:00:00,9.053756,208.8844762232452,10.07813,209.17969,11.406343810626847
2017-01-28 15:00:00,8.635695,210.99117808780903,9.43359,207.07031,11.467894202279139
2017-01-28 16:00:00,8.461839,208.98029683663543,7.79297,207.42188,11.143094042842666
2017-01-28 17:00:00,8.45558,206.76772328111895,7.79297,209.53125,11.102727144522543
2017-01-28 18:00:00,8.794245,208.35316344999868,9.31641,190.19531,11.224943069407013
2017-01-28 19:00:00,9.309348,212.1120740893749,9.90234,199.6875,11.796413008998506
2017-01-28 20:00:00,9.595519,214.7392223698492,9.43359,210.9375,12.060587916239744
2017-01-28 21:00:00,9.7642355,217.10042546793173,10.3125,216.91406,12.084316445416865
2017-01-28 22:00:00,9.484527,220.4903435304972,10.07813,215.50781,11.659929001542547
2017-01-28 23:00:00,8.985514,215.19752833775868,8.37891,211.64063,10.626721069645374
2017-01-29 00:00:00,8.917731,212.18014221179268,9.02344,213.75,10.174438604270847
2017-01-29 01:00:00,8.898606,210.94054773814568,8.78906,202.85156,9.839447823440835
2017-01-29 02:00:00,8.56706,202.86957455273472,8.02734,210.58594,9.67786335632671
2017-01-29 03:00:00,8.611318,200.2105341963432,7.91016,217.96875,9.899499603695894
2017-01-29 04:00:00,8.923569,203.2874146052864,9.49219,206.36719,9.90208862161299
2017-01-29 05:00:00,9.177004,207.53616665497609,9.84375,202.14844,10.042383314144672
2017-01-29 06:00:00,9.370886,212.4530605740712,10.60547,201.79688,10.15697565609674
2017-01-29 07:00:00,9.353491,214.0117071811065,10.95703,204.60938,10.013945504689508
2017-01-29 08:00:00,9.284735,213.9111742792563,10.54688,218.32031,9.753744185217318
2017-01-29 10:00:00,8.640804,217.2860795339953,9.19922,211.28906,9.448498801344611
2017-01-29 11:00:00,8.642261,216.92488973208415,10.01953,215.15625,9.260027946004596
2017-01-29 12:00:00,8.126645,213.84282654047115,9.72656,210.58594,9.757982188939678
2017-01-29 13:00:00,7.62168,206.11831148231252,8.55469,197.57813,9.87281266574835
2017-01-29 14:00:00,7.614732,193.4700331103249,9.72656,192.30469,10.357155976559387
2017-01-29 15:00:00,8.022653,187.3702804374109,10.19531,176.48438,10.583877202500696
2017-01-29 19:00:00,10.310324,174.95115310780042,11.36719,171.5625,11.093511455311685
2017-01-29 20:00:00,10.505395,171.56300321026592,11.01563,163.47656,11.944096400129824
2017-01-29 21:00:00,10.205721,164.83979637484637,11.30859,159.96094,12.345509175989886
2017-01-29 22:00:00,9.698888,159.68117675978942,11.42578,160.66406,12.68117570006904
2017-01-29 23:00:00,10.415052,162.06431762042627,11.42578,151.17188,12.630093855647567
2017-01-30 00:00:00,11.100638,174.88613531583326,11.60156,156.09375,12.75117759759586
2017-01-30 01:00:00,11.166392,187.65909674569485,10.07813,182.8125,12.953196250031004
2017-01-30 02:00:00,11.299347,202.51654663316828,13.76953,200.39063,12.49442917132972
2017-01-30 03:00:00,10.930265,217.1019442298041,13.35938,215.85938,11.791988445296422
2017-01-30 04:00:00,10.011128,228.06637486089096,11.13281,220.78125,10.809747046088054
2017-01-30 05:00:00,8.689112,244.85543214434975,10.72266,229.92188,8.956679820757806
2017-01-30 07:00:00,6.1122317,301.3677451189487,8.4375,317.8125,7.810380055270909
2017-01-30 08:00:00,5.395487,309.4015535064142,6.50391,301.64063,7.1652521294400495
2017-01-30 09:00:00,5.180893,306.531935390878,6.09375,297.42188,6.388699564533259
2017-01-30 10:00:00,5.37594,320.82180675481754,6.62109,312.53906,6.081565308222904
2017-01-30 11:00:00,5.3937716,326.141625553024,6.09375,320.625,5.688482096080962
2017-01-30 12:00:00,4.569314,337.64861473137626,5.50781,337.85156,5.516471885288103
2017-01-30 13:00:00,3.8422632,337.8922165051805,6.03516,357.89063,5.185600835461181
2017-01-30 14:00:00,4.1814384,340.33459955187334,6.67969,8.08594,4.392202709099574
2017-01-30 15:00:00,4.265612,359.34222147751296,4.27734,347.34375,4.356793724555246
2017-01-30 16:00:00,3.6706746,11.094124597364612,3.51563,357.53906,3.8943781878969292
2017-01-30 17:00:00,3.543993,16.8029403961238,4.27734,15.46875,4.562997434990466
2017-01-30 18:00:00,3.954566,26.25759220901051,4.80469,22.14844,5.487159267615253
2017-01-30 19:00:00,4.454409,35.6817909290279,4.39453,35.15625,5.546290573276107
2017-01-30 20:00:00,4.6096854,44.69102078244941,4.98047,39.375,5.434716726108292
2017-01-30 21:00:00,4.625147,53.51353795051156,6.26953,64.33594,5.608979983473126
2017-01-30 22:00:00,4.5759635,60.64389971226346,4.62891,73.125,6.48868227213875
2017-01-30 23:00:00,4.6443057,69.5869163989889,5.44922,78.39844,6.676378027430565
2017-01-31 00:00:00,5.0380793,77.70794564022766,5.03906,81.5625,6.517234906844386
2017-01-31 01:00:00,5.7658744,82.9021633865649,3.92578,104.41406,6.157151979314944
2017-01-31 02:00:00,5.9388604,88.69078671321908,4.86328,93.51563,6.107667422008719
2017-01-31 03:00:00,5.7473884,93.8430513418004,4.6875,105.46875,6.0946828157912885
2017-01-31 04:00:00,5.6582303,97.30772827440568,6.15234,97.03125,5.99627451670795
2017-01-31 05:00:00,6.035209,95.47215670875131,5.85938,94.92188,6.151521515628675
2017-01-31 06:00:00,6.2856975,96.43937542222424,6.91406,85.42969,6.328137959802187
2017-01-31 07:00:00,6.368568,98.82853775580098,5.21484,107.57813,6.6056333251892925
2017-01-31 08:00:00,6.2832527,103.36494376128384,7.03125,103.35938,7.100823839865951
2017-01-31 09:00:00,6.173823,109.15668665704074,6.79688,113.20313,7.525320903536448
2017-01-31 10:00:00,6.14122,116.83779513592314,6.32813,125.85938,7.752149598085427
2017-01-31 11:00:00,5.7924547,121.90153382415738,7.20703,118.125,7.936784469999994
2017-01-31 12:00:00,5.6355124,129.53892192165875,6.21094,130.42969,7.664423126487256
2017-01-31 13:00:00,5.7210965,134.02608695508815,5.91797,146.60156,7.2637654407514844
2017-01-31 14:00:00,5.778073,134.16374549872785,7.44141,130.78125,6.698787384202344
2017-01-31 15:00:00,6.3766727,131.62520986146563,8.32031,125.15625,6.901662919470267
2017-01-31 16:00:00,7.4117928,129.75203400872522,7.67578,139.92188,7.595330899251471
2017-01-31 17:00:00,7.927445,128.69326438191263,9.19922,122.69531,8.397965049536692
2017-01-31 18:00:00,8.012082,129.88754693905133,8.90625,144.14063,8.736440421644192
2017-01-31 19:00:00,7.964596,133.61032285950225,10.13672,135.35156,8.746964081528441
2017-01-31 20:00:00,7.887622,136.2721044124034,9.49219,138.16406,8.660722759992224
2017-01-31 21:00:00,8.084125,135.30807329130238,10.48828,133.94531,8.530354705842095
2017-01-31 22:00:00,7.7829676,137.60191053163066,10.25391,139.57031,7.9852536661715945
2017-01-31 23:00:00,7.744783,143.103199140252,9.90234,133.24219,7.829399913697611
2017-02-01 00:00:00,7.6354256,143.8784637317053,10.07813,135.0,7.769764383415729
2017-02-01 01:00:00,7.8249483,138.168978725973,9.66797,139.92188,8.226825334634587
2017-02-01 02:00:00,8.109693,135.35274420871167,9.31641,130.42969,8.59821357282142
2017-02-01 03:00:00,8.234934,137.8287381590826,10.01953,129.375,8.68984571350269
2017-02-01 04:00:00,8.330008,142.70605093529508,9.375,137.10938,8.821872319333266
2017-02-01 05:00:00,8.2344885,147.44571265740467,9.90234,137.46094,9.007683198518595
2017-02-01 06:00:00,8.305013,148.03017777564617,10.54688,128.67188,9.197556486596904
2017-02-01 07:00:00,8.408738,146.0564502661732,9.78516,133.94531,9.322594082553536
2017-02-01 08:00:00,8.441055,147.94468095553185,9.72656,136.40625,8.91662381162132
2017-02-01 09:00:00,8.517777,150.71245099748285,10.25391,133.59375,9.270531360985569
2017-02-01 10:00:00,8.155253,147.97151788988288,9.55078,138.16406,9.413938780870806
2017-02-01 11:00:00,8.440721,149.944066558661,9.31641,141.67969,9.639682181672248
2017-02-01 12:00:00,8.41965,150.00655958991885,8.73047,144.14063,9.419218376399616
2017-02-01 13:00:00,8.379941,149.95792346863362,8.08594,153.63281,9.563721663625099
2017-02-01 14:00:00,8.292015,154.57464292077145,7.03125,157.85156,9.682370315126324
2017-02-01 15:00:00,8.247969,160.10485523534177,7.79297,163.125,9.961294162215246
2017-02-01 16:00:00,8.227813,167.01661847765746,7.85156,163.47656,9.60505938565595
2017-02-01 17:00:00,7.97412,172.17594300736482,8.08594,163.82813,9.332899720691449
2017-02-01 18:00:00,8.014708,171.6062382560269,8.55469,161.71875,9.149129610048247
2017-02-01 19:00:00,8.290532,178.7496024289515,8.26172,167.34375,9.49073855145523
2017-02-01 20:00:00,8.027018,186.4779813421368,9.49219,168.75,9.405195514858345
2017-02-01 21:00:00,7.8325586,188.28152568012072,9.14063,170.50781,9.553477550405347
2017-02-01 22:00:00,8.258645,190.3995848235251,8.67188,181.05469,9.80591641814574
2017-02-01 23:00:00,8.369204,188.42898179349288,8.78906,181.75781,10.078497399230347
2017-02-02 00:00:00,8.427035,186.43149927644225,9.19922,182.10938,10.017733443047534
2017-02-02 01:00:00,8.821175,180.30865356027132,9.78516,182.46094,9.980053257683513
2017-02-02 02:00:00,8.97008,177.55833454991037,9.90234,176.48438,9.854775902545827
2017-02-02 03:00:00,8.93408,176.6762747771381,9.19922,169.80469,9.95965361204261
2017-02-02 04:00:00,8.963587,171.8572348725896,9.25781,176.13281,10.034626001611938
2017-02-02 05:00:00,9.203935,170.26627731006,8.37891,165.9375,10.32231234595719
2017-02-02 06:00:00,9.413369,170.5617567297663,8.08594,157.5,10.681493396996325
2017-02-02 07:00:00,9.522742,167.63445903052516,7.79297,154.33594,11.00208788632909
2017-02-02 08:00:00,9.890889,164.1529527472843,10.54688,149.76563,10.821821556768604
2017-02-02 09:00:00,10.247148,163.4316344329278,11.83594,150.46875,10.94635108636684
2017-02-02 10:00:00,9.76669,160.93519372180256,10.66406,146.60156,11.424886579278532
2017-02-02 11:00:00,10.02975,159.5198280242935,11.30859,146.95313,11.727934540680918
2017-02-02 12:00:00,10.407218,161.09513607438942,10.13672,151.52344,11.731938003600053
2017-02-02 13:00:00,10.319388,165.41246240793492,11.30859,156.09375,12.105484288114894
2017-02-02 14:00:00,10.111256,165.9975635631222,10.01953,168.75,12.033914104139305
2017-02-02 15:00:00,10.165874,164.31378503968708,9.90234,170.85938,12.072516687888434
2017-02-02 16:00:00,10.216997,164.42178766305523,11.60156,158.55469,12.068503196211049
2017-02-02 17:00:00,10.163532,167.619629773695,11.54297,159.25781,12.109570710507771
2017-02-02 18:00:00,9.989708,168.25062400338717,11.42578,162.42188,12.18505690138051
2017-02-02 19:00:00,10.0289345,170.79262312923578,9.72656,168.75,12.096176626273772
2017-02-02 20:00:00,9.9111805,176.90961614897878,10.95703,168.39844,11.606577164552405
2017-02-02 21:00:00,9.213335,181.0496848767165,9.66797,170.15625,10.767566786124231
2017-02-02 22:00:00,8.832493,183.7877496187465,9.72656,165.58594,10.398354269976556
2017-02-02 23:00:00,8.40123,183.06666511915867,8.4375,179.29688,9.975224995637742
2017-02-03 00:00:00,8.688263,188.15571508274536,8.90625,185.625,9.538291442004017
2017-02-03 01:00:00,8.477434,196.53930307282303,8.49609,189.14063,9.311583299104932
2017-02-03 02:00:00,8.082346,195.8210261778171,8.55469,185.27344,9.138087177056315
2017-02-03 03:00:00,8.328402,192.3384375597805,7.96875,182.46094,9.094586218082132
2017-02-03 04:00:00,7.974873,195.00005532833177,8.84766,188.4375,8.880808672546035
2017-02-03 05:00:00,8.23842,196.63414316326416,8.84766,182.10938,8.324431503033711
2017-02-03 06:00:00,7.8053746,195.25327663604784,8.4375,179.29688,7.952994774333337
2017-02-03 07:00:00,7.47723,188.2126897115672,9.08203,173.32031,8.164979057665478
2017-02-03 08:00:00,7.5030975,188.2057533430707,8.84766,174.02344,7.732686884970929
2017-02-03 09:00:00,7.5316477,188.52772229887697,8.08594,173.67188,7.797607261405018
2017-02-03 10:00:00,6.524108,176.8217731092974,8.14453,172.61719,8.070401072736974
2017-02-03 11:00:00,6.941885,172.40083868195362,8.14453,172.61719,8.142414052603112
2017-02-03 12:00:00,7.628908,178.2511741189479,7.5,178.59375,8.24540762667509
2017-02-03 13:00:00,7.2983766,172.61020789721175,7.61719,176.48438,8.565582952707091
2017-02-03 14:00:00,6.9818516,157.8183929294798,6.73828,142.73438,8.853561302495763
2017-02-03 15:00:00,7.673075,143.78561127282748,7.91016,139.92188,9.084261095007971
2017-02-03 16:00:00,8.821615,136.16714087166173,7.61719,130.07813,9.62377447499163
2017-02-03 17:00:00,9.5509815,135.18459898913954,10.66406,133.59375,10.371821084409484
2017-02-03 18:00:00,10.118873,136.80121774470533,11.77734,124.80469,10.969128738128099
2017-02-03 19:00:00,10.281887,141.1204151765751,11.01563,125.15625,11.407083772931161
2017-02-03 20:00:00,10.201058,146.48127201747366,11.19141,128.32031,11.875545803204746
2017-02-03 21:00:00,10.0486355,155.02251064418,8.73047,141.67969,12.003003996312032
2017-02-03 22:00:00,10.44303,175.2741490664272,7.03125,161.36719,12.672986210399507
2017-02-03 23:00:00,9.811558,192.1824381682335,8.61328,177.1875,12.738407253895712
2017-02-04 00:00:00,11.04096,219.88968495338736,9.84375,198.98438,12.102534317612916
2017-02-04 01:00:00,10.561207,225.84309320548525,10.66406,204.60938,10.905461275206964
2017-02-04 03:00:00,8.643162,205.98739649338165,8.84766,193.00781,9.888245048465945
2017-02-04 04:00:00,7.554871,193.7933364302844,7.08984,187.73438,8.657347407957761
2017-02-04 05:00:00,6.9876637,173.37852169823077,7.44141,175.78125,7.978086505310413
2017-02-04 06:00:00,7.539301,159.20068750485055,6.91406,164.53125,7.604392377564476
2017-02-04 07:00:00,7.33753,152.57437814035197,7.91016,150.11719,7.31726493870387
2017-02-04 08:00:00,6.807099,147.45586381812782,6.85547,142.03125,6.945328741259195
2017-02-04 09:00:00,6.0207014,140.039119405389,5.44922,133.94531,6.484373399431356
2017-02-04 10:00:00,4.2592506,124.47434436658828,3.98438,94.21875,6.300795665328259
2017-02-04 11:00:00,2.9101672,109.13693701298426,4.10156,84.02344,5.574917684049429
2017-02-04 12:00:00,2.580702,78.96398047594036,4.57031,89.64844,5.037627286354022
2017-02-04 13:00:00,3.464827,59.75258305451614,5.15625,52.38281,4.902348656739734
2017-02-04 14:00:00,4.4958096,43.73960902924173,4.39453,33.39844,5.126868368237363
2017-02-04 15:00:00,5.0664325,34.72955932308423,4.39453,28.82813,5.374044756408321
2017-02-04 16:00:00,4.977277,39.7554970485493,4.51172,19.6875,5.676657520915261
2017-02-04 17:00:00,4.243093,43.51344218967503,5.39063,44.29688,4.293264431160434
2017-02-04 18:00:00,2.4784343,13.691808944167434,2.63672,10.89844,3.898257002888882
2017-02-04 19:00:00,2.3867936,324.2262931646195,1.69922,354.72656,4.296414045156127
2017-02-04 20:00:00,2.4648356,303.0300518808944,2.98828,285.82031,4.123602781759883
2017-02-04 21:00:00,2.7847755,275.55791713602935,5.03906,261.5625,3.2684080930930426
2017-02-04 22:00:00,2.9752815,244.93420758471865,4.51172,249.25781,3.8435381513624853
2017-02-04 23:00:00,3.1156847,234.10968633181812,4.10156,233.78906,4.430594953961301
2017-02-05 00:00:00,3.2675464,214.2355922374732,2.46094,213.04688,4.326836345528381
2017-02-05 01:00:00,3.464789,195.20151439054732,3.45703,181.40625,3.966652317923886
2017-02-05 02:00:00,3.296647,178.61284581406093,2.92969,172.96875,3.901968962010367
2017-02-05 03:00:00,3.22855,152.58850802126963,3.63281,151.875,4.433814052363818
2017-02-05 04:00:00,3.7333312,137.64911233170005,5.56641,130.42969,5.299670109778598
2017-02-05 05:00:00,4.4754925,127.09854124454029,4.80469,115.66406,6.243633889408568
2017-02-05 06:00:00,4.6466517,127.51667050218184,4.98047,85.07813,6.705328040275911
2017-02-05 07:00:00,4.4346423,116.9803811940071,5.09766,103.00781,6.714010705087127
2017-02-05 08:00:00,5.102744,97.12579537778666,5.85938,89.29688,7.227320086014843
2017-02-05 09:00:00,6.0451303,84.97128827385713,6.32813,89.64844,6.87500460380159
2017-02-05 10:00:00,7.1834664,80.04350085142828,6.50391,64.6875,7.360281383512791
2017-02-05 11:00:00,7.1541076,79.34670711731472,6.79688,60.82031,8.029789770711814
2017-02-05 12:00:00,7.2782006,75.18701768866406,7.79297,55.19531,8.630201743099745
2017-02-05 13:00:00,7.603685,62.34786741662022,8.32031,49.21875,8.65399184993833
2017-02-05 14:00:00,7.655537,51.45081199913918,7.91016,41.13281,8.896116501004716
2017-02-05 15:00:00,7.4429255,48.05826339264362,10.72266,32.69531,9.098862027153816
2017-02-05 16:00:00,7.471134,42.699062505069634,10.42969,35.15625,9.196830712311368
2017-02-05 17:00:00,7.8690305,32.707582922379686,8.02734,41.13281,8.99335640883635
2017-02-05 18:00:00,7.823364,25.94726990520473,6.85547,41.48438,8.880864751816015
2017-02-05 19:00:00,7.6284986,21.857255861242976,5.97656,22.14844,8.717942030878916
2017-02-05 20:00:00,7.0176406,21.374709003852782,6.09375,24.60938,8.446959867510573
2017-02-05 21:00:00,6.7376547,20.84773421309771,3.57422,35.50781,7.898289194856676
2017-02-05 22:00:00,6.2523136,30.56215799846817,2.8125,2.10938,7.387451313004305
2017-02-05 23:00:00,5.5213733,34.30194338706397,3.92578,6.32813,7.1003912114029175
2017-02-06 00:00:00,4.887146,30.56623119112288,3.16406,23.90625,6.699100194530725
2017-02-06 01:00:00,4.484213,23.773175974952977,3.39844,49.57031,6.163875094580382
2017-02-06 02:00:00,4.5045743,17.20758089780591,1.81641,26.01563,5.453215816702243
2017-02-06 03:00:00,4.301338,14.529603868366252,3.22266,348.75,5.184713820218255
2017-02-06 04:00:00,3.9455028,11.854304492376656,2.8125,337.85156,4.938188165976997
2017-02-06 05:00:00,3.6982353,10.087182545264284,4.33594,346.28906,4.701582057827515
2017-02-06 06:00:00,3.3177197,11.042772361057471,5.09766,4.92188,4.313559935873662
2017-02-06 07:00:00,3.0883198,13.601742412801087,2.10938,359.29688,3.8821000674461734
2017-02-06 08:00:00,2.752213,31.04773039464197,1.34766,50.625,3.2634700980751585
2017-02-06 09:00:00,1.8609215,42.01314489513069,1.69922,2.8125,2.9241819502438324
2017-02-06 10:00:00,1.000407,156.00349711665874,2.22656,182.10938,2.749883376718726
2017-02-06 11:00:00,1.2788414,187.16472281711933,2.05078,247.5,2.8687864849346765
2017-02-06 12:00:00,1.5182087,210.0275104344965,1.99219,240.11719,2.869520162311715
2017-02-06 13:00:00,1.3797644,195.0727467143788,3.75,203.20313,3.170565111402505
2017-02-06 14:00:00,1.2303867,178.67357312263647,3.28125,241.52344,2.5100020490664106
2017-02-06 15:00:00,1.1916527,179.54299565982407,3.22266,256.99219,2.77442643422824
2017-02-06 16:00:00,2.0628927,133.33112317018345,1.52344,237.30469,3.26263727423062
2017-02-06 17:00:00,2.6253507,134.2473198036992,1.34766,155.74219,3.818123571577011
2017-02-06 18:00:00,3.35217,128.8719730595892,3.69141,137.46094,4.652438064707541
2017-02-06 19:00:00,4.70915,126.25131285805192,4.92188,135.0,5.3195548186670445
2017-02-06 20:00:00,5.3058643,129.51748455825907,6.67969,128.67188,6.128701509776222
2017-02-06 21:00:00,6.113552,131.72045795380808,6.50391,129.02344,7.376120672225026
2017-02-06 22:00:00,6.3405485,134.65199919714803,6.44531,137.46094,7.520682202466963
2017-02-06 23:00:00,6.8103423,133.09782172665712,6.26953,133.24219,7.630073318108421
2017-02-07 00:00:00,6.9005604,135.82998673630135,6.44531,128.67188,7.555263597606054
2017-02-07 01:00:00,6.8843155,136.3911201257327,7.14844,126.21094,7.356847467855665
2017-02-07 02:00:00,6.9825177,138.0809466240745,7.85156,126.21094,7.324742677262804
2017-02-07 04:00:00,6.790078,137.6477151251465,6.21094,135.35156,7.267950763082541
2017-02-07 05:00:00,6.583928,142.14284407567905,4.92188,145.89844,7.17984371286823
2017-02-07 06:00:00,6.2732625,143.63799741483166,5.97656,139.21875,7.197943451155583
2017-02-07 07:00:00,6.5410824,141.54007105896082,5.85938,134.64844,7.256946774306206
2017-02-07 08:00:00,6.8032246,141.61276677137002,6.32813,123.75,7.495888052609189
2017-02-07 09:00:00,6.7135916,144.9678932934869,6.5625,137.46094,7.41321841052357
2017-02-07 10:00:00,6.5555487,149.443189881762,6.44531,130.78125,7.377869790943552
2017-02-07 11:00:00,6.1684794,147.21203745904833,6.79688,124.10156,7.202675508691041
2017-02-07 12:00:00,5.667672,144.72422608882522,6.79688,123.39844,6.229509241936598
2017-02-07 13:00:00,5.062629,147.87101882852312,5.625,126.5625,4.689838500376955
2017-02-07 14:00:00,4.1961126,152.17696981023005,5.21484,123.04688,3.7470654335952625
2017-02-07 15:00:00,3.0039914,148.96880626865274,4.04297,121.28906,3.429802028973186
2017-02-07 16:00:00,2.2789133,136.87718518160713,3.39844,102.30469,3.746936404140105
2017-02-07 17:00:00,2.2791202,111.56606661497727,3.75,95.27344,4.064522075165951
2017-02-07 18:00:00,2.509161,101.82097747968636,3.22266,88.24219,4.095593685296829
2017-02-07 19:00:00,2.4821124,95.47821253724364,4.27734,93.16406,4.412602641635869
2017-02-07 20:00:00,2.8395915,85.1068417155609,5.80078,83.67188,4.299806621480047
2017-02-07 21:00:00,3.5040882,79.43251918361238,5.85938,84.72656,4.479241324796809
2017-02-07 22:00:00,3.9522831,66.6401963321146,5.50781,66.79688,5.407031926811315
2017-02-07 23:00:00,4.6563473,60.15709577815444,5.27344,63.98438,6.623532904362432
2017-02-08 00:00:00,5.522004,58.594404540343646,5.39063,61.17188,6.649590486034839
2017-02-08 01:00:00,5.8119993,55.703627312131815,5.15625,38.67188,6.857517847760526
2017-02-08 02:00:00,5.6875877,50.07715361277568,6.50391,24.60938,6.7426958805838675
2017-02-08 03:00:00,5.7601576,45.47051745766015,6.62109,52.38281,7.080142530841151
2017-02-08 04:00:00,5.8808527,40.22149201608363,5.68359,40.78125,7.207883857016081
2017-02-08 05:00:00,5.91368,35.1771174819298,7.32422,41.13281,7.360307975693777
2017-02-08 06:00:00,6.369063,35.993983361475586,7.26563,43.24219,7.475740916714427
2017-02-08 07:00:00,6.7209935,39.73849941511,7.32422,38.32031,7.7653004527426805
2017-02-08 08:00:00,6.926048,39.97570838421032,7.55859,37.96875,7.5795366715784045
2017-02-08 09:00:00,7.111465,40.78658392775228,7.20703,36.5625,7.531830966961042
2017-02-08 10:00:00,6.805134,41.95221435904045,7.44141,42.1875,7.465696756016757
2017-02-08 11:00:00,6.665703,41.15772871663296,7.5,37.96875,7.532055002566946
2017-02-08 12:00:00,6.601721,36.17245298884717,6.97266,33.75,7.515543557975324
2017-02-08 13:00:00,6.623537,35.51855969661469,7.26563,24.96094,7.6094675963863185
2017-02-08 14:00:00,6.872518,33.96144779778078,7.32422,28.47656,7.540357595913601
2017-02-08 15:00:00,6.9335985,32.73415272791675,6.97266,36.91406,7.704228018308294
2017-02-08 16:00:00,6.897948,34.52614696665404,7.55859,39.02344,7.892406925878601
2017-02-08 18:00:00,7.029248,42.756443324853336,8.32031,41.13281,7.840374190853072
2017-02-08 19:00:00,6.9309764,48.15592424915792,8.02734,47.8125,7.585156981819135
2017-02-08 20:00:00,6.7980356,49.92015220115235,8.4375,55.54688,7.647904238710874
2017-02-08 21:00:00,6.840015,49.99160300527197,8.78906,54.84375,7.687214367891766
2017-02-08 22:00:00,6.8170757,51.36012988713091,8.55469,59.41406,8.173947813602947
2017-02-08 23:00:00,7.2210054,51.93314425647219,8.49609,58.00781,8.46785607438628
2017-02-09 05:00:00,7.665369,68.47699042238338,8.08594,62.22656,8.726833718170383
2017-02-09 06:00:00,7.3259325,67.0898960463156,7.91016,69.25781,8.51202278188718
2017-02-09 07:00:00,7.1029086,67.86468820936993,7.91016,73.125,8.30842539945632
2017-02-09 08:00:00,7.0342865,69.5312287956524,6.85547,78.39844,8.272241677012197
2017-02-09 09:00:00,7.027439,70.76926974456208,6.44531,68.90625,8.397617073974827
2017-02-09 10:00:00,7.1895347,69.34434410745925,7.03125,83.32031,8.399201432592823
2017-02-09 11:00:00,7.1856775,69.89994116691021,6.26953,81.91406,8.051428810522925
2017-02-09 12:00:00,7.0488014,71.7743023757064,5.68359,71.71875,7.850660000074338
2017-02-09 13:00:00,6.782319,74.83751523335174,5.74219,80.15625,7.468964154418708
2017-02-09 14:00:00,6.4521275,75.73595383056953,5.80078,74.53125,7.310650720432113
2017-02-09 15:00:00,6.173224,72.26871040912842,5.91797,78.04688,7.448919085425757
2017-02-09 16:00:00,6.3772345,72.0194164967865,7.38281,87.53906,7.959108410845496
2017-02-09 17:00:00,6.904663,77.77004190040964,7.08984,78.75,8.536118878123284
2017-02-09 18:00:00,7.3665576,83.21697974852985,7.26563,89.64844,8.92676350496071
2017-02-09 19:00:00,7.334623,84.34665620881728,7.96875,85.42969,9.32616430115509
2017-02-09 20:00:00,7.3519917,83.28716545593909,7.73438,81.21094,9.49665152258018
2017-02-09 21:00:00,7.6022525,83.7953083018211,7.85156,88.94531,9.318250326039278
2017-02-09 22:00:00,7.3273015,82.48580734613623,8.20313,90.0,9.004730993462507
2017-02-09 23:00:00,7.124967,82.64053576354486,7.67578,89.29688,8.204501031928787
2017-02-10 00:00:00,6.928616,82.16320034738675,7.44141,81.5625,7.821302015000495
2017-02-10 01:00:00,6.8109217,78.00030522965514,6.67969,77.69531,7.442485443627479
2017-02-10 02:00:00,7.002995,76.78323982111765,6.91406,78.39844,7.371948987082529
2017-02-10 03:00:00,7.1901813,74.7811431192432,7.73438,72.42188,7.703983404898092
2017-02-10 04:00:00,7.3096128,75.79565615165332,6.97266,71.36719,8.026183942490436
2017-02-10 05:00:00,7.7342415,75.9361801116804,7.91016,74.53125,8.368210749778783
2017-02-10 06:00:00,8.199915,74.71383882888794,7.85156,79.80469,8.813923052333134
2017-02-10 07:00:00,8.281197,79.27400065821466,8.02734,76.28906,9.094941904210474
2017-02-10 08:00:00,7.716085,81.98204194265168,8.32031,78.39844,9.012188158977095
2017-02-10 09:00:00,6.841344,75.18721399282427,7.61719,72.77344,8.797796433013277
2017-02-10 10:00:00,6.750947,66.91271990387716,7.44141,69.25781,7.821506598363013
2017-02-10 11:00:00,6.480901,59.42571255670565,6.79688,70.66406,7.448949250117751
2017-02-10 12:00:00,6.4013553,53.17449449971542,7.20703,55.19531,7.231410880546507
2017-02-10 13:00:00,6.2815285,50.85669920147467,6.5625,50.97656,6.496823115429669
2017-02-10 14:00:00,5.9114175,49.389748384916544,6.09375,57.30469,6.4797871480508045
2017-02-10 15:00:00,5.404417,46.7735984712036,5.85938,49.92188,6.3554630847154785
2017-02-10 16:00:00,5.0492387,46.76349591302315,5.74219,51.32813,6.2364110254319725
2017-02-10 17:00:00,4.7859473,52.06113977070386,5.15625,69.60938,6.284925131134751
2017-02-10 18:00:00,4.70123,59.62645426480319,3.75,50.27344,6.760168830507041
2017-02-10 19:00:00,4.854782,71.79673738521808,3.22266,70.66406,6.814017021342587
2017-02-10 20:00:00,4.8065505,82.0996106161684,6.03516,103.00781,6.637967211149314
2017-02-10 21:00:00,4.8204613,82.79541662135347,5.50781,105.46875,5.978044088073953
2017-02-10 22:00:00,3.9925234,80.55075441660475,5.27344,81.5625,6.188162441584197
2017-02-10 23:00:00,4.4801,80.24634279134645,4.80469,87.53906,6.1579139069487985
2017-02-11 00:00:00,5.0986934,88.30615681599569,5.21484,85.42969,6.1429966820593735
2017-02-11 01:00:00,5.2404375,89.10251489325316,5.91797,73.125,5.873190519550016
2017-02-11 02:00:00,5.423099,88.19816434903939,5.15625,72.77344,5.891847397714077
2017-02-11 03:00:00,5.7761245,88.89705449214276,5.33203,69.96094,5.764584949254301
2017-02-11 04:00:00,6.10404,87.23152116222752,6.50391,76.64063,5.808440015127185
2017-02-11 05:00:00,6.087694,78.6160493376993,6.50391,76.99219,6.704353268887267
2017-02-11 06:00:00,6.135749,66.56664097233293,6.38672,71.01563,7.129402518417922
2017-02-11 07:00:00,6.5609145,57.61546822358656,6.79688,81.21094,7.900807598818481
2017-02-11 08:00:00,7.543501,55.74647424105663,7.32422,79.45313,8.761135485195908
2017-02-11 09:00:00,8.192306,58.56824177573267,7.5,62.57813,9.037046233478565
2017-02-11 10:00:00,8.372134,55.04259613533074,9.25781,61.875,9.438363485373962
2017-02-11 11:00:00,8.334813,52.480465259577386,9.02344,67.5,9.292629384103291
2017-02-11 12:00:00,8.193461,52.10942833587124,7.91016,63.63281,9.160713025312578
2017-02-11 13:00:00,7.8227224,53.03216501765172,6.91406,54.49219,9.203388363752948
2017-02-11 14:00:00,7.4839096,55.46385804605767,6.50391,45.0,9.181545608232085
2017-02-11 15:00:00,7.3620005,60.00814515958113,6.21094,57.65625,9.070215101951051
2017-02-11 16:00:00,7.3075843,70.62836130544096,6.44531,67.5,8.953443922151864
2017-02-11 17:00:00,7.3350058,82.58381139094936,5.97656,65.74219,8.696443267952947
2017-02-11 18:00:00,7.19618,91.14145218104272,6.67969,77.34375,8.735164734241422
2017-02-11 19:00:00,6.856084,92.44092060308574,8.14453,88.24219,8.627203035076223
2017-02-11 20:00:00,6.434019,83.56966878469613,6.91406,81.21094,8.213565427551275
2017-02-11 21:00:00,6.505129,76.18621172965649,8.14453,85.42969,8.027181604782605
2017-02-11 22:00:00,5.628406,76.69936291735388,7.32422,80.50781,7.376812667848585
2017-02-11 23:00:00,6.248462,65.6396811778353,6.67969,72.77344,7.42434106399498
2017-02-12 00:00:00,7.3607273,63.00051411480485,7.96875,68.55469,7.625566556157632
2017-02-12 01:00:00,7.198922,67.2485507208279,7.73438,71.36719,7.716402867668093
2017-02-12 02:00:00,6.304858,75.59009016499496,7.32422,68.20313,7.47968875430737
2017-02-12 03:00:00,6.232635,81.59186200410478,6.62109,88.59375,6.974770486131304
2017-02-12 04:00:00,6.540555,90.3066911255539,6.09375,104.0625,6.616645145064482
2017-02-12 05:00:00,6.376546,98.34377438046631,6.15234,92.8125,6.569682059689892
2017-02-12 06:00:00,6.2041435,102.37044054855102,6.67969,94.57031,6.675170921504562
2017-02-12 07:00:00,6.2608385,103.39109254316452,6.5625,94.21875,7.10676851307511
2017-02-12 08:00:00,6.7227693,104.8301440453774,7.96875,91.05469,7.77093309762329
2017-02-12 09:00:00,6.955683,106.89045468435152,7.44141,106.52344,8.483667923139887
2017-02-12 10:00:00,7.3046536,95.84521842632476,8.26172,106.875,9.543152229269804
2017-02-12 11:00:00,8.134801,93.28830073121776,8.90625,103.35938,9.772258748910982
2017-02-12 12:00:00,8.93771,93.22787808323336,10.01953,97.38281,10.344688412855271
2017-02-12 13:00:00,9.1742525,91.40782139908904,11.07422,83.32031,10.822681195777646
2017-02-12 14:00:00,9.255734,90.27715636126278,11.48438,90.0,10.955188730513894
2017-02-12 15:00:00,9.29808,91.46142596245552,11.48438,91.05469,11.027354644515897
2017-02-12 16:00:00,9.847635,88.03088255036839,10.25391,81.21094,11.357235813963364
2017-02-12 17:00:00,9.959199,85.19866103242005,12.12891,78.39844,11.492093909202481
2017-02-12 18:00:00,9.818832,83.32858982453988,12.12891,78.04688,11.32827227881322
2017-02-12 19:00:00,10.137945,85.82984256222954,12.1875,85.07813,11.205372743813887
2017-02-12 20:00:00,10.1521435,89.49263599887793,12.48047,86.83594,10.994128486278589
2017-02-12 21:00:00,9.741761,93.77954649317373,12.65625,91.05469,10.898184872554792
2017-02-12 22:00:00,9.315212,90.44431225079084,11.71875,94.21875,10.637494429949356
2017-02-12 23:00:00,9.777917,88.57199223716036,12.59766,93.51563,10.675170184687772
2017-02-13 00:00:00,10.049103,89.39562691806054,13.88672,88.59375,10.678599598618735
2017-02-13 01:00:00,9.985253,91.80488621662434,12.89063,89.29688,10.745565439896907
2017-02-13 02:00:00,9.896005,91.5383636254426,13.41797,86.83594,10.663048083719072
2017-02-13 03:00:00,10.124341,90.98837466840318,13.125,84.375,11.028990379108176
2017-02-13 04:00:00,10.336392,94.0826634276352,14.29688,80.15625,11.185946400340857
2017-02-13 06:00:00,10.326077,94.13007237047994,14.29688,76.99219,11.166048789069372
2017-02-13 07:00:00,10.704916,93.93334441174495,14.00391,80.85938,11.323418826704795
2017-02-13 08:00:00,10.756357,95.17115972564176,12.89063,90.0,11.340241240208481
2017-02-13 09:00:00,10.3644495,97.10305095105304,13.53516,85.07813,10.966164297114956
2017-02-13 10:00:00,10.148155,92.3859571740018,11.83594,90.70313,10.716817640919441
2017-02-13 11:00:00,10.026972,91.16684806427422,11.89453,86.48438,10.56533722608517
2017-02-13 12:00:00,9.823839,92.3199643188689,12.24609,88.59375,10.642479861411593
2017-02-13 13:00:00,9.198774,91.65822654895597,11.36719,91.40625,10.923297106583203
2017-02-13 14:00:00,9.74737,87.66798157343628,12.59766,85.42969,10.997950128891878
2017-02-13 15:00:00,10.232572,88.48108931023967,12.07031,80.85938,11.277817380873552
2017-02-13 16:00:00,10.600673,92.42672587708203,12.53906,81.5625,11.687220978886177
2017-02-13 17:00:00,11.222545,96.881244469743,12.24609,79.45313,11.935447679305728
2017-02-13 18:00:00,11.209732,100.19898798149248,12.12891,83.32031,11.703370506360988
2017-02-13 19:00:00,11.084454,104.48147269301496,11.95313,89.29688,11.573880149736699
2017-02-13 20:00:00,10.891351,107.24210008068697,13.59375,94.21875,11.587102054261411
2017-02-13 21:00:00,10.18089,107.1620874571152,12.89063,97.38281,11.46745399645515
2017-02-13 22:00:00,10.354372,103.53163024795109,12.12891,99.14063,11.154496614765055
2017-02-13 23:00:00,10.082913,104.06016047003642,12.71484,93.16406,10.958603221611211
2017-02-14 00:00:00,9.96468,102.22554123461434,13.18359,98.78906,10.895380185958011
2017-02-14 01:00:00,10.206382,101.4289745787325,11.71875,99.84375,10.718878697589819
2017-02-14 02:00:00,10.140319,105.56672515894137,11.19141,107.92969,10.677716081929072
2017-02-14 03:00:00,10.030407,108.94569097330395,11.48438,108.98438,10.663934151086975
2017-02-14 04:00:00,10.161935,110.2537004447096,12.07031,105.82031,10.802775770912548
2017-02-14 05:00:00,9.862426,114.74630332239111,11.48438,98.08594,10.506264468223717
2017-02-14 06:00:00,9.4593,121.19630760736491,11.42578,103.00781,10.289313366882308
2017-02-14 07:00:00,8.835623,126.2412788421631,10.54688,105.11719,10.017364997084488
2017-02-14 08:00:00,8.336843,128.59917555120296,10.3125,111.44531,9.501775330716374
2017-02-14 09:00:00,7.767803,130.92086426732868,8.49609,117.07031,8.992831786806994
2017-02-14 10:00:00,6.8356876,131.64934951112,6.03516,129.02344,8.760999118410155
2017-02-14 11:00:00,6.295929,128.03280317907345,6.67969,117.77344,8.1490988043257
2017-02-14 12:00:00,6.3283033,123.93250270721327,5.74219,125.50781,7.961039237619876
2017-02-14 13:00:00,6.417393,123.25872169488548,5.15625,118.47656,7.695642905538838
2017-02-14 14:00:00,6.411704,126.18468044602832,4.80469,132.89063,7.242899642865608
2017-02-14 15:00:00,6.5113974,128.48715638696288,6.26953,118.47656,6.9268081842841
2017-02-14 16:00:00,6.927209,125.6227559971131,9.84375,112.5,7.306277720475879
2017-02-14 17:00:00,7.215457,125.68074101807936,7.67578,117.77344,8.049583385133372
2017-02-14 18:00:00,7.219445,130.1986016725001,7.96875,109.6875,8.261168862387974
2017-02-14 19:00:00,6.991362,136.8742572769209,9.43359,113.55469,8.38510119927086
2017-02-14 20:00:00,6.938678,140.43855738988964,8.26172,123.75,7.601298953176338
2017-02-14 21:00:00,6.9298816,144.31443048752598,9.08203,134.64844,7.446163326458874
2017-02-14 22:00:00,7.2128983,148.12287480925008,8.55469,137.8125,7.300268887589572
2017-02-14 23:00:00,7.071517,156.31110557865514,8.73047,140.97656,7.217280568477008
2017-02-15 00:00:00,7.068776,163.45554111864942,7.73438,152.92969,7.139995259618497
2017-02-15 01:00:00,7.0063486,167.22343131545213,6.91406,164.88281,7.268242022992797
2017-02-15 02:00:00,6.9151535,169.66014959597018,5.50781,169.10156,7.224573523297328
2017-02-15 03:00:00,6.6640873,170.60680211979394,7.73438,170.15625,7.065064297675064
2017-02-15 04:00:00,6.404118,168.70885168322764,7.08984,175.78125,6.980632462960527
2017-02-15 05:00:00,6.3723836,166.09067783237563,7.26563,168.04688,6.964903544698056
2017-02-15 06:00:00,6.406952,164.63791783340446,6.21094,156.44531,7.121966152612128
2017-02-15 07:00:00,6.6810746,169.62888098639053,7.91016,157.5,7.25089813446381
2017-02-15 08:00:00,6.9504232,174.15386231100254,4.62891,162.42188,7.222505524214245
2017-02-15 09:00:00,7.0115542,174.36434606598326,9.02344,158.90625,7.347265356259704
2017-02-15 10:00:00,6.251536,164.50941244714932,8.4375,167.34375,7.412092457931285
2017-02-15 11:00:00,6.631112,169.23991427893284,6.62109,166.99219,7.5049596802391765
2017-02-15 12:00:00,6.678542,173.0157358134905,7.32422,178.24219,7.345999277556501
2017-02-15 13:00:00,6.641164,174.79674049186434,7.32422,174.375,7.7707234461387875
2017-02-15 14:00:00,6.580846,174.4657763654944,6.26953,180.0,7.9099593962641475
2017-02-15 15:00:00,6.5357313,180.2699229391584,4.92188,189.49219,7.927771121367353
2017-02-15 16:00:00,6.908704,201.98074030961044,5.50781,196.875,8.486978990331036
2017-02-15 17:00:00,7.1540833,213.97776028741464,5.68359,209.88281,9.159221074630468
2017-02-15 18:00:00,7.388169,212.92658761868623,7.26563,215.85938,9.614198203343726
2017-02-15 19:00:00,8.449627,214.46836301767053,8.90625,214.10156,10.254501358639436
2017-02-15 20:00:00,9.232874,218.77326550945935,10.83984,219.02344,10.978347421004685
2017-02-15 21:00:00,9.493812,224.1201357484944,10.89844,222.1875,11.30031838821295
2017-02-15 22:00:00,9.258008,228.71801691779177,8.20313,222.1875,10.959350675966094
2017-02-15 23:00:00,8.767981,232.94680675825308,7.73438,223.59375,10.330881710055111
2017-02-16 00:00:00,8.384768,234.1011622035445,9.19922,219.72656,9.907496677812144
2017-02-16 01:00:00,8.146383,228.1518731167382,9.31641,236.25,9.527080061106798
2017-02-16 02:00:00,8.168468,228.91265260951064,9.02344,236.60156,9.031351486610049
2017-02-16 03:00:00,8.182673,232.92892921695784,10.83984,233.08594,8.844180869546411
2017-02-16 04:00:00,7.945834,234.7188021319047,10.07813,238.71094,8.710759878514144
2017-02-16 05:00:00,7.4860387,234.02449470656532,9.66797,238.71094,8.413361339064782
2017-02-16 07:00:00,7.4517045,233.85929570961676,8.37891,225.35156,8.455831995499835
2017-02-16 08:00:00,7.4369392,235.703340654528,6.97266,216.5625,7.814685235865917
2017-02-16 09:00:00,7.446005,236.0350776512634,6.21094,209.17969,7.344709938121559
2017-02-16 10:00:00,6.6529236,237.28227861761,8.90625,232.03125,7.331885730254078
2017-02-16 11:00:00,6.80465,241.39992328504843,9.96094,237.65625,7.512066537156403
2017-02-16 12:00:00,6.8771906,245.75822785198272,7.73438,245.74219,7.418955339816617
2017-02-16 13:00:00,6.6753526,246.6680620855705,7.79297,262.61719,7.625154434498671
2017-02-16 14:00:00,6.3189216,245.0771406082922,6.67969,251.36719,8.09329955844441
2017-02-16 15:00:00,6.187217,244.37597568926788,8.26172,235.89844,8.044702811404752
2017-02-16 16:00:00,6.090869,241.13281015567765,8.90625,235.54688,8.123420426116732
2017-02-16 17:00:00,6.4105597,243.07869651239685,9.375,234.84375,8.278256266816461
2017-02-16 19:00:00,7.1864986,245.47247530103408,9.08203,235.89844,8.533709158142484
2017-02-16 20:00:00,7.5993733,246.37247574189703,9.90234,233.4375,8.915467158871126
2017-02-16 21:00:00,7.858756,247.79546480629503,8.61328,233.08594,8.901312810394572
2017-02-16 22:00:00,8.503731,255.02659882348885,8.90625,244.6875,9.139714911781116
2017-02-16 23:00:00,7.9004717,258.5998431879217,8.02734,248.55469,9.297003745606133
2017-02-17 00:00:00,8.201314,261.99875594158766,7.67578,244.33594,9.128064464110627
2017-02-17 01:00:00,8.559057,267.6941822546386,10.01953,276.32813,9.064742390700612
2017-02-17 02:00:00,8.38845,273.1065747776865,10.13672,283.71094,9.061492060278997
2017-02-17 03:00:00,8.266775,274.3859446937104,10.01953,274.21875,8.896782272451025
2017-02-17 04:00:00,8.013949,275.7972221449853,9.96094,274.57031,8.793774019689929
2017-02-17 05:00:00,7.831258,276.43672433422,10.07813,274.92188,8.923990293789055
2017-02-17 06:00:00,7.643794,279.04789663332025,9.84375,271.75781,8.600822616625846
2017-02-17 07:00:00,7.5294027,285.83478133912297,8.49609,279.49219,8.544909121913058
2017-02-17 08:00:00,7.232765,293.08897578105245,8.67188,285.82031,8.275212750596292
2017-02-17 09:00:00,6.963922,299.1938209493698,7.91016,282.65625,7.557516981686975
2017-02-17 10:00:00,5.9191704,302.06810325139696,6.91406,300.23438,7.169543503805115
2017-02-17 11:00:00,5.6081877,300.86968410634955,6.62109,314.64844,6.371350695335499
2017-02-17 12:00:00,5.162932,302.163581962377,5.74219,298.82813,5.849192985004567
2017-02-17 13:00:00,4.4871607,299.7537197286202,5.39063,293.90625,5.184151599596161
2017-02-17 14:00:00,3.7927883,294.99036441931264,4.98047,298.125,4.325210203317618
2017-02-17 15:00:00,3.2448273,289.70452361218906,3.57422,278.78906,3.7786052202391858
2017-02-17 16:00:00,2.8972957,283.7546023333824,4.21875,279.49219,3.6100827357482337
2017-02-17 17:00:00,2.3704777,282.11015843221253,3.28125,287.57813,3.664294100672839
2017-02-17 18:00:00,1.474162,284.06342022524905,3.45703,261.21094,3.6620146690733675
2017-02-17 19:00:00,0.61259097,262.8794072276319,1.46484,277.73438,3.37178302078043
2017-02-17 20:00:00,0.89397264,180.14725483939532,1.81641,190.54688,3.376525084643539
2017-02-17 21:00:00,1.8995322,173.96500072255387,2.75391,219.375,3.4916498610335114
2017-02-17 22:00:00,2.2298667,187.9600420355586,3.39844,222.1875,3.258826183051504
2017-02-17 23:00:00,2.3449523,188.74208897797783,2.63672,213.04688,3.580485156804472
2017-02-18 00:00:00,2.525602,182.73049583119283,3.80859,208.125,3.3812396388690016
2017-02-18 01:00:00,2.7349894,174.37992159776724,3.92578,201.79688,3.852114981770985
2017-02-18 02:00:00,2.8785746,174.43618671300314,4.86328,210.23438,3.647497836664371
2017-02-18 03:00:00,3.0946743,174.69064262532805,4.33594,211.99219,3.6471557424522905
2017-02-18 04:00:00,3.5398383,178.7218464734403,4.98047,215.50781,4.0334067128733935
2017-02-18 05:00:00,4.0258026,185.83827437087504,4.6875,206.71875,4.398129894299544
2017-02-18 07:00:00,4.5030007,191.45426275209067,3.57422,200.39063,5.011551927060819
2017-02-18 08:00:00,4.7344794,195.744860034466,5.15625,198.63281,5.4419685020946265
2017-02-18 09:00:00,4.8528852,199.13396356213275,4.04297,187.38281,5.896233474193905
2017-02-18 10:00:00,5.2729726,203.60506747601755,3.98438,182.46094,5.912628629896568
2017-02-18 11:00:00,4.915814,204.8573596554699,3.98438,177.53906,5.844999524947201
2017-02-18 12:00:00,5.004178,200.69203018999556,5.21484,167.34375,5.7339013262063485
2017-02-18 13:00:00,5.426589,200.24060616765308,5.50781,191.60156,5.778208888454709
2017-02-18 14:00:00,5.392609,200.68246607019705,3.39844,191.95313,5.98057602085768
2017-02-18 15:00:00,5.343176,200.27004629016704,5.50781,192.30469,6.155596739416005
2017-02-18 18:00:00,4.8686466,200.79378759061424,5.74219,222.1875,6.582314679821581
2017-02-18 19:00:00,5.359264,199.7080247652337,6.15234,208.125,7.456626919018242
2017-02-18 20:00:00,6.0223393,200.62335230404165,5.21484,222.89063,7.7672225040953276
2017-02-18 21:00:00,6.6063967,204.6408452513977,5.625,225.70313,8.271570789417458
2017-02-18 22:00:00,7.6622195,212.0186065733949,8.02734,199.6875,8.944771298787595
2017-02-18 23:00:00,8.129603,217.2816302856162,9.14063,202.5,9.292178579496152
2017-02-19 00:00:00,8.368106,221.95911189248463,9.25781,205.3125,9.56400091386173
2017-02-19 01:00:00,8.708696,222.24756572336992,9.25781,211.28906,9.567673408375619
2017-02-19 02:00:00,9.030256,223.50234700618927,7.61719,221.13281,9.47905450026939
2017-02-19 03:00:00,8.977902,227.4501765331486,8.14453,229.57031,9.966972925076636
2017-02-19 04:00:00,8.73608,234.51540962650756,6.62109,220.07813,9.862705083292308
2017-02-19 06:00:00,8.7272625,237.04572726654095,11.60156,227.10938,9.562098012105166
2017-02-19 07:00:00,8.723886,241.6532468021472,11.95313,232.73438,9.554592078241146
2017-02-19 08:00:00,8.421789,247.46339151179103,10.13672,232.38281,9.429217423339662
2017-02-19 09:00:00,8.020853,254.97328791703407,8.90625,241.17188,9.338146486396905
2017-02-19 10:00:00,7.4763803,263.47363116554783,7.32422,251.01563,8.809191978742637
2017-02-19 11:00:00,7.1666307,270.11173283294954,7.67578,261.21094,7.7757673694469585
2017-02-19 12:00:00,6.907071,274.1142243745516,6.79688,266.13281,7.403660430785569
2017-02-19 13:00:00,6.645402,271.9358919585624,6.79688,265.42969,7.359526041166558
2017-02-19 14:00:00,6.6974506,268.2571399980159,5.91797,266.48438,7.697727515981107
2017-02-19 15:00:00,6.671985,264.3397320441188,6.85547,271.75781,7.682325354000786
2017-02-19 16:00:00,6.7700896,257.6550652183602,6.67969,260.50781,7.901526774115314
2017-02-19 17:00:00,6.8859034,252.65266503840533,6.38672,253.125,8.180546151895673
2017-02-19 18:00:00,7.041502,252.3164720576978,6.91406,256.28906,7.979032923149318
2017-02-19 19:00:00,6.864767,248.88914519069988,7.26563,246.79688,8.269628212373341
2017-02-19 20:00:00,6.954187,246.56651127224987,7.5,254.17969,8.568386526434693
2017-02-19 21:00:00,6.856847,242.34964610388533,7.03125,230.97656,8.414850406717125
2017-02-19 22:00:00,6.7213216,234.12073202036535,6.79688,204.25781,8.383346513415361
2017-02-19 23:00:00,7.1335483,233.12264796944092,6.73828,215.50781,8.277195147529422
2017-02-20 00:00:00,7.4846606,230.6134253796654,8.37891,226.75781,8.694226147468523
2017-02-20 01:00:00,8.00206,229.79778744633143,6.62109,229.92188,8.86487833489228
2017-02-20 02:00:00,8.51501,232.57121188567976,9.14063,240.11719,8.777923277014944
2017-02-20 03:00:00,8.406575,237.86690681479843,9.55078,239.0625,8.934647305381091
2017-02-20 04:00:00,8.20019,239.7608176066004,9.19922,247.5,9.06699579070046
2017-02-20 05:00:00,8.277139,238.9023972833943,11.25,238.71094,9.018405226444072
2017-02-20 06:00:00,8.610044,239.1233870495775,10.95703,234.84375,9.322627225398971
2017-02-20 07:00:00,8.813307,238.76637127536264,11.07422,232.73438,9.815224303522957
2017-02-20 08:00:00,8.99256,240.63569352766467,11.30859,239.76563,9.998853902039137
2017-02-20 09:00:00,9.208059,244.23544491819695,11.13281,240.82031,10.025056591130179
2017-02-20 10:00:00,8.784386,249.2642265192493,10.60547,241.875,10.397113189373043
2017-02-20 11:00:00,8.938441,247.2455370746319,11.36719,232.73438,10.369909581386882
2017-02-20 12:00:00,8.984262,245.6446733449096,12.94922,235.19531,10.496844567400618
2017-02-20 13:00:00,9.121644,244.54822076501077,11.54297,239.0625,11.00448080561495
2017-02-20 14:00:00,9.603771,246.54471416411008,11.42578,246.09375,11.206997339233185
2017-02-20 15:00:00,9.916612,250.46195924394732,11.77734,244.6875,11.604425241125957
2017-02-20 16:00:00,10.005472,250.15902433245293,12.01172,243.63281,11.879039122062762
2017-02-20 17:00:00,10.181625,251.47910372652652,11.19141,241.52344,12.059105831684727
2017-02-20 18:00:00,10.322999,254.81073527013535,12.48047,243.28125,12.365278671650994
2017-02-20 19:00:00,10.488604,258.31466975140575,12.1875,246.79688,12.609208620937277
2017-02-20 20:00:00,10.413298,260.5031494158573,11.48438,240.46875,12.047324618542001
2017-02-20 21:00:00,10.200615,261.9715953262647,11.42578,244.6875,11.320196126175569
2017-02-20 22:00:00,9.684801,270.8174997365836,9.55078,247.14844,10.330558782342388
2017-02-20 23:00:00,8.65826,275.1596059761082,9.66797,255.23438,9.518208475887958
2017-02-21 00:00:00,7.756804,276.20897277781944,8.96484,251.71875,9.290842758954284
2017-02-21 01:00:00,7.4958797,269.7063591832522,9.55078,262.26563,9.024982919366757
2017-02-21 02:00:00,7.952724,262.48208521301774,11.13281,270.70313,8.872917961341761
2017-02-21 03:00:00,8.790181,265.26239955555747,9.96094,267.53906,9.020681362536202
2017-02-21 04:00:00,8.616987,266.9446753261097,8.61328,258.75,9.245789830687967
2017-02-21 05:00:00,8.758442,272.5909740908096,8.84766,261.21094,9.407606026136667
2017-02-21 06:00:00,8.321193,273.56424958860526,9.19922,272.10938,8.944489986022191
2017-02-21 07:00:00,7.8284955,272.2845277103737,9.96094,270.35156,8.77382036542378
2017-02-21 08:00:00,7.4776726,271.4683978066896,9.375,265.07813,8.506926432758425
2017-02-21 09:00:00,7.085943,270.86152133861845,9.02344,268.59375,7.217544347322267
2017-02-21 10:00:00,5.7740874,273.5378503174088,7.61719,267.1875,6.713328861274677
2017-02-21 11:00:00,5.3100305,265.7015798019032,6.03516,251.71875,6.611429312150271
2017-02-21 12:00:00,5.3629837,255.6733755261696,6.09375,236.95313,6.676118238623464
2017-02-21 13:00:00,5.4706836,248.4778830611091,6.5625,234.14063,7.097795959314818
2017-02-21 14:00:00,5.7306533,239.96368059346688,8.14453,227.8125,7.644439444435492
2017-02-21 15:00:00,6.1927257,227.129521567458,8.61328,232.38281,8.277017471036915
2017-02-21 16:00:00,7.2117176,216.51836205687275,6.62109,229.57031,9.248329052038148
2017-02-21 17:00:00,8.399448,216.047070832854,8.96484,227.10938,10.139241944094028
2017-02-21 18:00:00,9.309984,221.83046124734145,10.54688,215.85938,11.193713363717922
2017-02-21 19:00:00,10.035205,229.72859023256183,10.95703,223.59375,12.4810262434081
2017-02-21 20:00:00,10.987285,235.1238193942617,13.53516,227.10938,13.58182852906431
2017-02-21 21:00:00,11.775621,238.30881502918555,14.82422,223.59375,13.547582501394974
2017-02-21 22:00:00,12.192463,237.5199035771651,16.28906,223.59375,13.42309913975682
2017-02-21 23:00:00,13.198291,236.357546606217,15.87891,227.8125,15.124584062301492
2017-02-22 00:00:00,13.714479,237.5972882476869,16.64063,228.86719,15.436231831119755
2017-02-22 01:00:00,13.739457,239.6249912462638,16.23047,229.57031,15.629215183362117
2017-02-22 02:00:00,13.435748,240.11902737535,18.10547,228.51563,15.443993822581886
2017-02-22 03:00:00,13.516114,240.2589627696144,16.64063,234.84375,15.293389251219395
2017-02-22 04:00:00,13.649297,243.6896850357345,14.58984,236.25,14.862011372097319
2017-02-22 05:00:00,13.300008,248.0798934184508,13.76953,242.22656,14.765596570539083
2017-02-22 07:00:00,12.678728,251.48642319254284,13.53516,246.09375,14.666501085535717
2017-02-22 08:00:00,12.578725,248.07844510650835,13.65234,237.30469,14.313207156255018
2017-02-22 09:00:00,12.833864,244.81088172520896,14.53125,233.78906,14.157182355946391
2017-02-22 10:00:00,12.501121,244.1194332081183,15.29297,237.30469,14.774399154965582
2017-02-22 11:00:00,13.194431,239.2050689279349,15.82031,228.51563,15.098753581976247
2017-02-22 12:00:00,13.76017,239.1292169010728,15.0,233.4375,15.309298320284377
2017-02-22 13:00:00,13.755896,241.57177845118932,16.64063,237.65625,15.378319541582357
2017-02-22 14:00:00,13.422847,245.23442930264,16.64063,230.625,14.779223032304516
2017-02-22 15:00:00,12.249433,247.849065657368,16.40625,237.30469,14.442577916542744
2017-02-22 16:00:00,11.730498,248.3201081604764,8.78906,278.4375,14.009696104734376
2017-02-22 17:00:00,11.632695,251.90687835507896,8.37891,268.59375,13.636954883100795
2017-02-22 18:00:00,11.268005,250.35476290647307,7.85156,285.11719,13.431762731878917
2017-02-22 19:00:00,11.204535,248.62448267882672,10.19531,270.70313,13.512185459681174
2017-02-22 20:00:00,11.419065,247.61928147460952,13.94531,248.55469,13.579545522499272
2017-02-22 21:00:00,12.000648,248.4450158860517,13.24219,239.0625,13.27962815772461
2017-02-22 22:00:00,10.713197,253.2400488665149,14.17969,239.0625,13.146788180038357
2017-02-22 23:00:00,10.386945,246.10679444178976,13.18359,237.65625,13.012617828178868
2017-02-23 00:00:00,11.850552,241.5354032578404,13.47656,233.08594,12.804701004813271
2017-02-23 01:00:00,12.813386,236.9614314715125,15.0,234.84375,13.532973271581916
2017-02-23 02:00:00,13.233736,233.6426204082874,15.9375,227.46094,14.955982060548019
2017-02-23 03:00:00,13.351348,233.0265048172384,15.46875,226.40625,15.244685781195692
2017-02-23 04:00:00,13.34717,231.3472230225808,15.64453,226.75781,14.954146989633717
2017-02-23 05:00:00,13.39304,227.48932323734024,16.69922,228.86719,14.537971250063098
2017-02-23 06:00:00,13.733895,225.18041597480504,18.10547,227.10938,14.534273776899852
2017-02-23 07:00:00,13.970453,219.17495139843768,16.64063,209.17969,14.674721771740042
2017-02-23 08:00:00,14.597778,214.29213617308375,17.92969,216.21094,14.782274946044778
2017-02-23 09:00:00,15.598696,216.2263972141444,19.62891,214.80469,15.878938610635958
2017-02-23 10:00:00,16.007715,217.67072741600256,20.80078,209.17969,16.483894451256194
2017-02-23 11:00:00,16.369099,231.17263147806813,21.32813,227.10938,16.725594667400483
2017-02-23 12:00:00,16.058493,238.7395488364941,15.87891,243.63281,16.536162590295433
2017-02-23 13:00:00,17.74772,240.53590767287253,21.15234,242.57813,16.904185984806617
2017-02-23 14:00:00,19.451532,247.4077312938178,21.79688,251.71875,16.976128422627973
2017-02-23 15:00:00,18.867445,254.01074285726557,21.85547,255.9375,16.245202892648365
2017-02-23 16:00:00,19.226662,258.90105520994484,21.09375,261.5625,15.827660117467488
2017-02-23 17:00:00,19.448038,263.24616986203915,23.78906,263.67188,15.498078929904109
2017-02-23 18:00:00,18.987627,269.7174629195762,21.5625,285.11719,15.781662320945724
2017-02-23 19:00:00,18.83302,277.27314203617607,22.44141,297.07031,16.10024724370707
2017-02-23 20:00:00,18.420874,286.3703915823256,24.375,300.58594,16.14766264190638
2017-02-23 21:00:00,17.284863,299.72082739116496,18.04688,316.40625,16.167516019433315
2017-02-23 22:00:00,14.478872,314.61752196681823,15.11719,313.24219,15.671631517913335
2017-02-23 23:00:00,13.375308,309.4275235183885,14.82422,304.45313,15.150367215430519
2017-02-24 00:00:00,13.136305,302.1362637758501,14.76563,304.45313,14.480060771748102
2017-02-24 01:00:00,12.522551,299.1867995990063,13.41797,302.69531,13.024992181412347
2017-02-24 02:00:00,11.758808,302.1792628684478,12.59766,310.07813,12.185003203494832
2017-02-24 03:00:00,10.778005,305.15442819203884,11.25,311.83594,10.697924803945735
2017-02-24 04:00:00,9.658904,305.8035526042374,10.01953,314.64844,10.066482109856063
2017-02-24 05:00:00,8.853857,304.7781625842451,10.07813,320.27344,9.659834577407585
2017-02-24 06:00:00,8.323415,304.0022130455805,8.20313,307.26563,9.142474508746204
2017-02-24 07:00:00,7.997146,304.9823209986157,7.91016,312.89063,8.72513879502352
2017-02-24 08:00:00,7.6853414,308.0922929863618,7.73438,312.89063,8.182100959062568
2017-02-24 09:00:00,7.0064974,310.8470878222429,8.26172,327.30469,7.6635336875747395
2017-02-24 10:00:00,5.834968,314.9341867330293,7.26563,327.65625,7.07043832721787
2017-02-24 11:00:00,5.576933,310.16851517247363,4.98047,323.78906,6.636288783193569
2017-02-24 12:00:00,5.5743184,308.336703484778,5.03906,307.61719,6.3682673579784925
2017-02-24 13:00:00,5.7481675,306.83386236013314,5.91797,307.26563,6.256039778450841
2017-02-24 14:00:00,6.1322064,306.28864865693856,7.26563,293.55469,6.279279929052276
2017-02-24 15:00:00,5.961085,310.0902523381488,6.38672,297.07031,5.853927202153657
2017-02-24 16:00:00,5.752678,310.80151230260674,6.03516,302.34375,5.6019916565376375
2017-02-24 17:00:00,4.863066,314.86897816046906,5.85938,296.71875,4.613405338970162
2017-02-24 18:00:00,3.577406,310.7567417415331,5.85938,290.39063,3.841830466969766
2017-02-24 20:00:00,1.9538708,234.9757262832481,2.92969,260.15625,4.461199160744333
2017-02-24 21:00:00,3.3675609,208.9757492450304,4.45313,230.27344,5.878406162952344
2017-02-24 22:00:00,5.494679,209.1016141222003,4.98047,218.32031,6.5920201241911265
2017-02-24 23:00:00,6.659873,203.60716679803824,7.32422,203.90625,6.954377345820592
2017-02-25 00:00:00,7.5920258,209.19467434257044,7.55859,204.96094,8.285669156555304
2017-02-25 01:00:00,7.8268642,208.817159245772,7.91016,200.39063,8.823666534400388
2017-02-25 02:00:00,7.84307,209.2087824078894,9.375,206.71875,8.861163992806743
2017-02-25 03:00:00,8.486009,211.06908474606237,8.90625,210.23438,8.98718154601253
2017-02-25 04:00:00,8.750454,214.22141918054837,10.48828,210.23438,9.26912113360166
2017-02-25 05:00:00,8.859043,211.46889647339128,10.37109,208.47656,10.215083955502143
2017-02-25 06:00:00,9.287842,206.08616468105183,11.13281,201.09375,10.809444996529606
2017-02-25 08:00:00,10.476659,195.96170649263485,11.71875,205.3125,11.386891607268206
2017-02-25 09:00:00,10.810077,199.4957208826973,12.01172,210.23438,11.628987024665738
2017-02-25 10:00:00,10.681919,197.69927763011512,12.24609,210.58594,11.99025140624365
2017-02-25 11:00:00,11.446245,198.830597060754,12.94922,200.74219,12.173840659272
2017-02-25 12:00:00,11.699919,205.0526564323431,13.76953,197.22656,12.31639833086343
2017-02-25 13:00:00,11.47369,211.3396027447401,13.00781,210.58594,12.919598261408737
2017-02-25 14:00:00,11.702722,215.26155055236217,13.88672,219.72656,13.517776978002765
2017-02-25 15:00:00,12.06203,217.37070629218323,13.47656,214.10156,13.98247478120575
2017-02-25 16:00:00,12.384025,220.42647698233137,13.94531,210.58594,14.64679324270004
2017-02-25 17:00:00,12.522945,223.154591446822,14.0625,210.58594,14.884929285528468
2017-02-25 18:00:00,12.406865,223.3194563313838,14.12109,219.375,14.75465548827263
2017-02-25 19:00:00,12.364791,221.0644653454872,13.53516,221.13281,14.402329792483767
2017-02-25 20:00:00,12.294203,220.0165545830397,12.30469,222.1875,14.14203747785239
2017-02-25 21:00:00,11.932422,220.5352739759961,12.71484,219.375,13.811351357025327
2017-02-25 22:00:00,11.9775095,226.1435185074924,9.66797,206.71875,13.18506489400572
2017-02-25 23:00:00,11.836865,222.2094479660892,11.71875,208.82813,12.965935850790412
2017-02-26 00:00:00,11.504103,222.76535752748725,11.77734,210.58594,12.959991001277656
2017-02-26 01:00:00,11.404798,221.1921469751831,12.83203,213.04688,12.784679046747025
2017-02-26 02:00:00,11.733577,220.2910959720656,13.94531,219.375,12.85853172708081
2017-02-26 03:00:00,11.925313,221.04770219584765,13.30078,214.80469,13.072832930515396
2017-02-26 04:00:00,11.734623,222.8520975494194,14.88281,228.51563,13.008960042913955
2017-02-26 05:00:00,11.520494,222.649866398544,12.48047,221.13281,12.666376700182113
2017-02-26 06:00:00,11.4409485,223.5474253614748,12.12891,223.59375,12.537254643755801
2017-02-26 07:00:00,11.255137,222.78519153473772,11.66016,232.73438,12.321856067305706
2017-02-26 08:00:00,11.094032,220.70088418193464,10.60547,224.29688,12.058219681775492
2017-02-26 09:00:00,10.884233,219.36016453030496,10.60547,227.10938,11.899649645271696
2017-02-26 10:00:00,9.450106,218.73997002864235,10.48828,217.61719,11.771789907459684
2017-02-26 11:00:00,9.873546,209.86938693159917,9.90234,207.77344,11.78471808325518
2017-02-26 12:00:00,10.476592,208.86859732468727,12.07031,215.15625,11.88407467135249
2017-02-26 13:00:00,10.6504965,209.3461052020988,12.89063,213.75,11.831936514654425
2017-02-26 14:00:00,11.143288,210.56769182209365,15.05859,217.61719,12.688738474591041
2017-02-26 15:00:00,11.771212,216.4264930783347,14.70703,217.26563,13.222781539234939
2017-02-26 16:00:00,12.073824,223.29365879836652,13.59375,214.80469,13.803445301191235
2017-02-26 17:00:00,11.910998,221.36033920252544,15.0,218.67188,14.543397392288128
2017-02-26 18:00:00,12.3510475,221.95615823688436,13.53516,215.50781,14.616206018039668
2017-02-26 19:00:00,12.363897,223.01610661927504,12.24609,223.24219,14.440684978651088
2017-02-26 20:00:00,12.294997,220.61215996206204,12.12891,217.61719,14.298551693665257
2017-02-26 21:00:00,12.147256,218.30818350215716,12.89063,217.26563,13.812561681032957
2017-02-26 22:00:00,12.844521,214.3667281565181,12.42188,216.5625,13.654801427519425
2017-02-26 23:00:00,12.387687,212.40304256569704,10.72266,213.04688,13.26609554121544
2017-02-27 00:00:00,11.713341,210.54937858581525,12.36328,208.82813,13.263544602305803
2017-02-27 01:00:00,11.386281,206.8545322100683,11.13281,208.82813,12.827439454419821
2017-02-27 02:00:00,11.564388,204.7872400436308,10.89844,205.66406,12.608828423960702
2017-02-27 03:00:00,11.452005,203.8036743173219,11.83594,191.95313,12.584737134432295
2017-02-27 04:00:00,11.182294,200.29193533407312,12.94922,192.65625,12.66485460210315
2017-02-27 05:00:00,11.255104,195.82893340177247,13.06641,187.03125,12.62337203532735
2017-02-27 06:00:00,11.739207,193.7700168011011,12.71484,193.00781,12.74407036163521
2017-02-27 07:00:00,12.252366,193.2922473843795,12.83203,183.51563,13.24766342649198
2017-02-27 08:00:00,12.24172,189.28906316538632,13.125,186.67969,13.134328484185346
2017-02-27 09:00:00,12.433486,187.8339043538353,14.12109,186.32813,13.180472489739266
