ob_time,ref_wind_speed,ref_wind_direction,target_wind_speed,target_wind_direction,bin,target_bin,prediction,longterm_target_estimate
1992-12-02 02:00:00,13.642628,172.35217004208604,16.71,162.0,150-180,150-180,12.71690231399877,14.15506063626378
1992-12-02 03:00:00,14.826606,172.8718231205163,16.47,163.0,150-180,150-180,12.73573969706292,15.371152573309551
1992-12-02 04:00:00,14.056828,178.52627670118355,14.76,163.0,150-180,150-180,12.64291232663092,14.58049529833044
1992-12-02 05:00:00,11.749746,188.39125054624827,10.4,175.0,180-210,150-180,11.67220994913926,11.314918647926431
1992-12-02 06:00:00,10.478715,203.2036137248789,10.98,207.0,180-210,180-210,10.72638857473475,10.005323459426943
1992-12-02 07:00:00,10.260392,211.24224972112583,9.75,189.0,210-240,180-210,10.065656128452224,10.002697830598676
1992-12-02 08:00:00,9.449484,204.44888755895812,10.0,179.0,180-210,150-180,10.452277664253376,8.944864693704856
1992-12-02 09:00:00,10.379414,199.6072534914508,11.73,190.0,180-210,180-210,10.611489888082374,9.903009580526128
1992-12-02 10:00:00,13.065542,220.82866738405383,12.57,190.0,210-240,180-210,11.699284560438404,12.887650539314269
1992-12-02 11:00:00,13.280746,237.17382108317932,13.26,200.0,210-240,180-210,12.352373172580315,13.108976800913975
1992-12-02 12:00:00,12.727265,241.3468358490739,13.07,203.0,240-270,180-210,12.45411209205886,12.653785878369147
1992-12-02 13:00:00,13.010992,243.48170126799275,14.89,197.0,240-270,180-210,13.198484494103006,12.940431015779572
1992-12-02 14:00:00,11.928117,280.6835534007799,14.23,179.0,270-300,150-180,12.93496444652316,12.635715795822092
1992-12-02 15:00:00,13.634884,307.73419678041114,14.45,298.0,300-330,270-300,12.714393389748745,14.155215145224613
1992-12-02 16:00:00,11.602122,296.75243730902605,15.0,307.0,270-300,300-330,12.404486343581556,12.27694110003888
1992-12-02 17:00:00,11.792303,295.9102476318709,14.63,290.0,270-300,270-300,12.076890052076685,12.4862453237808
1992-12-02 18:00:00,11.48066,292.5009153937531,12.81,289.0,270-300,270-300,11.424327132860114,12.143265761155703
1992-12-02 19:00:00,10.991995,287.90755120779914,12.62,286.0,270-300,270-300,10.878681629176508,11.605464148508569
1992-12-02 20:00:00,10.265861,280.50993947064865,11.26,286.0,270-300,270-300,10.331642070933366,10.806315373380585
1992-12-02 21:00:00,9.567601,271.87631708221176,10.76,273.0,270-300,270-300,10.143078512448643,10.037843405781125
1992-12-02 22:00:00,8.994221,262.80657799623486,9.61,263.0,240-270,240-270,10.03068461782356,8.882347452208936
1992-12-02 23:00:00,9.363951,256.32134356369016,9.42,289.0,240-270,270-300,9.750272084980724,9.255880132055252
1992-12-03 00:00:00,9.55488,252.8649375958548,6.86,260.0,240-270,240-270,9.307937081626562,9.44877284032988
1992-12-03 01:00:00,9.267398,249.2457077736488,7.29,265.0,240-270,240-270,9.079314942302979,9.158334082675433
1992-12-03 02:00:00,9.131222,240.75364223799625,8.12,235.0,240-270,210-240,8.695947808999158,9.020757510012263
1992-12-03 03:00:00,8.66791,230.7520976274931,7.5,225.0,210-240,210-240,8.73230225611445,8.364911879943339
1992-12-03 04:00:00,8.15695,218.94214605945064,5.33,184.0,210-240,180-210,8.914970376329018,7.839415761716037
1992-12-03 05:00:00,9.007745,212.7473298768808,6.93,187.0,210-240,180-210,9.126321260486476,8.714414724271222
1992-12-03 06:00:00,9.349775,214.3592607451962,7.96,197.0,210-240,180-210,8.730516516486402,9.066175013368772
1992-12-03 07:00:00,9.242563,253.53302013510057,9.89,218.0,240-270,210-240,9.171497460805648,9.13324365424392
1992-12-03 08:00:00,10.042839,274.382169850725,12.09,276.0,270-300,270-300,9.527339383283904,10.560867896569702
1992-12-03 09:00:00,10.303681,265.420999467177,10.18,265.0,240-270,240-270,9.950203930368735,10.205275272379218
1992-12-03 10:00:00,10.876509,258.50072606303803,10.24,251.0,240-270,240-270,10.512438300808773,10.78399481888885
1992-12-03 11:00:00,11.27223,259.408592289499,10.09,258.0,240-270,240-270,10.824230987896003,11.18378581664793
1992-12-03 12:00:00,10.605631,264.49659243611984,10.74,272.0,240-270,270-300,11.025991927218103,10.510330833679618
1992-12-03 13:00:00,10.38725,267.507801972682,10.77,270.0,240-270,240-270,11.033380651816167,10.28970378108037
1992-12-03 14:00:00,10.799209,269.78055913400283,11.87,272.0,240-270,270-300,10.837032231592657,10.705899786967931
1992-12-03 15:00:00,10.919062,268.72820853657333,10.54,265.0,240-270,240-270,10.736723094267314,10.826985477276054
1992-12-03 16:00:00,10.970725,268.3978897083955,11.67,259.0,240-270,240-270,10.691437283040422,10.879179832180714
1992-12-03 17:00:00,9.969013,265.5010141981504,11.19,259.0,240-270,240-270,10.521259905553972,9.867165205847408
1992-12-03 18:00:00,9.837506,262.475193393132,10.16,262.0,240-270,240-270,10.44915592228809,9.734305653935063
1992-12-03 19:00:00,10.127334,261.80170834189954,11.36,252.0,240-270,240-270,10.198947287073452,10.027114540242636
1992-12-03 20:00:00,9.757173,258.90447799946423,10.61,256.0,240-270,240-270,9.619871653218869,9.653146427553397
1992-12-03 21:00:00,9.690472,255.38200711937603,10.41,258.0,240-270,240-270,8.898175512040233,9.585759406542309
1992-12-03 22:00:00,7.9586296,249.8424912831715,7.99,249.0,240-270,240-270,8.074018957614326,7.836104975623859
1992-12-03 23:00:00,7.130825,240.13873783895684,8.18,232.0,240-270,210-240,7.139462652837806,6.999786390096289
1992-12-04 00:00:00,7.0340066,238.0048317195845,7.63,263.0,210-240,240-270,7.0953772351214415,6.684526146699266
1992-12-04 01:00:00,6.864796,237.099554824669,2.24,218.0,210-240,210-240,6.775553571300581,6.510501734880508
1992-12-04 02:00:00,6.556088,235.94824427236188,6.58,252.0,210-240,240-270,6.669001583775802,6.19301141143892
1992-12-04 03:00:00,6.2493863,240.48452014161532,4.81,284.0,240-270,270-300,5.931475038357348,6.109282076864325
1992-12-04 04:00:00,6.006589,248.76723652066923,2.8,249.0,240-270,240-270,5.810877931239479,5.863987602170764
1992-12-04 05:00:00,6.0215516,258.0548364751853,7.75,249.0,240-270,240-270,5.888445590100784,5.879104092786803
1992-12-04 06:00:00,6.0963645,263.76306186143745,5.69,266.0,240-270,240-270,5.9973526237559005,5.954686444838503
1992-12-04 07:00:00,6.3570127,269.34014177113346,5.96,242.0,240-270,240-270,6.543872306328416,6.218015416366696
1992-12-04 08:00:00,6.9077005,278.67723631071703,7.67,173.0,270-300,150-180,5.786264389334937,7.1104825790779085
1992-12-04 09:00:00,6.194346,283.3954680022809,3.75,159.0,270-300,150-180,5.827342926214383,6.325398317898793
1992-12-04 10:00:00,5.0124903,275.7884234438926,4.35,251.0,270-300,240-270,5.803354499183832,5.0247037697396015
1992-12-04 11:00:00,5.6178217,276.11164904973185,6.88,284.0,270-300,270-300,5.706554064099291,5.690902910471902
1992-12-04 12:00:00,5.726885,277.1118555345806,6.42,284.0,270-300,270-300,5.776890070492076,5.810932825895799
1992-12-04 13:00:00,6.113809,278.5119318514722,5.91,289.0,270-300,270-300,6.158325566410079,6.236763100566342
1992-12-04 14:00:00,6.574308,282.88892634781274,7.92,296.0,270-300,270-300,6.442629099944492,6.743566544280122
1992-12-04 15:00:00,6.797063,286.47383720107155,7.98,287.0,270-300,270-300,6.621603630817576,6.988720173505077
1992-12-04 16:00:00,6.5207124,285.213575621714,5.73,275.0,270-300,270-300,6.7577440739646555,6.684581758975687
1992-12-04 17:00:00,6.630724,278.8330178665203,5.42,244.0,270-300,240-270,7.1847292794007585,6.805655328578364
1992-12-04 18:00:00,7.2801414,273.2039604092268,9.27,269.0,270-300,240-270,7.75078691263168,7.520373438123984
1992-12-04 19:00:00,8.062951,271.76950883042656,8.85,269.0,270-300,240-270,7.918161276939683,8.381896701045742
1992-12-04 20:00:00,8.497815,273.3288400615818,11.55,277.0,270-300,270-300,8.136322715986676,8.860487474852306
1992-12-04 21:00:00,8.378527,276.4153056299992,9.79,276.0,270-300,270-300,7.947469140039347,8.729204737661282
1992-12-04 22:00:00,7.3140187,279.31710201900603,7.19,287.0,270-300,270-300,7.524944633108237,7.557657194014281
1992-12-04 23:00:00,7.06569,281.36912376539607,7.89,290.0,270-300,270-300,7.166557807424731,7.284358358766068
1992-12-05 00:00:00,6.444312,280.5991735758959,8.42,286.0,270-300,270-300,6.8731407153770805,6.60049908817486
1992-12-05 01:00:00,6.0845494,277.9002657482892,7.72,279.0,270-300,270-300,6.755733374497865,6.204561367138718
1992-12-05 02:00:00,6.098928,275.6436158184873,8.87,290.0,270-300,270-300,6.7135362959786,6.220385775000152
1992-12-05 03:00:00,6.4802785,275.4262641646316,5.84,293.0,270-300,270-300,6.710873921377204,6.640082118883573
1992-12-05 04:00:00,6.59315,278.293535006406,9.4,289.0,270-300,270-300,6.9179262104253185,6.764303159313932
1992-12-05 05:00:00,6.566845,278.8597579328522,6.92,287.0,270-300,270-300,7.197871534634859,6.73535311906001
1992-12-05 06:00:00,6.4416003,277.16603810932463,8.92,296.0,270-300,270-300,7.3568799834779135,6.597514719265658
1992-12-05 07:00:00,6.6950307,276.6205787646569,8.51,277.0,270-300,270-300,7.448399591785287,6.876428244510579
1992-12-05 08:00:00,6.8888044,276.90052228209976,7.5,272.0,270-300,270-300,7.417268489173801,7.089686424139982
1992-12-05 09:00:00,6.962314,278.6750545590588,6.77,267.0,270-300,240-270,6.929725940302437,7.170587617032958
1992-12-05 10:00:00,6.357131,280.0607739432328,8.44,263.0,270-300,240-270,6.853378851284396,6.50455179832969
1992-12-05 11:00:00,5.9059877,281.60396754969844,8.34,301.0,270-300,300-330,6.7076240698706115,6.008044796037831
1992-12-05 12:00:00,6.31434,285.2580288325722,6.82,308.0,270-300,300-330,6.890127389757409,6.45745804533575
1992-12-05 13:00:00,6.9212866,287.63782987224283,7.49,294.0,270-300,270-300,7.06632529363714,7.125434798879993
1992-12-05 14:00:00,7.443676,287.8117239677076,8.26,291.0,270-300,270-300,7.434074985640959,7.700351892900988
1992-12-05 15:00:00,7.361482,286.8539359817231,8.95,280.0,270-300,270-300,7.378442880375552,7.609893059651382
1992-12-05 16:00:00,7.487753,284.8799106439999,7.99,284.0,270-300,270-300,6.873929564214169,7.748860956739504
1992-12-05 17:00:00,7.1659904,284.6235248835766,6.98,282.0,270-300,270-300,6.528156018475618,7.394744240441967
1992-12-05 18:00:00,6.2347684,285.06805218587203,8.33,294.0,270-300,270-300,6.064805694683443,6.369885301634211
1992-12-05 19:00:00,5.6700544,279.7717117563717,6.05,290.0,270-300,270-300,5.823743184291911,5.748387752424802
1992-12-05 20:00:00,5.1783767,272.3047081508347,5.49,275.0,270-300,270-300,4.930563980064132,5.207270504488824
1992-12-05 21:00:00,4.1732836,262.0983340907364,3.52,262.0,240-270,240-270,4.57912237102238,4.011826622432238
1992-12-05 22:00:00,3.6321876,247.3146467810849,2.74,222.0,240-270,210-240,4.156049466688127,3.465165440125898
1992-12-05 23:00:00,4.066876,226.8058804358924,3.7,189.0,210-240,180-210,3.559656309856047,3.6329847098481487
1992-12-06 00:00:00,4.1181316,205.33056457127623,2.88,172.0,180-210,150-180,3.5374341580472723,3.4517544145415773
1992-12-06 01:00:00,4.404069,190.29104162514,3.84,173.0,180-210,150-180,3.8160269774808993,3.7463674045096047
1992-12-06 02:00:00,4.9217405,176.92426257794267,4.03,153.0,150-180,150-180,4.811886918956432,5.197629862521989
1992-12-06 03:00:00,5.433539,168.35004228874698,5.02,139.0,150-180,120-150,5.390621360414438,5.723310263037979
1992-12-06 04:00:00,5.855112,166.7876251046613,5.56,138.0,150-180,120-150,5.66664829092608,6.156317908599127
1992-12-06 05:00:00,6.464115,165.9947695537845,5.88,132.0,150-180,120-150,6.036090720895564,6.7818393608023655
1992-12-06 06:00:00,7.0621676,164.2308755211484,5.07,134.0,150-180,120-150,6.821083474552052,7.396113396966264
1992-12-06 07:00:00,7.6734858,161.70066381200434,5.67,148.0,150-180,120-150,7.4684770469021435,8.024012846102426
1992-12-06 08:00:00,8.342007,161.31199599414524,9.14,146.0,150-180,120-150,8.136865954511341,8.710666855775042
1992-12-06 09:00:00,9.022067,160.7525070458599,10.13,145.0,150-180,120-150,8.880967425242693,9.40917264110834
1992-12-06 10:00:00,9.89987,162.84539671618342,9.26,149.0,150-180,120-150,9.57713355982174,10.310784960437406
1992-12-06 11:00:00,10.528821,162.55975357967975,13.24,145.0,150-180,120-150,9.585092605404952,10.956795477437616
1992-12-06 12:00:00,10.211741,168.7679628295399,10.15,165.0,150-180,150-180,9.430057398169856,10.631115075100348
1992-12-06 13:00:00,9.391823,182.85870294214484,6.7,177.0,180-210,150-180,8.990253975092138,8.885454208701683
1992-12-06 14:00:00,8.29343,190.29463444823145,9.11,173.0,180-210,150-180,8.638164446443547,7.753735007610983
1992-12-06 15:00:00,8.402895,186.7530460196124,9.45,182.0,180-210,180-210,8.209798347646954,7.866521271131772
1992-12-06 16:00:00,7.9678965,194.1970307078483,7.22,180.0,180-210,150-180,7.171950707860089,7.418324537452978
1992-12-06 17:00:00,6.730958,203.5791045371049,6.13,204.0,180-210,180-210,6.423857700825972,6.143856245121973
1992-12-06 18:00:00,6.305134,218.8820688770066,5.12,217.0,210-240,210-240,5.994665005302467,5.934918110879943
1992-12-06 19:00:00,6.803001,237.63531215261423,7.22,241.0,210-240,240-270,6.058048519168582,6.446948751034696
1992-12-06 20:00:00,6.643083,244.27375966727124,4.56,217.0,240-270,210-240,5.579031885590809,6.5070279546606935
1992-12-06 21:00:00,6.4086227,247.1010553122697,5.38,244.0,240-270,240-270,5.303727320693895,6.270156226165382
1992-12-06 22:00:00,5.062051,240.9016477436685,7.28,244.0,240-270,240-270,4.94426749805028,4.909735011478418
1992-12-06 23:00:00,4.970189,254.0129824000701,6.32,213.0,240-270,210-240,5.083816642587521,4.816928209119825
1992-12-07 00:00:00,5.28861,264.1979135991179,6.52,196.0,240-270,180-210,4.998017308072099,5.138624174957989
1992-12-07 01:00:00,5.2634573,263.77173748333064,5.75,184.0,240-270,180-210,5.874116361956443,5.113212778976136
1992-12-07 02:00:00,6.172783,265.22657757773504,8.05,222.0,240-270,210-240,6.524632414412327,6.031890910515715
1992-12-07 03:00:00,7.0959144,269.62599135779044,7.71,210.0,240-270,180-210,6.899956437392449,6.964516733933568
1992-12-07 04:00:00,6.5990605,264.9918180198687,8.02,258.0,240-270,240-270,7.620093548604789,6.46255268243898
1992-12-07 05:00:00,7.0570016,258.4882696283611,7.62,255.0,240-270,240-270,7.630161888960664,6.92520371507028
1992-12-07 06:00:00,7.6130424,257.6865421428509,7.5,248.0,240-270,240-270,7.345823447723755,7.486963404919332
1992-12-07 07:00:00,7.6257033,262.2543554073995,8.29,244.0,240-270,240-270,6.910206536319437,7.499754522508562
1992-12-07 08:00:00,6.948831,269.62348931475634,8.44,253.0,240-270,240-270,7.104913075824723,6.815920578460905
1992-12-07 09:00:00,6.2666187,287.8899726252364,9.05,255.0,270-300,240-270,7.193441147909278,6.404938237087528
1992-12-07 10:00:00,6.9957204,302.2843994832233,10.54,286.0,300-330,270-300,7.368093367642718,7.091163629925785
1992-12-07 11:00:00,7.3832326,316.892062489507,9.8,287.0,300-330,270-300,7.067841852969228,7.5034755277086305
1992-12-07 12:00:00,7.694891,324.70626434900424,9.52,263.0,300-330,240-270,7.711508269055031,7.835079194287294
1992-12-07 13:00:00,8.551665,328.77096643047594,10.01,322.0,300-330,300-330,7.937416204860578,8.74668433577961
1992-12-07 14:00:00,8.6518345,331.0257473359004,7.77,341.0,330-360,330-360,8.116037473212026,7.921005301589965
1992-12-07 15:00:00,9.29237,334.2177367705912,10.15,327.0,330-360,300-330,8.228249550402813,8.48530797110089
1992-12-07 16:00:00,8.977511,333.5409292267153,8.75,325.0,330-360,300-330,7.989442499691561,8.207921668203486
1992-12-07 17:00:00,9.005118,331.82118180493023,9.04,322.0,330-360,300-330,8.609427512587251,8.232243042736494
1992-12-07 18:00:00,9.411264,332.8174347300841,10.86,329.0,330-360,300-330,9.32439343831508,8.590051894878465
1992-12-07 19:00:00,9.881777,333.6406639131193,10.84,325.0,330-360,300-330,10.571711990236246,9.004567158965457
1992-12-07 20:00:00,10.198728,332.35693046337155,10.15,324.0,330-360,300-330,10.64118839415851,9.283796484122544
1992-12-07 21:00:00,10.372704,331.8889273671064,11.9,325.0,330-360,300-330,10.326717618609504,9.43706686684268
1992-12-07 22:00:00,10.970567,329.99271201064266,9.46,317.0,300-330,300-330,9.932935284436452,11.32038930344442
1992-12-07 23:00:00,10.856184,333.5126463511974,9.02,313.0,330-360,300-330,9.912118232749378,9.86300587358804
1992-12-08 00:00:00,10.538597,336.9334725947243,10.41,328.0,330-360,300-330,9.524332674749667,9.583216241472464
1992-12-08 01:00:00,9.695258,342.1747187061326,8.47,336.0,330-360,330-360,9.267051042627362,8.840246571559284
1992-12-08 02:00:00,9.168231,342.0264540593193,7.46,335.0,330-360,330-360,8.741930304204525,8.37594327688735
1992-12-08 03:00:00,8.803184,342.5233327391047,5.88,341.0,330-360,330-360,8.1368494159369,8.054342059473242
1992-12-08 04:00:00,8.285639,345.6798724036487,6.16,352.0,330-360,330-360,7.740705989686441,7.598392272003177
1992-12-08 05:00:00,8.067813,346.08203799346245,6.06,352.0,330-360,330-360,7.354522037444029,7.40649066266398
1992-12-08 06:00:00,7.620203,346.9551442417933,4.47,4.0,330-360,0-30,6.97919548999928,7.012152615983063
1992-12-08 07:00:00,7.0411205,349.3367339775056,6.43,338.0,330-360,330-360,6.065848582588079,6.501989165843204
1992-12-08 08:00:00,6.4961286,349.1194220706287,5.41,348.0,330-360,330-360,5.552805552357003,6.021859049664115
1992-12-08 09:00:00,6.0959797,346.8943523960387,4.14,345.0,330-360,330-360,5.205155913221161,5.669333557366092
1992-12-08 10:00:00,5.519783,340.37373895267285,5.26,341.0,330-360,330-360,5.287175973858407,5.161712456001085
1992-12-08 11:00:00,6.216867,340.20460687355217,4.08,336.0,330-360,330-360,5.531869903372807,5.775833550106492
1992-12-08 12:00:00,6.3659806,341.99038528771075,4.49,335.0,330-360,330-360,5.949042590362279,5.907200511875799
1992-12-08 13:00:00,5.755647,341.4767107236404,5.7,317.0,330-360,300-330,6.255233240889395,5.369505286908232
1992-12-08 14:00:00,5.587071,335.4223049673816,5.4,318.0,330-360,300-330,5.67743558083034,5.220992227420548
1992-12-08 15:00:00,5.0804276,325.69627992187475,4.78,320.0,300-330,300-330,4.771635646071262,5.053297443576509
1992-12-08 16:00:00,4.337678,324.6893642566067,3.24,318.0,300-330,300-330,4.501519299546416,4.26301394500937
1992-12-08 17:00:00,3.9810379,320.66233869480607,2.86,313.0,300-330,300-330,4.1737995769050285,3.8835498753453344
1992-12-08 18:00:00,4.1933794,314.9420717146876,3.03,317.0,300-330,300-330,3.9548841907419816,4.109480637894375
1992-12-08 19:00:00,3.0936322,316.8302349010178,2.15,314.0,300-330,300-330,3.1543255379945103,2.93935269066234
1992-12-08 20:00:00,2.512274,303.73296409588374,3.26,307.0,300-330,300-330,2.3275609028301125,2.320789190639325
1992-12-08 21:00:00,2.3783886,296.7809774746462,1.37,303.0,270-300,300-330,2.0377022068781847,2.125735883485081
1992-12-08 22:00:00,2.0725267,301.3342614052086,3.42,280.0,300-330,270-300,1.9871515873985182,1.8528992924428764
1992-12-08 23:00:00,1.8925327,288.2448420414051,2.35,273.0,270-300,270-300,1.7665402876767202,1.591025833585607
1992-12-09 00:00:00,1.6317666,273.5195940557817,1.62,284.0,270-300,270-300,1.440971834176327,1.3040389834864496
1992-12-09 01:00:00,1.2611763,248.49451158104307,0.0,183.0,240-270,180-210,1.3659400218525661,1.0697682453218489
1992-12-09 02:00:00,1.6786909,249.6053611893383,1.85,246.0,240-270,240-270,1.4360683250182043,1.4915769906575354
1992-12-09 03:00:00,2.1015723,263.99764435417023,0.0,222.0,240-270,210-240,1.564491786865522,1.9188077336298732
1992-12-09 04:00:00,2.0174382,269.8505825402539,0.33,211.0,240-270,210-240,2.0227485854893135,1.833808312864834
1992-12-09 05:00:00,1.6659586,272.6309137094019,0.46,241.0,270-300,240-270,1.9284801582257607,1.3416690833291454
1992-12-09 06:00:00,2.215879,318.8350094001598,2.04,280.0,300-330,270-300,3.2518603503188035,2.0054257390025865
1992-12-09 07:00:00,4.734414,347.52407675460165,1.87,332.0,330-360,330-360,4.273279043644769,4.46981353197404
1992-12-09 08:00:00,6.718497,359.3564519222828,5.32,336.0,330-360,330-360,5.208852522331039,6.217762448827585
1992-12-09 09:00:00,7.2662206,1.0926109135539548,4.5,11.0,0-30,0-30,6.529186410128478,6.262622799722196
1992-12-09 10:00:00,7.055191,359.73347640029203,5.15,7.0,330-360,0-30,7.378171150214952,6.514385076313979
1992-12-09 11:00:00,7.2008543,0.3203573882530861,4.62,8.0,0-30,0-30,7.13088774388558,6.214469921589105
1992-12-09 12:00:00,7.425538,358.8337181312497,5.68,7.0,330-360,0-30,7.153731907518166,6.840655518382159
1992-12-09 13:00:00,7.0233397,0.6315491113409166,7.13,356.0,0-30,330-360,7.062564189557994,6.08370163731044
1992-12-09 14:00:00,6.8444405,358.81200641233283,7.87,351.0,330-360,330-360,6.884097603660546,6.328716881887969
1992-12-09 15:00:00,7.0843353,356.346509220014,6.98,344.0,330-360,330-360,6.657192934673161,6.540060790292404
1992-12-09 16:00:00,6.9405103,0.3102292187709849,4.79,359.0,0-30,330-360,6.1236778464683645,6.022684354642811
1992-12-09 17:00:00,6.706358,7.3515368996075665,3.85,11.0,0-30,0-30,5.461865239641723,5.850193221345025
1992-12-09 18:00:00,6.4519835,13.19866135043199,5.4,7.0,0-30,0-30,5.431562169044054,5.66280515901526
1992-12-09 19:00:00,5.9336367,21.7735304839199,3.37,8.0,0-30,0-30,4.909682238636941,5.28095869851378
1992-12-09 20:00:00,5.216685,30.4463096536615,3.31,8.0,30-60,0-30,4.805509113964563,5.054278248527542
1992-12-09 21:00:00,4.4790945,33.762784939698946,2.05,41.0,30-60,30-60,4.687633526736871,4.524119117919993
1992-12-09 22:00:00,3.731138,37.65791867520744,2.97,37.0,30-60,30-60,4.314293248743122,3.986509200530513
1992-12-09 23:00:00,3.2102954,46.30064023481279,3.02,45.0,30-60,30-60,3.8384168380221357,3.612142312671497
1992-12-10 00:00:00,2.9274652,51.49695499583598,3.13,42.0,30-60,30-60,3.4780115786783146,3.408851987021208
1992-12-10 01:00:00,2.5309012,61.30146060277076,2.3,82.0,60-90,60-90,3.6480087876907694,3.137985419708615
1992-12-10 02:00:00,2.256889,66.6240651708381,2.22,80.0,60-90,60-90,3.857543207788985,2.943014737056375
1992-12-10 03:00:00,2.2312036,74.8162991417646,2.35,80.0,60-90,60-90,4.034219209247426,2.924738543616097
1992-12-10 04:00:00,2.1682568,89.94169195314456,2.73,90.0,60-90,60-90,3.873194657013599,2.8799493679269346
1992-12-10 05:00:00,2.139969,102.21828215230632,1.4,84.0,90-120,60-90,3.7075109138150273,3.0593902081650017
1992-12-10 06:00:00,2.0913267,118.23468057054782,0.52,101.0,90-120,90-120,3.1936724865802586,3.0100594804513423
1992-12-10 07:00:00,2.362897,134.3766756582217,2.13,145.0,120-150,120-150,2.7303736824381497,2.9893025295391524
1992-12-10 08:00:00,2.2030532,143.49273073996665,1.33,146.0,120-150,120-150,2.43855089181225,2.8336327675363377
1992-12-10 09:00:00,1.6413596,150.4162144027003,1.85,153.0,150-180,150-180,1.891533362420456,1.8282726929386417
1992-12-10 10:00:00,1.7231461,153.23960067908166,2.55,139.0,150-180,120-150,1.6313637819046687,1.9122775504690972
1992-12-10 11:00:00,1.9937239,153.33638635389084,1.84,132.0,150-180,120-150,1.8315763638951927,2.190194438218349
1992-12-10 12:00:00,2.1254356,162.84013587930357,1.85,144.0,150-180,120-150,1.9408036473918742,2.3254786549728763
1992-12-10 13:00:00,2.151821,187.32470858230548,2.9,165.0,180-210,150-180,1.8408034040793324,1.425784236901901
1992-12-10 14:00:00,2.2766418,214.04220862732345,2.45,210.0,210-240,180-210,1.9820267377919238,1.791820777607347
1992-12-10 15:00:00,2.3553665,228.28301234397773,3.11,218.0,210-240,210-240,2.2575184885231745,1.8727850884313035
1992-12-10 16:00:00,2.7804594,227.5716028536393,2.98,231.0,210-240,210-240,2.3647233763963746,2.3099713042524765
1992-12-10 17:00:00,2.9666364,222.8600287274831,3.01,238.0,210-240,210-240,2.548232544217841,2.5014447871145493
1992-12-10 18:00:00,3.1728096,229.8003341728735,3.73,239.0,210-240,210-240,3.002064736342666,2.713483334716125
1992-12-10 19:00:00,3.4242907,219.0924542811904,3.92,256.0,210-240,240-270,3.0964293743935145,2.972118730554414
1992-12-10 20:00:00,3.774081,216.2816359422136,3.99,253.0,210-240,240-270,3.2059727677046146,3.3318600896501622
1992-12-10 21:00:00,4.040197,223.5194461084774,3.41,221.0,210-240,210-240,3.2072331660402953,3.605546728522437
1992-12-10 22:00:00,4.546679,225.0377993249356,5.19,249.0,210-240,240-270,3.5439449028233065,4.12643745372989
1992-12-10 23:00:00,4.599124,223.50977373817787,4.71,246.0,210-240,240-270,3.9886997881005457,4.180374442770971
1992-12-11 00:00:00,4.718746,228.84259767169465,4.08,227.0,210-240,210-240,4.353438917681648,4.303399526250278
1992-12-11 01:00:00,5.2008033,227.50121375705143,5.45,234.0,210-240,210-240,4.398323173816904,4.799170701906168
1992-12-11 02:00:00,5.4502053,234.25835332544185,5.47,229.0,210-240,210-240,4.706647021460806,5.055667850172425
1992-12-11 03:00:00,5.3304214,235.28660123863932,5.44,235.0,210-240,210-240,4.573044575144473,4.932476260857943
1992-12-11 04:00:00,5.4911847,234.3334722843164,5.34,234.0,210-240,210-240,4.39365164044858,5.097813058461299
1992-12-11 05:00:00,5.7157817,240.4667351049841,5.31,227.0,240-270,210-240,4.520667169006506,5.5701893437446905
1992-12-11 06:00:00,5.89864,243.2868266077019,6.13,227.0,240-270,210-240,4.922702397551398,5.754928344721463
1992-12-11 07:00:00,5.9095573,242.613708253829,6.87,237.0,240-270,210-240,5.20776479775451,5.765957929352643
1992-12-11 08:00:00,5.9582596,244.2953875740867,6.99,232.0,240-270,210-240,5.728855687020868,5.81516113340338
1992-12-11 09:00:00,6.2476373,246.3188555009766,6.12,227.0,240-270,210-240,6.238380859310863,6.107515088367174
1992-12-11 10:00:00,6.7796535,243.6575593912443,6.01,217.0,240-270,210-240,6.968302447119513,6.645003084763611
1992-12-11 11:00:00,7.410972,244.5782118544103,6.43,221.0,240-270,210-240,7.7697295758884035,7.282814707140907
1992-12-11 12:00:00,7.6608467,242.81570444960545,7.15,227.0,240-270,210-240,8.15491943442394,7.535259373023562
1992-12-11 13:00:00,7.619792,244.38567268715508,7.99,227.0,240-270,210-240,8.29950432057187,7.493782424679402
1992-12-11 14:00:00,8.104187,249.1081194042505,9.25,235.0,240-270,210-240,8.978230770746194,7.983159436158473
1992-12-11 15:00:00,8.256031,248.415347522982,8.34,227.0,240-270,210-240,9.154257835737418,8.136565154489645
1992-12-11 16:00:00,8.377292,250.6966097415172,8.68,213.0,240-270,210-240,9.26891388559101,8.259073326103646
1992-12-11 17:00:00,8.816154,255.1135889621005,9.16,213.0,240-270,210-240,9.384774048144223,8.702449029840736
1992-12-11 18:00:00,9.116063,257.3446678715674,8.69,211.0,240-270,210-240,9.399012543834415,9.005442599418615
1992-12-11 19:00:00,9.245101,260.89449510412413,8.99,214.0,240-270,210-240,9.661252756626341,9.135807757620572
1992-12-11 20:00:00,9.32204,263.0007327984704,8.62,228.0,240-270,210-240,9.910469692468077,9.21353807664985
1992-12-11 21:00:00,9.454827,265.7316379301882,11.65,263.0,240-270,240-270,10.163873554203198,9.34769079338572
1992-12-11 22:00:00,9.972402,270.2634450741177,10.44,265.0,270-300,240-270,10.281871287627814,10.483348262075667
1992-12-11 23:00:00,10.318126,277.64714771012177,11.08,263.0,270-300,240-270,10.027774628432972,10.863835763187511
1992-12-12 00:00:00,10.252646,286.0887180273779,10.6,255.0,270-300,240-270,9.79514792969461,10.791771568706356
1992-12-12 01:00:00,9.449705,299.55709124573343,10.2,282.0,270-300,270-300,9.046582620615316,9.90809263802684
1992-12-12 02:00:00,7.85767,322.4075747717025,9.41,328.0,300-330,300-330,8.223686724971692,8.00827559535336
1992-12-12 03:00:00,7.1172724,339.916012308453,6.81,341.0,330-360,330-360,7.190407831258961,6.569077907151576
1992-12-12 04:00:00,6.6094027,343.13523401295134,6.25,346.0,330-360,330-360,6.36785569213925,6.121651921435387
1992-12-12 05:00:00,6.2769446,339.1936669703273,4.09,345.0,330-360,330-360,5.628259541755817,5.828761061630536
1992-12-12 06:00:00,6.0296903,334.5940633970098,6.72,335.0,330-360,330-360,5.345481969589981,5.61093353835032
1992-12-12 07:00:00,5.784832,329.37536821939,5.48,338.0,300-330,330-360,5.263635114013163,5.80278175651062
1992-12-12 08:00:00,5.9551406,326.43784042520883,5.87,325.0,300-330,300-330,5.217629582149017,5.983989630932998
1992-12-12 09:00:00,6.036418,325.02270461940486,5.62,335.0,300-330,330-360,5.175965171811169,6.070468557379328
1992-12-12 10:00:00,5.551893,323.3527524729201,4.29,321.0,300-330,300-330,5.250943559442204,5.55493531152737
1992-12-12 11:00:00,5.6786976,318.7999829998017,6.11,311.0,300-330,300-330,5.630050714327498,5.689855051534509
1992-12-12 12:00:00,6.061421,313.46497417794257,6.06,308.0,300-330,300-330,5.882655392225528,6.097071679501068
1992-12-12 13:00:00,6.1830697,312.8159796621305,5.88,317.0,300-330,300-330,6.347601515070313,6.226505556317891
1992-12-12 14:00:00,5.8541236,314.5784674355048,5.8,320.0,300-330,300-330,6.265632056675972,5.876507825254803
1992-12-12 15:00:00,5.595044,311.2229844972384,4.21,314.0,300-330,300-330,5.792561660736153,5.600847854929171
1992-12-12 16:00:00,5.3824267,309.7042487316186,5.67,310.0,300-330,300-330,5.666875509130167,5.374623641950937
1992-12-12 17:00:00,5.2701125,313.4898180472229,4.18,297.0,300-330,270-300,5.27561711594268,5.2551216470461
1992-12-12 18:00:00,5.0682063,313.4668337171895,4.43,294.0,300-330,270-300,5.158959204940221,5.040294014532536
1992-12-12 19:00:00,5.109081,308.8308946877481,4.11,275.0,300-330,270-300,5.007245368293914,5.083784581096129
1992-12-12 20:00:00,5.090136,306.30596884095894,3.78,276.0,300-330,270-300,4.642593177964718,5.0636271540435205
1992-12-12 21:00:00,4.8349614,303.4709122184768,4.03,263.0,300-330,240-270,4.5222480325783705,4.792122092804215
1992-12-12 22:00:00,4.464397,296.8519297436331,4.47,263.0,270-300,240-270,4.49355807183741,4.421498177726482
1992-12-12 23:00:00,4.4305778,294.3394062381395,4.61,279.0,270-300,270-300,3.964821771133704,4.384278363951327
1992-12-13 00:00:00,4.6384206,293.6537199677855,3.91,269.0,270-300,240-270,3.9779747016756257,4.6130203303640975
1992-12-13 01:00:00,4.3998466,289.2895862235152,4.11,267.0,270-300,240-270,3.8020993422584706,4.350457057087563
1992-12-13 02:00:00,4.283673,278.65219051500446,4.41,248.0,270-300,240-270,3.600169075339948,4.222601881400695
1992-12-13 03:00:00,4.241521,266.68146067712445,4.77,238.0,240-270,210-240,3.0821661525610464,4.080765845345566
1992-12-13 04:00:00,4.1746,248.9186134263244,5.26,242.0,240-270,240-270,3.3360735674635857,4.013156561630436
1992-12-13 05:00:00,4.694,237.8865045320776,3.82,229.0,210-240,210-240,3.915329728623677,4.27794953614997
1992-12-13 06:00:00,5.2630105,231.1607096057882,4.67,218.0,210-240,210-240,4.39374019170365,4.863147612282303
1992-12-13 07:00:00,6.097162,232.76303563815435,3.83,217.0,210-240,210-240,5.099531794065873,5.721029589860747
1992-12-13 08:00:00,6.440973,241.20671768586053,4.07,238.0,240-270,210-240,6.011037137157887,6.30283924959554
1992-12-13 09:00:00,6.790162,252.93154811430745,6.47,251.0,240-270,240-270,6.410069720247211,6.655619664879276
1992-12-13 10:00:00,6.267228,257.3189225986088,7.66,258.0,240-270,240-270,6.773404231678731,6.127307279076788
1992-12-13 11:00:00,7.102706,255.41332937273404,8.74,258.0,240-270,240-270,7.702928979656352,6.971378185664411
1992-12-13 12:00:00,7.628765,254.89474884787103,9.91,260.0,240-270,240-270,8.050862819433474,7.502847712149342
1992-12-13 13:00:00,8.171599,257.2552673365198,9.64,255.0,240-270,240-270,8.399126657928011,8.051264769817632
1992-12-13 14:00:00,8.145309,257.1504242393604,10.62,253.0,240-270,240-270,8.304846448104723,8.024704376684369
1992-12-13 15:00:00,7.9400992,255.5936864451212,8.58,255.0,240-270,240-270,8.129421533202708,7.817383990119237
1992-12-13 16:00:00,7.485991,253.9712571196957,8.33,252.0,240-270,240-270,7.778184014083309,7.358605278934894
1992-12-13 17:00:00,7.407632,252.34059298960776,8.35,258.0,240-270,240-270,7.488946416975637,7.279440355179512
1992-12-13 18:00:00,7.3497815,251.1319099265891,9.02,256.0,240-270,240-270,7.021296917940684,7.220994861723612
1992-12-13 19:00:00,7.0966077,248.54316274697857,10.38,259.0,240-270,240-270,6.758496604084047,6.965217164536812
1992-12-13 20:00:00,7.0287023,247.04397208957045,5.6,263.0,240-270,240-270,6.433288771831079,6.896613356249586
1992-12-13 21:00:00,6.485846,243.6704767279544,7.11,246.0,240-270,240-270,6.219121124770565,6.348173769225388
1992-12-13 22:00:00,6.5919256,244.8841794848621,6.67,242.0,240-270,240-270,6.267710175924332,6.455344399861327
1992-12-13 23:00:00,6.4722533,242.54341114924125,6.44,241.0,240-270,240-270,6.533242992517227,6.33444126805603
1992-12-14 00:00:00,6.586799,240.73789162919425,6.92,229.0,240-270,210-240,6.730098561337238,6.45016507268609
1992-12-14 01:00:00,6.7227764,237.9664587879233,7.65,231.0,210-240,210-240,6.7170925889239825,6.364441870092278
1992-12-14 02:00:00,7.105736,235.3030485738825,6.05,227.0,210-240,210-240,6.675951680991984,6.758296150736322
1992-12-14 03:00:00,6.7549224,230.50468103374573,6.58,229.0,210-240,210-240,6.670079717583917,6.397502380144991
1992-12-14 04:00:00,6.7989335,227.6665999924133,8.05,234.0,210-240,210-240,6.1438371258422,6.442765536182478
1992-12-14 05:00:00,6.6987243,228.6355177494784,6.3,234.0,210-240,210-240,5.802234670698715,6.339705520504806
1992-12-14 06:00:00,5.8391953,222.32175414314727,5.43,232.0,210-240,210-240,5.838469381803903,5.455724087508494
1992-12-14 07:00:00,5.842683,215.5611725166361,5.81,215.0,210-240,210-240,5.730546841308833,5.459311007837955
1992-12-14 08:00:00,6.723875,219.8850884740376,6.89,215.0,210-240,210-240,6.0974545078590054,6.365571723770617
1992-12-14 09:00:00,7.0761647,224.2233376812337,7.19,215.0,210-240,210-240,6.609646608538416,6.727883587402723
1992-12-14 10:00:00,6.424044,219.1383812422929,4.22,213.0,210-240,210-240,6.584273945643977,6.057210938925992
1992-12-14 11:00:00,6.5781674,215.74642946691105,6.05,207.0,210-240,180-210,6.66749959023097,6.215718940389889
1992-12-14 12:00:00,6.8918915,210.89868537097715,7.1,214.0,210-240,210-240,6.740217474573618,6.538368065065704
1992-12-14 13:00:00,7.1279426,208.75382733469104,7.25,200.0,180-210,180-210,6.632397367348693,6.552885703937998
1992-12-14 14:00:00,6.9658093,205.32269890537148,5.92,199.0,180-210,180-210,6.305533992257691,6.385833138284177
1992-12-14 15:00:00,6.4772477,203.80458364185145,6.21,199.0,180-210,180-210,6.145477490764399,5.882448153460353
1992-12-14 16:00:00,6.112329,202.81615582684552,6.7,208.0,180-210,180-210,5.9440816747108975,5.506457502002216
1992-12-14 17:00:00,5.8333607,201.19499632669417,4.27,187.0,180-210,180-210,5.581800581700676,5.219025060603162
1992-12-14 18:00:00,5.789767,199.524400474157,5.33,199.0,180-210,180-210,5.331777576593811,5.1741086897444735
1992-12-14 19:00:00,5.838845,197.2703473840844,5.68,197.0,180-210,180-210,5.170147284717887,5.224675759045834
1992-12-14 20:00:00,5.937004,193.2189870801878,4.89,191.0,180-210,180-210,5.17445392075446,5.32581298867117
1992-12-14 21:00:00,6.2135234,190.188880363972,4.66,190.0,180-210,180-210,5.543768266389878,5.610722228309514
1992-12-14 22:00:00,6.4251485,187.19289104235776,5.0,182.0,180-210,180-210,5.873807916117384,5.828768218317407
1992-12-14 23:00:00,6.603135,187.87717997973903,5.79,191.0,180-210,180-210,5.793578484596911,6.012154983878486
1992-12-15 00:00:00,6.5660686,188.82732189402708,4.78,194.0,180-210,180-210,5.99260528578778,5.973963956991654
1992-12-15 01:00:00,6.42113,188.71787826297256,4.01,187.0,180-210,180-210,5.922147816019239,5.824627793524475
1992-12-15 02:00:00,6.501321,187.48815734840943,5.76,184.0,180-210,180-210,5.905917926979663,5.907251858367081
1992-12-15 03:00:00,6.5396833,186.27008561617188,5.21,177.0,180-210,150-180,5.711991544738947,5.946778103989551
1992-12-15 04:00:00,6.43837,187.55397539454623,6.03,170.0,180-210,150-180,5.37910687462828,5.842390870152608
1992-12-15 05:00:00,6.316601,187.4321253393604,6.41,173.0,180-210,150-180,5.173784454672524,5.716927292546401
1992-12-15 06:00:00,6.0444374,182.8340500540536,6.87,173.0,180-210,150-180,5.086830336910015,5.436506011677014
1992-12-15 07:00:00,5.84993,176.72988707524,6.96,156.0,150-180,150-180,5.123242175798069,6.1509953532663655
1992-12-15 08:00:00,5.897661,172.69474386061023,6.42,155.0,150-180,150-180,5.420356885403512,6.200020997532672
1992-12-15 09:00:00,6.120417,170.03280508620475,6.03,152.0,150-180,150-180,5.799786935869298,6.428818978178062
1992-12-15 10:00:00,6.362984,169.55958097130724,6.11,160.0,150-180,150-180,6.324380962288312,6.677965307665081
1992-12-15 11:00:00,6.126187,168.66984184747216,5.0,158.0,150-180,150-180,6.3166672784090085,6.43474548228266
1992-12-15 12:00:00,6.9738364,177.43260023036706,5.32,168.0,150-180,150-180,6.237321277538392,7.305386322553075
1992-12-15 13:00:00,7.0221906,185.23954542151543,6.41,182.0,180-210,180-210,6.3395191670518285,6.443925096073834
1992-12-15 14:00:00,6.86555,190.0450244543037,6.0,193.0,180-210,180-210,6.1522439515938565,6.282531883726006
1992-12-15 15:00:00,6.375417,187.5987854804154,6.25,183.0,180-210,180-210,6.020460539307868,5.77752782125639
1992-12-15 16:00:00,6.323044,181.83472781359052,5.71,175.0,180-210,150-180,6.095480567099155,5.723565778782774
1992-12-15 17:00:00,6.715332,179.4167414515054,5.27,175.0,150-180,150-180,6.178007667405002,7.039870310827474
1992-12-15 18:00:00,7.206662,180.14091760772092,5.67,166.0,180-210,150-180,6.319663983957867,6.633993519153809
1992-12-15 19:00:00,7.2599673,181.62710370082783,4.86,158.0,180-210,150-180,6.356591407233634,6.688916148422113
1992-12-15 20:00:00,7.430192,186.04550185683945,5.68,168.0,180-210,150-180,6.427428180098187,6.86430561420522
1992-12-15 21:00:00,7.5399356,187.76440268495412,5.7,182.0,180-210,180-210,6.612646102108553,6.977378930692868
1992-12-15 22:00:00,7.5490723,183.12452582989417,7.23,189.0,180-210,180-210,6.820300816621659,6.986792846135342
1992-12-15 23:00:00,7.99758,183.39131409785844,6.94,186.0,180-210,180-210,7.345050350366837,7.448908660718127
1992-12-16 00:00:00,8.187823,185.9010532260689,7.71,183.0,180-210,180-210,7.877468038966133,7.644923799173213
1992-12-16 01:00:00,8.05456,187.78559175638705,8.19,187.0,180-210,180-210,8.14238449833552,7.507617483587671
1992-12-16 02:00:00,7.9083943,189.31494713347809,8.07,191.0,180-210,180-210,8.428407520685653,7.357016988836827
1992-12-16 03:00:00,7.9902883,191.99397093719324,9.29,187.0,180-210,180-210,8.615162079425067,7.441395724183941
1992-12-16 04:00:00,8.214752,195.4323323406807,7.51,186.0,180-210,180-210,7.925166392457544,7.67266984850726
1992-12-16 05:00:00,8.406084,198.55832107106272,6.87,190.0,180-210,180-210,7.035192531704391,7.869807028171628
1992-12-16 06:00:00,6.6974425,221.68452006760265,8.23,317.0,210-240,300-330,7.652683913584346,6.338387255035212
1992-12-16 07:00:00,6.4705877,300.5934881907984,7.28,267.0,300-330,240-270,7.761204113272951,6.532423904764025
1992-12-16 08:00:00,8.507734,330.37897161764545,7.63,277.0,330-360,270-300,7.314016410862262,7.794054809653359
1992-12-16 09:00:00,7.9233427,338.37412235690385,5.61,344.0,330-360,330-360,6.649315569064501,7.279214382184531
1992-12-16 10:00:00,6.6396117,343.1772020209913,3.16,342.0,330-360,330-360,6.411121782984817,6.148265620977809
1992-12-16 11:00:00,5.9761624,348.5446950135492,4.77,329.0,330-360,300-330,5.629411741054876,5.563776219414345
1992-12-16 12:00:00,5.465852,349.5714954174659,4.79,338.0,330-360,330-360,5.52701737553174,5.114200011695666
1992-12-16 13:00:00,5.2788386,347.5597987023684,5.86,341.0,330-360,330-360,5.318582125105223,4.949443864917987
1992-12-16 14:00:00,5.3849335,343.314906470705,4.45,346.0,330-360,330-360,5.006748962826521,5.042911963550295
1992-12-16 15:00:00,5.317818,341.3194686694312,4.83,345.0,330-360,330-360,5.000744085649765,4.983784162178536
1992-12-16 16:00:00,5.0752835,336.1674182313737,3.7,352.0,330-360,330-360,4.731386028184308,4.770114715600638
1992-12-16 17:00:00,4.8611674,332.44536772825154,3.62,351.0,330-360,330-360,4.2606062673893215,4.581481475420713
1992-12-16 18:00:00,4.2483926,334.13608534460616,3.5,353.0,330-360,330-360,3.871096308747344,4.041635587957765
1992-12-16 19:00:00,3.5393083,337.66882869121025,3.9,353.0,330-360,330-360,3.5486380662412915,3.416942400151179
1992-12-16 20:00:00,2.9052064,336.3921510214649,3.83,355.0,330-360,330-360,2.290693565922277,2.8583076407788264
1992-12-16 21:00:00,2.3793821,341.5519346854589,1.41,3.0,330-360,0-30,1.7792373146800697,2.395063907709054
1992-12-16 22:00:00,0.34863973,109.7188870191302,0.74,345.0,90-120,330-360,1.1622723258020193,1.242708503889525
1992-12-16 23:00:00,1.0159311,197.25724803163288,0.35,345.0,180-210,330-360,1.163255789585239,0.2554304471791004
1992-12-17 00:00:00,1.7158792,191.4008671848183,0.0,345.0,180-210,330-360,1.957416189196988,0.9766155826788296
1992-12-17 01:00:00,2.5115817,175.5407427880491,1.99,118.0,150-180,90-120,1.889117701489579,2.722098489743176
1992-12-17 02:00:00,2.7793458,170.33599681555344,3.37,108.0,150-180,90-120,2.8105381342348092,2.997125359364333
1992-12-17 03:00:00,3.1064098,165.4818389645987,3.63,118.0,150-180,90-120,3.504995392674112,3.333060565337703
1992-12-17 04:00:00,3.7431164,155.90689791473383,4.63,121.0,150-180,120-150,3.7100729227705767,3.9870370433836015
1992-12-17 05:00:00,4.581853,149.91168455811376,4.72,117.0,120-150,90-120,4.547272352771074,5.1503144199891855
1992-12-17 06:00:00,4.9582205,148.97602700776002,5.37,117.0,120-150,90-120,4.9637355700646815,5.516853748700054
1992-12-17 07:00:00,5.0900474,151.53644697889834,6.17,118.0,150-180,90-120,5.573909853778847,5.370501878758076
1992-12-17 08:00:00,5.605812,151.50311139319314,5.84,122.0,150-180,120-150,5.588476832161059,5.900255954825061
1992-12-17 09:00:00,6.331578,150.31810693003507,5.37,125.0,150-180,120-150,6.1636336482268375,6.645707458807366
1992-12-17 10:00:00,7.5464697,156.4519234139063,6.59,125.0,150-180,120-150,7.271165950017069,7.8935515916830035
1992-12-17 11:00:00,7.6958604,159.36742399939305,7.31,139.0,150-180,120-150,8.241092240194806,8.046994329419366
1992-12-17 12:00:00,7.8578014,166.4000495088607,8.76,152.0,150-180,150-180,8.719119302708341,8.213327778501299
1992-12-17 13:00:00,8.485281,172.4144686730535,6.75,144.0,150-180,120-150,8.774964736045359,8.85782698559865
1992-12-17 14:00:00,8.820503,175.5338194444998,8.13,183.0,150-180,180-210,8.887397618290496,9.202141467219388
1992-12-17 15:00:00,8.875318,172.22723309918197,8.55,166.0,150-180,150-180,9.000962713447691,9.25844325621307
1992-12-17 16:00:00,8.904687,168.8769563725005,9.09,155.0,150-180,150-180,9.356931285820197,9.288608853968348
1992-12-17 17:00:00,9.177975,166.19202569098064,9.17,158.0,150-180,150-180,9.348752893491072,9.569309452536366
1992-12-17 18:00:00,10.025888,166.03518881478152,11.1,162.0,150-180,150-180,9.671295267449997,10.440221042630348
1992-12-17 19:00:00,10.496223,167.00858601210604,13.02,159.0,150-180,150-180,10.028045203810445,10.92331329705604
1992-12-17 20:00:00,10.820797,164.53916093897223,12.57,159.0,150-180,150-180,10.596856401507523,11.256690964862957
1992-12-17 21:00:00,11.420603,167.5281254233269,13.66,160.0,150-180,150-180,10.755370608965537,11.872765959830492
1992-12-17 22:00:00,12.433483,171.00552139786723,13.12,163.0,150-180,150-180,11.000789768670089,12.913119075509096
1992-12-17 23:00:00,12.78586,171.43858806968933,14.15,159.0,150-180,150-180,10.92661850351186,13.275053865260576
1992-12-18 00:00:00,12.312158,172.05303272481038,13.12,163.0,150-180,150-180,11.043577004021087,12.788503285129478
1992-12-18 01:00:00,11.959245,172.65179565437265,13.11,168.0,150-180,150-180,11.026663567813577,12.426017957041765
1992-12-18 02:00:00,11.701446,173.67413253771784,12.82,166.0,150-180,150-180,11.200293872632924,12.161226478417618
1992-12-18 03:00:00,12.586334,176.0499630811002,14.14,169.0,150-180,150-180,11.617418303567932,13.070115969597824
1992-12-18 04:00:00,12.845442,175.61171737891556,14.28,165.0,150-180,150-180,12.103572383583352,13.336251953225943
1992-12-18 05:00:00,13.127316,176.65801129538477,14.71,163.0,150-180,150-180,12.481919400376782,13.625771436411307
1992-12-18 06:00:00,13.21514,179.78566615371497,15.07,168.0,150-180,150-180,12.582623484773535,13.715977553652596
1992-12-18 07:00:00,13.110468,181.6275724207137,15.01,169.0,180-210,150-180,12.598396385155441,12.716926139549685
1992-12-18 08:00:00,12.907877,185.39107642198752,14.82,172.0,180-210,150-180,12.619183628549296,12.508188352010828
1992-12-18 09:00:00,12.7998085,189.08477834098227,15.06,172.0,180-210,150-180,10.5347065953541,12.396840959517366
1992-12-18 10:00:00,11.104291,197.55281548173872,12.07,189.0,180-210,180-210,9.268013202073409,10.649879980582412
1992-12-18 11:00:00,6.33291,255.60909927093928,6.29,308.0,240-270,300-330,8.227827826632684,6.193664819654144
1992-12-18 12:00:00,7.542789,323.31957130816573,7.73,303.0,300-330,300-330,8.032156675203431,7.673243091381202
1992-12-18 13:00:00,7.1696353,335.4630373732427,6.96,327.0,330-360,300-330,6.868339946125341,6.615208877649439
1992-12-18 14:00:00,6.1662292,334.03558342574485,6.1,338.0,330-360,330-360,6.833323020670585,5.73122236818424
1992-12-18 15:00:00,5.7562823,332.8115354769586,6.19,336.0,330-360,330-360,6.084780115976031,5.370064977176671
1992-12-18 16:00:00,5.4453244,337.41563309119255,4.56,344.0,330-360,330-360,5.566404138086846,5.096115487920399
1992-12-18 17:00:00,5.233261,341.2642434233496,3.01,348.0,330-360,330-360,5.0541968726166,4.909290647258854
1992-12-18 18:00:00,5.058526,346.9791014426546,3.47,348.0,330-360,330-360,4.595679976980772,4.7553515963288255
1992-12-18 19:00:00,4.7922487,351.7351754058535,3.42,352.0,330-360,330-360,4.418080985523373,4.520765080483629
1992-12-18 20:00:00,4.525874,352.99898552783657,2.04,4.0,330-360,0-30,4.396653501123773,4.28609275662309
1992-12-18 21:00:00,4.614685,351.36084815540744,3.33,348.0,330-360,330-360,4.136013564719629,4.3643339850670015
1992-12-18 22:00:00,4.539831,346.86334710748224,3.54,353.0,330-360,330-360,4.596460267295418,4.298388675207407
1992-12-18 23:00:00,4.997328,353.3914551643202,4.15,356.0,330-360,330-360,4.477125082952519,4.701437028332627
1992-12-19 00:00:00,5.4995327,1.5727038846822268,2.73,7.0,0-30,0-30,4.623064747616125,4.961170718941927
1992-12-19 01:00:00,5.3399744,9.86181394574939,2.49,10.0,0-30,0-30,4.573349051202706,4.843630160962919
1992-12-19 02:00:00,5.1552916,21.22898894914385,2.88,14.0,0-30,0-30,4.702243997603566,4.70758133516617
1992-12-19 03:00:00,5.0206814,31.559137088231523,3.93,28.0,30-60,0-30,4.532684569776877,4.9133964202339975
1992-12-19 04:00:00,4.819002,38.54986732580935,4.3,35.0,30-60,30-60,4.763726242320402,4.768434987887116
1992-12-19 05:00:00,4.8953795,44.646558953007855,4.21,49.0,30-60,30-60,4.90599721777848,4.823332968538952
1992-12-19 06:00:00,4.955639,47.40691779142671,4.98,48.0,30-60,30-60,5.161374364117064,4.866645787956834
1992-12-19 07:00:00,5.1084886,50.39576213780916,4.6,49.0,30-60,30-60,5.338891585513435,4.976509745057301
1992-12-19 08:00:00,5.329258,53.33516165146765,4.87,42.0,30-60,30-60,5.414815071171175,5.135192527941232
1992-12-19 09:00:00,5.5901737,55.17253511402136,5.24,42.0,30-60,30-60,5.441242438337402,5.322731332567729
1992-12-19 10:00:00,5.0820656,58.97628966537776,5.28,44.0,30-60,30-60,5.438061627316585,4.957517642111231
1992-12-19 11:00:00,5.649423,55.27823460839784,5.65,72.0,30-60,60-90,5.859440046920952,5.365318048878617
1992-12-19 12:00:00,5.9182343,55.54863612063923,5.77,68.0,30-60,60-90,6.315033755894743,5.558531986836718
1992-12-19 13:00:00,6.019206,59.939892270870615,5.93,82.0,30-60,60-90,6.161174956651787,5.63110758086615
1992-12-19 14:00:00,6.1507688,61.53870418760876,5.48,68.0,60-90,60-90,6.2357172592689425,5.713666564864658
1992-12-19 15:00:00,6.5621657,62.175226030694574,5.59,79.0,60-90,60-90,6.016614635394766,6.006391977944864
1992-12-19 16:00:00,6.8205996,62.472239178022576,6.03,87.0,60-90,60-90,5.541635405045915,6.190278074635014
1992-12-19 17:00:00,6.7363176,62.22975331815047,4.57,46.0,60-90,30-60,5.343042733806594,6.130308047478208
1992-12-19 18:00:00,6.6096625,60.06907623646772,4.86,56.0,60-90,30-60,5.455473647981245,6.040187858273537
1992-12-19 19:00:00,6.6243787,58.4722304335768,5.45,62.0,30-60,60-90,5.293463882280255,6.066088552691877
1992-12-19 20:00:00,6.4400067,56.74142041805344,4.88,62.0,30-60,60-90,5.338135359596028,5.93356718856317
1992-12-19 21:00:00,6.276763,54.34093622856015,4.08,66.0,30-60,60-90,5.327214109878743,5.816232247197792
1992-12-19 22:00:00,6.1974573,53.87142226477185,2.64,56.0,30-60,30-60,5.263856996624471,5.759229559440529
1992-12-19 23:00:00,6.241824,51.07159405137878,5.93,56.0,30-60,30-60,5.233031530372847,5.791119084996955
1992-12-20 00:00:00,6.0715346,49.56090800488991,5.48,53.0,30-60,30-60,5.124769899096642,5.668719894313666
1992-12-20 01:00:00,6.0979676,49.95625143769385,4.84,46.0,30-60,30-60,5.227139572505868,5.6877191849761
1992-12-20 02:00:00,6.2882633,50.666904795594775,6.17,48.0,30-60,30-60,5.207267650096597,5.824498336646784
1992-12-20 03:00:00,6.471722,50.19524913916732,6.99,46.0,30-60,30-60,5.3835776840259015,5.956363246640054
1992-12-20 04:00:00,6.4633713,51.05711969438741,6.97,49.0,30-60,30-60,5.402850529562627,5.950361000336766
1992-12-20 05:00:00,6.5592203,54.29595491554953,6.5,41.0,30-60,30-60,5.47005365184281,6.019254542904903
1992-12-20 06:00:00,6.6689854,57.46735080322503,6.44,46.0,30-60,30-60,5.550304302679414,6.098150583441015
1992-12-20 07:00:00,6.7394137,59.42152601223616,7.09,48.0,30-60,30-60,5.714665323600405,6.148772447874149
1992-12-20 08:00:00,6.7252555,63.04732062708016,8.34,51.0,60-90,30-60,6.18154527611444,6.122436919154113
1992-12-20 09:00:00,6.724547,68.68260493371332,6.61,58.0,60-90,30-60,6.664454951742024,6.121932792955867
1992-12-20 10:00:00,6.34975,72.18709454956611,5.66,62.0,60-90,60-90,6.8994012632738055,5.855249678313484
1992-12-20 11:00:00,6.1867447,70.52211063832604,5.37,75.0,60-90,60-90,7.009415223004694,5.739264862247143
1992-12-20 12:00:00,6.217619,72.31960017368074,6.85,75.0,60-90,60-90,6.529066250335979,5.761233166386193
1992-12-20 13:00:00,6.2048388,77.58655286447461,6.01,83.0,60-90,60-90,6.228816037859201,5.752139540925603
1992-12-20 14:00:00,6.042758,84.21283731675273,8.04,96.0,60-90,90-120,6.065584638991637,5.63681254373051
1992-12-20 15:00:00,5.884983,91.18008239210992,7.19,97.0,90-120,90-120,5.4633966333711275,6.8574068709840725
1992-12-20 16:00:00,5.650709,96.3489177572803,7.81,99.0,90-120,90-120,4.60858069612391,6.619817223611519
1992-12-20 17:00:00,5.5214787,98.51212360939395,6.52,94.0,90-120,90-120,4.446043623255894,6.488757945130556
1992-12-20 18:00:00,5.5887427,98.14234211647133,6.36,100.0,90-120,90-120,4.8893346943956715,6.556973923177063
1992-12-20 19:00:00,5.8141418,98.31363686757494,7.13,103.0,90-120,90-120,5.056924410071243,6.785563065322973
1992-12-20 20:00:00,6.1205635,100.95317862324198,7.02,100.0,90-120,90-120,5.441159898501091,7.096321509069604
1992-12-20 21:00:00,6.372247,104.35034299887528,6.52,106.0,90-120,90-120,5.700994217903269,7.351567050676824
1992-12-20 22:00:00,6.292224,110.45840109693914,6.66,103.0,90-120,90-120,6.037563737685085,7.270411496276021
1992-12-20 23:00:00,6.018884,111.18072561272916,7.19,100.0,90-120,90-120,6.18578062514351,6.993202953233201
1992-12-21 00:00:00,6.084075,111.32555717820809,6.98,101.0,90-120,90-120,6.412956247406894,7.0593165923987256
1992-12-21 01:00:00,6.3523884,110.64745308123706,7.97,100.0,90-120,90-120,6.55819551013416,7.331427394670128
1992-12-21 02:00:00,6.645119,111.40705009379214,7.14,108.0,90-120,90-120,6.730762219137097,7.628300970180668
1992-12-21 03:00:00,6.82427,112.94094836965904,7.54,103.0,90-120,90-120,6.815300185434247,7.8099874693928735
1992-12-21 04:00:00,6.896801,113.31519416483964,7.72,100.0,90-120,90-120,7.001527465469263,7.883544990558597
1992-12-21 05:00:00,7.038934,112.90195178176435,7.86,99.0,90-120,90-120,7.204860901194504,8.027689579159992
1992-12-21 06:00:00,7.214908,112.72674336068124,7.85,101.0,90-120,90-120,7.107869658401335,8.206154114732602
1992-12-21 07:00:00,7.292749,115.13997274511296,7.62,101.0,90-120,90-120,7.151534647353208,8.285096787590566
1992-12-21 08:00:00,7.158601,118.98688188843542,7.23,107.0,90-120,90-120,7.327102233936642,8.149050209584756
1992-12-21 09:00:00,6.995619,121.3439314750396,7.74,101.0,120-150,90-120,6.852936797256926,7.501049192000895
1992-12-21 10:00:00,6.517603,119.8044974203805,7.65,100.0,90-120,90-120,6.839652160119309,7.498980253949424
1992-12-21 11:00:00,6.3672314,118.26536490405448,7.15,107.0,90-120,90-120,6.805701494671453,7.346480465586879
1992-12-21 12:00:00,6.591827,116.9180715922937,7.15,106.0,90-120,90-120,6.7013761126836915,7.574254735908926
1992-12-21 13:00:00,6.5768666,119.90889228103651,6.16,104.0,90-120,90-120,6.330361845744452,7.559082603446286
1992-12-21 14:00:00,6.427881,122.75619741585568,4.06,70.0,120-150,60-90,6.201819502651922,6.948136665271965
1992-12-21 15:00:00,5.8227944,117.7192342732888,6.18,106.0,90-120,90-120,5.821453038788228,6.794338124368602
1992-12-21 16:00:00,5.7477508,114.16062873667626,5.73,101.0,90-120,90-120,5.140552719306128,6.718232442724173
1992-12-21 17:00:00,5.7286496,112.28536593207124,6.51,100.0,90-120,90-120,5.220422712606808,6.698860906094446
1992-12-21 18:00:00,5.563154,108.36857688670202,6.64,90.0,90-120,60-90,5.1742115271162685,6.5310230698611935
1992-12-21 19:00:00,5.5619206,104.61309148185636,5.38,94.0,90-120,90-120,5.274472589219027,6.529772213722358
1992-12-21 20:00:00,5.7283335,103.41603931091696,6.92,94.0,90-120,90-120,5.806866869094444,6.698540332375064
1992-12-21 21:00:00,5.662246,102.07368208026328,6.44,106.0,90-120,90-120,6.073660431088625,6.6315175051695965
1992-12-21 22:00:00,5.217934,102.01017201973546,8.19,99.0,90-120,90-120,6.121376615423468,6.180917219165201
1992-12-21 23:00:00,5.115156,95.73118394754508,7.66,100.0,90-120,90-120,5.965236394757537,6.076684616410921
1992-12-22 00:00:00,5.312762,93.89004030618412,7.17,96.0,90-120,90-120,5.798993799002703,6.277087306674035
1992-12-22 01:00:00,5.531168,92.09215267406216,6.32,87.0,90-120,60-90,5.556273604929774,6.498584376447249
1992-12-22 02:00:00,5.572488,91.14988651684352,5.37,87.0,90-120,60-90,5.51150026508385,6.540489172666351
1992-12-22 03:00:00,5.38275,87.09047880042321,6.37,77.0,60-90,60-90,6.146390306708885,5.167190350572906
1992-12-22 04:00:00,5.4958105,83.8672718359463,8.29,93.0,60-90,90-120,6.6742074602331884,5.247637436016561
1992-12-22 05:00:00,5.7530484,83.04125370546332,7.52,86.0,60-90,60-90,6.485982890613095,5.430672530683983
1992-12-22 06:00:00,5.985548,81.98620061760796,6.9,89.0,60-90,60-90,6.270613566748178,5.596105331589829
1992-12-22 07:00:00,6.069405,79.70825190274826,6.62,75.0,60-90,60-90,6.450801682882037,5.6557729541817015
1992-12-22 08:00:00,6.2382126,79.08422609905448,6.49,70.0,60-90,60-90,6.515634740225214,5.775886339676532
1992-12-22 09:00:00,6.3416924,79.39543106568905,7.34,76.0,60-90,60-90,6.53167027690165,5.8495163723784245
1992-12-22 10:00:00,6.809897,81.17957195381445,8.13,82.0,60-90,60-90,6.763463793863155,6.182662744995845
1992-12-22 11:00:00,6.551407,79.52665852882423,7.55,80.0,60-90,60-90,6.93188616272435,5.998736730903122
1992-12-22 12:00:00,6.424826,79.07314653115023,6.07,77.0,60-90,60-90,6.66480619813862,5.908669266823775
1992-12-22 13:00:00,6.2382264,79.86058637094602,8.13,92.0,60-90,90-120,6.171749167325137,5.775896158930641
1992-12-22 14:00:00,5.939895,81.31195678611871,5.82,79.0,60-90,60-90,5.984455585570748,5.563621388994854
1992-12-22 15:00:00,6.0326753,81.5699689632641,5.79,70.0,60-90,60-90,5.533769941191923,5.6296382978320505
1992-12-22 16:00:00,5.8820524,80.51889351010242,4.8,69.0,60-90,60-90,4.687375340995988,5.522464056553524
1992-12-22 17:00:00,5.6282024,81.497962984058,5.39,72.0,60-90,60-90,4.550316290799768,5.341839588769712
1992-12-22 18:00:00,5.3872647,79.94966374690358,6.47,70.0,60-90,60-90,4.474188448385465,5.170402740900673
1992-12-22 19:00:00,5.227605,82.79353431005703,5.35,76.0,60-90,60-90,5.009282411807512,5.056798453569481
1992-12-22 20:00:00,5.304375,91.17184694107635,6.34,82.0,90-120,60-90,5.684612429877363,6.268581606628304
1992-12-22 21:00:00,5.118859,93.87650236681267,7.27,80.0,90-120,60-90,5.910404463123511,6.080440024455435
1992-12-22 22:00:00,4.8875628,91.8092294787135,6.33,83.0,90-120,60-90,5.692913316765301,5.845870321472554
1992-12-22 23:00:00,4.584216,93.1103573870988,5.92,84.0,90-120,60-90,5.1515537944768175,5.538230296358403
1992-12-23 00:00:00,4.2210536,88.98331808996811,6.32,86.0,60-90,60-90,4.549772069630268,4.340596716630148
1992-12-23 01:00:00,4.35301,87.0174434034148,5.68,89.0,60-90,60-90,4.585907099629551,4.434488993646763
1992-12-23 02:00:00,4.3888383,86.76583471898144,5.57,87.0,60-90,60-90,4.431199056717325,4.459982267702696
1992-12-23 03:00:00,4.390672,88.9701812273683,4.93,90.0,60-90,60-90,4.2481275800611655,4.461287018880853
1992-12-23 04:00:00,4.1929665,92.54299540575076,4.44,89.0,90-120,60-90,3.9464782658548225,5.141443496544136
1992-12-23 05:00:00,3.998723,97.01962047865368,4.77,87.0,90-120,60-90,4.351026659567263,4.944450895276345
1992-12-23 06:00:00,3.7975414,99.09866914423228,5.06,90.0,90-120,60-90,3.909765132248462,4.740422000043216
1992-12-23 07:00:00,3.619375,97.50050190221606,5.12,90.0,90-120,60-90,3.667753625824167,4.559734035738012
1992-12-23 08:00:00,3.5920057,94.5284370322434,6.45,86.0,90-120,60-90,3.7974009798739132,4.531977381837734
1992-12-23 09:00:00,3.693949,95.27644662438804,5.12,92.0,90-120,90-120,3.9526940550601677,4.635363471198886
1992-12-23 10:00:00,3.906424,96.76646853267695,5.86,93.0,90-120,90-120,4.000277297586604,4.850845600353138
1992-12-23 11:00:00,3.9698827,103.08359879167068,6.4,106.0,90-120,90-120,4.076334097809776,4.915202422517444
1992-12-23 12:00:00,3.767497,104.79940576999496,5.7,106.0,90-120,90-120,3.9008011044919013,4.709952385824311
1992-12-23 13:00:00,3.1076524,94.33441643589174,4.17,97.0,90-120,90-120,3.8433540473393992,4.0407690968776775
1992-12-23 14:00:00,2.9502804,77.59950802452764,4.57,106.0,60-90,90-120,3.703668577160242,3.436390559750374
1992-12-23 15:00:00,3.2076921,75.32264959504636,2.67,77.0,60-90,60-90,3.7258213836745027,3.61954932009635
1992-12-23 16:00:00,3.6352413,83.23812105752381,3.83,87.0,60-90,60-90,4.0626256353125765,3.923767743186341
1992-12-23 17:00:00,3.836831,90.8869594755453,4.3,93.0,90-120,90-120,4.131885138440045,4.780267660293217
1992-12-23 18:00:00,3.6787002,94.440475755804,5.49,92.0,90-120,90-120,4.239907883782086,4.619898857051117
1992-12-23 19:00:00,3.6377013,96.894606798978,5.72,96.0,90-120,90-120,4.361104042599421,4.578319705315701
1992-12-23 20:00:00,3.555566,99.19428725668894,5.33,99.0,90-120,90-120,4.4521583701710785,4.495021955826475
1992-12-23 21:00:00,3.4892576,101.897303318671,5.65,94.0,90-120,90-120,4.512333805660534,4.427775102254
1992-12-23 22:00:00,3.2145462,105.6315300778398,7.0,96.0,90-120,90-120,4.824794784647243,4.149175749977519
1992-12-23 23:00:00,2.985435,106.30212829016308,6.24,97.0,90-120,90-120,4.7223668957079115,3.9168219709960583
1992-12-24 00:00:00,3.1314952,105.69548413716343,1.96,92.0,90-120,90-120,4.631968907594792,4.064949340713418
1992-12-24 01:00:00,3.2194164,108.07242868488716,5.93,86.0,90-120,60-90,4.627614527377536,4.154114877241465
1992-12-24 02:00:00,3.280166,109.89261557519852,5.69,90.0,90-120,60-90,4.4170707094764685,4.215724257889868
1992-12-24 03:00:00,3.0511844,107.76425693522708,5.18,96.0,90-120,90-120,3.856993672319039,3.9835019131192007
1992-12-24 04:00:00,3.1589386,107.75270251960646,4.29,93.0,90-120,90-120,3.7278207558792023,4.0927811433407
1992-12-24 05:00:00,3.1025534,107.48693936470106,5.15,77.0,90-120,60-90,3.7625432890783217,4.035597931439121
1992-12-24 06:00:00,3.1561356,108.46306300792988,4.4,89.0,90-120,60-90,3.602489485803877,4.089938472871142
1992-12-24 07:00:00,3.2106352,109.79594785129036,5.11,90.0,90-120,60-90,3.856177633946379,4.145209398137904
1992-12-24 08:00:00,3.2591186,107.34411908526177,4.33,96.0,90-120,90-120,3.8362552482556977,4.19437897696194
1992-12-24 09:00:00,3.518866,108.44399452359134,5.47,103.0,90-120,90-120,3.5941788371267704,4.457802545825483
1992-12-24 10:00:00,3.227908,105.9613214759819,3.9,103.0,90-120,90-120,3.575657880452637,4.162726657676464
1992-12-24 11:00:00,3.2714946,107.95598225629126,3.46,89.0,90-120,60-90,3.781892302524846,4.2069301327704505
1992-12-24 12:00:00,3.372496,112.02244592088022,3.6,84.0,90-120,60-90,3.7389989111609676,4.309360991551767
1992-12-24 13:00:00,3.2766173,113.6925908075454,2.37,90.0,90-120,60-90,3.758139882460155,4.212125333631814
1992-12-24 14:00:00,3.1035473,108.69661221028645,3.38,99.0,90-120,90-120,3.857767737346589,4.03660589796773
1992-12-24 15:00:00,3.0339203,106.892826380407,3.04,70.0,90-120,60-90,3.9300521321662574,3.965993476710532
1992-12-24 16:00:00,3.1531155,105.50442122667586,4.44,73.0,90-120,60-90,4.230436077979024,4.086875629815448
1992-12-24 17:00:00,3.5146775,105.33456490981617,4.3,90.0,90-120,60-90,4.266818130195291,4.453554766566922
1992-12-24 18:00:00,3.7982895,107.50499332695932,4.25,87.0,90-120,60-90,4.360480445390644,4.741180687798577
1992-12-24 19:00:00,4.1320696,109.95694798265669,5.09,87.0,90-120,60-90,4.625637970335974,5.0796847311793005
1992-12-24 20:00:00,4.4513345,113.14517973742656,4.74,87.0,90-120,60-90,5.059042644535268,5.403468142951128
1992-12-24 21:00:00,4.64114,115.77103135983587,3.58,94.0,90-120,90-120,5.233615283605714,5.595959933821525
1992-12-24 22:00:00,4.1328793,121.00664024692614,3.19,104.0,120-150,90-120,4.859594210776929,4.713064873716368
1992-12-24 23:00:00,3.855969,117.32134518198204,4.43,100.0,90-120,90-120,4.646585562288416,4.79967651774823
1992-12-25 00:00:00,3.5388165,111.1478772280947,3.1,94.0,90-120,90-120,4.599411539513863,4.47803540248011
1992-12-25 01:00:00,3.384999,104.72357981866402,2.17,90.0,90-120,60-90,4.596165850498698,4.322040944773631
1992-12-25 02:00:00,3.4954019,100.35571265843866,2.54,92.0,90-120,90-120,4.608054276414076,4.434006361678227
1992-12-25 03:00:00,3.7054586,100.95571869776867,4.16,87.0,90-120,60-90,4.6001253651445735,4.647035964968572
1992-12-25 04:00:00,3.884812,102.80647120360392,3.52,107.0,90-120,90-120,4.525462746423448,4.828927728719856
1992-12-25 05:00:00,3.9357338,104.17770702333468,2.95,100.0,90-120,90-120,4.414305190065461,4.880570217880308
1992-12-25 06:00:00,3.7347987,102.4437119387332,2.53,113.0,90-120,90-120,3.9649225267185066,4.67679131132743
1992-12-25 07:00:00,3.558726,100.33543425445296,4.08,73.0,90-120,60-90,3.7942995404415742,4.498226678867434
1992-12-25 08:00:00,3.3739705,98.7063759969282,4.04,66.0,90-120,60-90,3.6643457564646096,4.310856359945403
1992-12-25 09:00:00,3.415975,99.07647779608712,4.0,82.0,90-120,60-90,3.488021565035564,4.353455343797902
1992-12-25 10:00:00,3.3369355,96.59879940771478,3.23,86.0,90-120,60-90,3.4652093782829874,4.273297208735954
1992-12-25 11:00:00,3.380684,100.175329721393,2.96,82.0,90-120,60-90,3.5694276705066654,4.317664875178146
1992-12-25 12:00:00,3.1466334,98.44428573178972,2.58,104.0,90-120,90-120,3.493683762753239,4.080301789554754
1992-12-25 13:00:00,2.90957,95.81075688856149,2.52,89.0,90-120,60-90,3.61810488975884,3.8398832641915535
1992-12-25 14:00:00,2.9685667,96.39037844929057,2.32,89.0,90-120,60-90,3.6206096088472766,3.8997149362897994
1992-12-25 15:00:00,2.9700422,95.02821725054736,2.32,72.0,90-120,60-90,3.5643206362855677,3.901211318836297
1992-12-25 16:00:00,2.7705016,86.66882082971672,2.53,76.0,60-90,60-90,3.7294604866430525,3.308470724931338
1992-12-25 17:00:00,2.749536,81.944991843342,1.71,84.0,60-90,60-90,3.872932270868186,3.293552858704164
1992-12-25 18:00:00,2.83906,90.02327724578555,3.02,76.0,90-120,60-90,4.1457218723256295,3.768375345958037
1992-12-25 19:00:00,2.8921745,100.17256484002448,2.67,83.0,90-120,60-90,4.144502610094445,3.8222415680969406
1992-12-25 20:00:00,2.8932168,107.05796918757508,2.66,101.0,90-120,90-120,3.776929493263036,3.823298619624026
1992-12-25 21:00:00,2.601331,103.66970884875808,1.85,77.0,90-120,60-90,3.4478719088185206,3.5272818004505133
1992-12-25 22:00:00,2.1932578,87.44650421538297,1.88,124.0,60-90,120-150,3.742946601080678,2.897738583286648
1992-12-25 23:00:00,2.292752,73.6867105905159,1.58,87.0,60-90,60-90,3.8988666637295597,2.9685327015556098
1992-12-26 00:00:00,2.5493085,70.6105326768069,2.9,84.0,60-90,60-90,3.8938330940338792,3.151082952762926
1992-12-26 01:00:00,3.0383456,72.01052101883523,2.91,96.0,60-90,90-120,4.038931976796315,3.499052485613186
1992-12-26 02:00:00,3.2953699,72.92947794279267,3.74,82.0,60-90,60-90,4.110747612950857,3.6819355953039743
1992-12-26 03:00:00,3.587856,70.82869224575833,3.7,75.0,60-90,60-90,4.151833705264681,3.890051199584701
1992-12-26 04:00:00,3.920303,74.13905206816442,3.21,80.0,60-90,60-90,4.040958042820824,4.12660058875675
1992-12-26 05:00:00,4.100659,73.48774327861484,3.74,76.0,60-90,60-90,4.26263412471894,4.254931124551972
1992-12-26 06:00:00,4.370327,74.18717405636296,3.25,72.0,60-90,60-90,4.67903622359894,4.446810734472495
1992-12-26 07:00:00,4.6895733,77.96237336505887,4.1,73.0,60-90,60-90,5.096003704073202,4.67396729554971
1992-12-26 08:00:00,4.6217914,78.69076042589245,3.28,72.0,60-90,60-90,5.188387163972559,4.625737752067829
1992-12-26 09:00:00,4.7905574,79.40451538003659,5.06,75.0,60-90,60-90,5.278562107117467,4.745821537492303
1992-12-26 10:00:00,4.8687186,78.77637741251299,6.18,79.0,60-90,60-90,5.283739947228538,4.801436369681959
1992-12-26 11:00:00,5.269525,77.7521038967999,4.74,72.0,60-90,60-90,5.518091811409514,5.086626216774119
1992-12-26 12:00:00,5.3465,76.26939503489146,6.15,79.0,60-90,60-90,5.623346470277806,5.141397020034544
1992-12-26 13:00:00,5.323405,77.25667109086785,6.01,89.0,60-90,60-90,5.618625641282243,5.124964000206036
1992-12-26 14:00:00,5.4222307,78.22081588185189,4.31,84.0,60-90,60-90,5.429943653309069,5.195282453882863
1992-12-26 15:00:00,5.653299,77.71696138297092,7.0,90.0,60-90,60-90,5.087702018080501,5.359696827368031
1992-12-26 16:00:00,5.749105,77.95218264732497,8.04,82.0,60-90,60-90,4.740080272548904,5.427866643245501
1992-12-26 17:00:00,6.210882,80.28701271588946,7.3,73.0,60-90,60-90,4.613072248198681,5.756439520376897
1992-12-26 18:00:00,6.5254493,82.24123627532138,7.05,82.0,60-90,60-90,4.93910089587101,5.980266785079243
1992-12-26 19:00:00,6.5809016,83.26303155489711,8.09,80.0,60-90,60-90,5.057195171900433,6.019723323093379
1992-12-26 20:00:00,6.533339,84.12560243444162,4.82,84.0,60-90,60-90,5.265054494083717,5.98588062342265
1992-12-26 21:00:00,6.4301686,84.02970249281714,5.98,77.0,60-90,60-90,5.416503223155642,5.912470741244029
1992-12-26 22:00:00,6.289784,82.04254233341929,8.05,86.0,60-90,60-90,5.607156726646317,5.8125814615117335
1992-12-26 23:00:00,6.375002,81.78052330048442,7.29,87.0,60-90,60-90,5.599755453860706,5.873217490251545
1992-12-27 00:00:00,6.5796514,84.47365388507305,8.64,89.0,60-90,60-90,5.460962781618215,6.01883375559437
1992-12-27 01:00:00,6.144254,86.4117494156535,5.96,89.0,60-90,60-90,5.329336947538944,5.709031023077312
1992-12-27 02:00:00,5.8444023,84.47416515938272,7.22,94.0,60-90,90-120,5.304166701171541,5.495674498647251
1992-12-27 03:00:00,6.010047,80.51525172205481,5.16,84.0,60-90,60-90,5.532123393793969,5.613537353792845
1992-12-27 04:00:00,6.2657633,79.46288926036725,8.24,84.0,60-90,60-90,5.9651173686276175,5.795489768963794
1992-12-27 05:00:00,6.49837,78.84400921100084,5.6,86.0,60-90,60-90,5.662836034216744,5.960998775820004
1992-12-27 06:00:00,6.567825,79.03985273040885,6.09,79.0,60-90,60-90,6.020942010015405,6.010418797131504
1992-12-27 07:00:00,6.6424093,80.31076949402286,5.77,69.0,60-90,60-90,6.210592879542637,6.063488521348672
1992-12-27 08:00:00,6.803291,81.5918680168143,6.01,72.0,60-90,60-90,6.58403582297325,6.177962310746564
1992-12-27 09:00:00,6.992237,82.51622813790956,9.58,79.0,60-90,60-90,6.677376472888023,6.312404976454186
1992-12-27 10:00:00,6.683786,84.71123423106131,9.5,82.0,60-90,60-90,6.77525662371357,6.092929704788304
1992-12-27 11:00:00,7.222307,84.51613941964723,11.11,90.0,60-90,60-90,7.0114707736430555,6.4761090194048325
1992-12-27 12:00:00,7.4001617,86.79963869645432,9.38,100.0,60-90,90-120,6.996770702780188,6.6026597798159
1992-12-27 13:00:00,7.3871913,90.453647649066,8.15,92.0,90-120,90-120,6.98669381764852,8.380875716340888
1992-12-27 14:00:00,6.8438263,91.29843444441975,3.53,96.0,90-120,90-120,6.468350988815301,7.829820546989669
1992-12-27 15:00:00,5.862613,86.06444026018242,6.74,92.0,60-90,90-120,5.913236131301793,5.5086321429075245
1992-12-27 16:00:00,5.8251452,83.1526971736458,6.11,79.0,60-90,60-90,5.104542299383381,5.481972298771105
1992-12-27 17:00:00,6.0056562,83.76938877425567,4.05,83.0,60-90,60-90,4.518124615162604,5.610413123290009
1992-12-27 18:00:00,5.937187,87.52806036290842,5.73,89.0,60-90,60-90,4.6227167580903075,5.56169453826112
1992-12-27 19:00:00,5.953748,91.1222577211536,7.22,89.0,90-120,60-90,4.874000660061836,6.927145092475034
1992-12-27 20:00:00,6.0624237,92.71144541523026,8.15,87.0,90-120,60-90,5.187917757529836,7.037358864558003
1992-12-27 21:00:00,6.2397466,92.8976402260763,7.85,89.0,90-120,60-90,5.63749421752326,7.2171913909249
1992-12-27 22:00:00,6.6152444,91.14943773194469,8.6,94.0,90-120,90-120,5.732883069899666,7.59800355911757
1992-12-27 23:00:00,6.868758,93.21412481440127,9.21,94.0,90-120,90-120,5.723253317757832,7.855105101875821
1992-12-28 00:00:00,7.0687904,96.1060858065548,9.03,93.0,90-120,90-120,5.840691318765129,8.057968532641016
1992-12-28 01:00:00,6.9837794,97.6671438470594,9.75,92.0,90-120,90-120,5.974735665987122,7.971754383769234
1992-12-28 02:00:00,6.7468724,97.93900011693248,9.96,84.0,90-120,60-90,6.106463917500387,7.731494471913503
1992-12-28 03:00:00,6.5254664,96.9455794131322,11.16,93.0,90-120,90-120,6.25740742462911,7.506954943557102
1992-12-28 04:00:00,6.6359806,96.2940789771359,11.68,96.0,90-120,90-120,6.228181823280746,7.619033235675134
1992-12-28 05:00:00,6.6826096,96.93664823358452,10.19,94.0,90-120,90-120,6.190488467240212,7.666322169433616
1992-12-28 06:00:00,6.609708,98.36666242044744,8.95,90.0,90-120,60-90,6.016540755540122,7.592388803217584
1992-12-28 07:00:00,6.4172006,98.751962689078,8.81,94.0,90-120,90-120,6.241994454109769,7.397156872731883
1992-12-28 08:00:00,6.3982797,98.34341574430717,7.48,107.0,90-120,90-120,6.540955703205299,7.377968187863005
1992-12-28 09:00:00,6.468749,98.66408310412922,8.94,111.0,90-120,90-120,6.712328704494264,7.449434830075076
1992-12-28 10:00:00,6.645948,99.19146165028152,11.1,93.0,90-120,90-120,6.82510202147669,7.629141702902488
1992-12-28 11:00:00,6.6010127,97.68426121421054,10.05,94.0,90-120,90-120,6.822351390814353,7.583570439844787
1992-12-28 12:00:00,6.634257,97.28931839466352,10.56,99.0,90-120,90-120,6.908232657690561,7.617285241803806
1992-12-28 13:00:00,6.6115446,98.13155066008572,8.7,111.0,90-120,90-120,6.5574294233493,7.594251396362211
1992-12-28 14:00:00,6.3662243,98.1089086696058,7.78,100.0,90-120,90-120,6.228683930849654,7.345459112240503
1992-12-28 15:00:00,6.320739,97.59944812067758,8.82,94.0,90-120,90-120,5.737944924244756,7.299330065109217
1992-12-28 16:00:00,6.1403046,94.79635820241393,8.71,93.0,90-120,90-120,4.96004070909318,7.1163420021151245
1992-12-28 17:00:00,6.2153873,93.50436703379128,10.81,92.0,90-120,90-120,4.721908923221939,7.192487337136421
1992-12-28 18:00:00,6.4067693,94.177229177676,10.79,86.0,90-120,60-90,4.900407376716894,7.386577939992281
1992-12-28 19:00:00,6.4256325,97.05973810046234,9.77,90.0,90-120,60-90,4.92504148893256,7.405708108241075
1992-12-28 20:00:00,6.108876,100.24948442216218,8.31,96.0,90-120,90-120,5.3227758340517735,7.0844685975059365
1992-12-28 21:00:00,5.642714,102.47458188170364,7.75,89.0,90-120,60-90,5.817667885194453,6.611709071487325
1992-12-28 22:00:00,5.259152,101.91771584898896,8.31,92.0,90-120,90-120,5.820513746831696,6.222718571792475
1992-12-28 23:00:00,4.741669,102.65747421867594,7.71,90.0,90-120,60-90,5.053652580145325,5.697911706791276
1992-12-29 00:00:00,4.259612,101.2520904836104,4.72,108.0,90-120,90-120,4.379179370425839,5.209032221046076
1992-12-29 01:00:00,3.9645755,96.98651680638837,4.24,97.0,90-120,90-120,4.708976357904107,4.9098201104532135
1992-12-29 02:00:00,4.002307,92.55626899508354,4.61,86.0,90-120,60-90,4.583937625545548,4.948085619130393
1992-12-29 03:00:00,4.227214,90.32617407750944,5.32,90.0,90-120,60-90,4.456133138853061,5.176175696653374
1992-12-29 04:00:00,4.3623786,90.15439571157458,3.58,89.0,90-120,60-90,4.3758815949563346,5.31325326245774
1992-12-29 05:00:00,4.3989906,91.5833795492426,4.54,87.0,90-120,60-90,4.378249358743057,5.35038342700696
1992-12-29 06:00:00,4.39002,92.35363586378196,4.66,75.0,90-120,60-90,4.269388197543891,5.3412858673515125
1992-12-29 07:00:00,4.2983294,94.75692184773698,4.78,69.0,90-120,60-90,3.956167856343465,5.248297583028977
1992-12-29 08:00:00,4.076471,95.05181096373823,4.99,79.0,90-120,60-90,4.1897133179369375,5.023299251918231
1992-12-29 09:00:00,3.993512,95.65114923265948,5.62,92.0,90-120,90-120,4.3776723136023366,4.9391661447173485
1992-12-29 10:00:00,4.0366035,89.66931650300255,3.97,77.0,60-90,60-90,4.232559285108961,4.209353064295419
1992-12-29 11:00:00,3.9737005,91.60861262460864,4.95,83.0,90-120,60-90,4.334078646158378,4.9190742553104085
1992-12-29 12:00:00,4.112639,92.96871963280854,4.59,83.0,90-120,60-90,4.083221528731801,5.059979132597139
1992-12-29 13:00:00,4.191767,93.93319909532072,4.34,80.0,90-120,60-90,4.0677011035816175,5.140227020187291
1992-12-29 14:00:00,4.4339104,101.59384410582314,4.59,90.0,90-120,60-90,4.243250062266432,5.38579744208469
1992-12-29 15:00:00,4.1474905,101.59755121225596,3.85,89.0,90-120,60-90,4.457326124795509,5.095323881034458
1992-12-29 16:00:00,4.216866,103.96459844704312,3.2,82.0,90-120,60-90,4.671613765424692,5.165681242847098
1992-12-29 17:00:00,4.275375,106.12037626686816,4.04,77.0,90-120,60-90,4.572956724789567,5.2250183125950045
1992-12-29 18:00:00,4.1405454,109.66734543643568,4.48,77.0,90-120,60-90,4.720887491870073,5.088280487999093
1992-12-29 19:00:00,3.8609135,110.36029057769927,3.75,77.0,90-120,60-90,4.720292479239314,4.804690996569754
1992-12-29 20:00:00,3.818338,111.19237896629352,4.51,76.0,90-120,60-90,4.646228231643785,4.761512931433588
1992-12-29 21:00:00,3.4616303,107.94481708868682,3.81,84.0,90-120,60-90,4.583976590327809,4.399756796915568
1992-12-29 22:00:00,3.2897239,104.6443884149268,4.05,72.0,90-120,60-90,4.820042326082867,4.225417429520617
1992-12-29 23:00:00,3.0936062,106.47188288157427,3.23,82.0,90-120,60-90,4.700201368979186,4.026524102960622
1992-12-30 00:00:00,3.032983,107.51542489785815,3.2,92.0,90-120,90-120,4.544432680673538,3.9650429112338585
1992-12-30 01:00:00,2.9622197,109.89027701433318,3.57,93.0,90-120,90-120,4.599367502605179,3.893278108080635
1992-12-30 02:00:00,3.018393,111.06560304621884,2.85,89.0,90-120,60-90,4.43900566148706,3.9502464209909567
1992-12-30 03:00:00,3.0216606,115.28187882625647,2.8,92.0,90-120,90-120,4.109551093823511,3.953560266879765
1992-12-30 04:00:00,3.1045618,118.8216387395714,2.46,89.0,90-120,60-90,3.8945250573021193,4.037634756045278
1992-12-30 05:00:00,3.0753849,121.55971054982008,3.41,69.0,120-150,60-90,3.942296243436857,3.6831850687610994
1992-12-30 06:00:00,3.0920684,123.71193771111984,3.42,84.0,120-150,60-90,3.903929066958489,3.699432908679657
1992-12-30 07:00:00,3.2825615,128.40942762316902,3.44,86.0,120-150,60-90,4.083526984644274,3.884951618446181
1992-12-30 08:00:00,3.4186194,133.98068232321054,3.71,84.0,120-150,60-90,4.003131145446659,4.017456607138909
1992-12-30 09:00:00,3.5007763,140.7073504893113,3.35,99.0,120-150,90-120,3.7986301382364314,4.097468125070096
1992-12-30 10:00:00,3.693763,166.70271487691144,3.03,110.0,150-180,90-120,3.7004952561376587,3.9363449935264296
1992-12-30 11:00:00,3.650054,173.3528597146873,2.87,103.0,150-180,90-120,3.597439403701539,3.891450441029395
1992-12-30 12:00:00,3.5661519,177.24873000578992,2.36,107.0,150-180,90-120,3.3423903725572175,3.8052726004688378
1992-12-30 13:00:00,3.4861891,185.7092531308476,2.98,104.0,180-210,90-120,3.166408527001895,2.800638228226424
1992-12-30 14:00:00,3.22595,184.66141174244004,2.88,128.0,180-210,120-150,2.829124547460222,2.53250324708164
1992-12-30 15:00:00,2.8640447,181.44021155740123,2.57,137.0,180-210,120-150,3.0000201434311577,2.159617424806288
1992-12-30 16:00:00,2.879186,165.29579623742617,3.1,139.0,150-180,120-150,3.2535270714577766,3.0996736011501067
1992-12-30 17:00:00,3.2206306,154.28879031483146,1.31,144.0,150-180,120-150,3.5106249278920196,3.450379463089956
1992-12-30 18:00:00,3.3713472,150.73369984885488,1.75,138.0,150-180,120-150,3.7169233157622736,3.6051840642218633
1992-12-30 19:00:00,3.3699238,150.53962388944927,0.93,124.0,150-180,120-150,3.5663081964902426,3.60372205625956
1992-12-30 20:00:00,3.136843,154.10930089933692,1.86,108.0,150-180,90-120,2.918104444215812,3.3643192282001047
1992-12-30 21:00:00,2.74376,164.8973706031058,2.71,122.0,150-180,120-150,2.3819597399838996,2.960574338607762
1992-12-30 22:00:00,2.7241597,196.0764424427225,2.25,128.0,180-210,120-150,1.909642330497818,2.0154881919683394
1992-12-30 23:00:00,2.4801197,213.60945024742705,2.59,128.0,210-240,120-150,1.444914918290107,2.0010873475835544
1992-12-31 00:00:00,2.4740856,214.4696981540576,2.5,130.0,210-240,120-150,1.0833149718747437,1.994881585631552
1992-12-31 01:00:00,2.5381274,220.312195108854,2.09,131.0,210-240,120-150,1.1906888227859036,2.0607452878866974
1992-12-31 02:00:00,2.5040786,229.7444514722821,2.41,121.0,210-240,120-150,1.2268516182228248,2.0257278457575727
1992-12-31 03:00:00,2.4545345,230.809520760366,1.39,121.0,210-240,120-150,1.2416991549103202,1.974774283382699
1992-12-31 04:00:00,1.8762741,213.4135976983837,1.23,134.0,210-240,120-150,1.248412433435241,1.3800631601547215
1992-12-31 05:00:00,1.7004714,189.4423242295616,1.58,156.0,180-210,150-180,1.1587183256151694,0.9607402965958288
1992-12-31 06:00:00,2.0673144,168.84567269440203,2.78,151.0,150-180,150-180,1.8147395835054139,2.265780989398495
1992-12-31 07:00:00,2.5866117,158.62516453400983,2.68,124.0,150-180,120-150,2.6432422038895966,2.799163585578188
1992-12-31 08:00:00,3.050679,161.19579347932373,2.72,125.0,150-180,120-150,2.773269281592444,3.275818136403119
1992-12-31 09:00:00,3.4545808,166.18697514041136,1.49,124.0,150-180,120-150,3.103009501214273,3.690675272547772
1992-12-31 10:00:00,3.4264987,173.15319934171163,2.97,130.0,150-180,120-150,2.9673795800268583,3.661831480361335
1992-12-31 11:00:00,3.1803544,179.1281071075831,2.04,121.0,150-180,120-150,2.6102977524336577,3.409010821041841
1992-12-31 12:00:00,2.6532488,188.5754377014064,0.27,153.0,180-210,150-180,2.16715163468601,1.9424257934492093
1992-12-31 13:00:00,2.1391969,203.3006793410989,0.51,193.0,180-210,180-210,1.9449946179660744,1.4127771107034557
1992-12-31 14:00:00,1.70859,223.68699188887243,2.9,313.0,210-240,300-330,1.9025094099188198,1.207608675188308
1992-12-31 15:00:00,1.6389225,252.2988285308018,2.83,341.0,240-270,330-360,2.0543077159657375,1.451399571932519
1992-12-31 16:00:00,2.1790586,275.5764175013364,2.24,341.0,270-300,330-360,2.22722270231597,1.9063627025759629
1992-12-31 17:00:00,2.6697643,293.0060143008333,1.6,41.0,270-300,30-60,2.074943311052271,2.44641021323284
1992-12-31 18:00:00,2.7886634,302.25118640926496,1.44,6.0,300-330,0-30,1.9669912748663652,2.6148667397876144
1992-12-31 19:00:00,2.300132,307.07149438302866,0.27,307.0,300-330,300-330,1.8795829658681318,2.095070695532724
1992-12-31 20:00:00,0.8255916,305.91046246942824,1.87,96.0,300-330,90-120,1.3254884288497069,0.5261638309708474
1992-12-31 21:00:00,0.78639543,150.52366749636442,2.85,101.0,150-180,90-120,1.1566745018150206,0.9501186785903764
