ob_time,target_wind_speed,target_wind_direction
1991-07-17 14:00:00,4.8,231.0
1991-07-17 15:00:00,2.72,203.0
1991-07-17 16:00:00,2.34,190.0
1991-07-17 17:00:00,3.5,161.0
1991-07-17 18:00:00,7.96,158.0
1991-07-17 19:00:00,5.77,148.0
1991-07-17 20:00:00,8.21,158.0
1991-07-17 21:00:00,9.03,155.0
1991-07-17 22:00:00,6.34,154.0
1991-07-17 23:00:00,6.3,154.0
1991-07-18 00:00:00,8.45,154.0
1991-07-18 01:00:00,9.49,143.0
1991-07-18 02:00:00,10.74,129.0
1991-07-18 03:00:00,9.91,143.0
1991-07-18 04:00:00,10.19,148.0
1991-07-18 05:00:00,9.97,136.0
1991-07-18 06:00:00,9.72,124.0
1991-07-18 07:00:00,9.43,144.0
1991-07-18 08:00:00,9.36,171.0
1991-07-18 09:00:00,12.48,180.0
1991-07-18 10:00:00,13.2,200.0
1991-07-18 11:00:00,11.57,204.0
1991-07-18 12:00:00,12.09,204.0
1991-07-18 13:00:00,11.51,203.0
1991-07-18 14:00:00,11.79,209.0
1991-07-18 15:00:00,12.99,206.0
1991-07-18 16:00:00,9.81,210.0
1991-07-18 17:00:00,14.61,206.0
1991-07-18 18:00:00,14.86,207.0
1991-07-18 19:00:00,14.23,209.0
1991-07-18 20:00:00,13.98,206.0
1991-07-18 21:00:00,13.44,206.0
1991-07-18 22:00:00,11.62,203.0
1991-07-18 23:00:00,10.35,204.0
1991-07-19 00:00:00,10.02,211.0
1991-07-19 01:00:00,9.3,217.0
1991-07-19 02:00:00,8.33,218.0
1991-07-19 03:00:00,8.12,217.0
1991-07-19 04:00:00,8.61,213.0
1991-07-19 05:00:00,8.95,207.0
1991-07-19 06:00:00,8.47,223.0
1991-07-19 07:00:00,9.39,223.0
1991-07-19 08:00:00,8.3,223.0
1991-07-19 09:00:00,6.92,223.0
1991-07-19 10:00:00,6.0,217.0
1991-07-19 11:00:00,6.75,210.0
1991-07-19 12:00:00,7.12,213.0
1991-07-19 13:00:00,7.55,209.0
1991-07-19 14:00:00,7.79,207.0
1991-07-19 15:00:00,8.41,209.0
1991-07-19 16:00:00,6.83,221.0
1991-07-19 17:00:00,5.0,206.0
1991-07-19 18:00:00,3.69,217.0
1991-07-19 19:00:00,4.91,220.0
1991-07-19 20:00:00,4.87,203.0
1991-07-19 21:00:00,5.02,189.0
1991-07-19 22:00:00,5.93,194.0
1991-07-19 23:00:00,5.87,190.0
1991-07-20 00:00:00,5.63,185.0
1991-07-20 01:00:00,5.97,207.0
1991-07-20 02:00:00,4.37,207.0
1991-07-20 03:00:00,4.73,218.0
1991-07-20 04:00:00,4.09,213.0
1991-07-20 05:00:00,5.1,224.0
1991-07-20 06:00:00,5.35,227.0
1991-07-20 07:00:00,5.5,224.0
1991-07-20 08:00:00,5.44,225.0
1991-07-20 09:00:00,5.56,206.0
1991-07-20 10:00:00,6.12,235.0
1991-07-20 11:00:00,8.37,230.0
1991-07-20 12:00:00,7.08,228.0
1991-07-20 13:00:00,7.48,232.0
1991-07-20 14:00:00,7.55,227.0
1991-07-20 15:00:00,7.16,230.0
1991-07-20 16:00:00,6.34,231.0
1991-07-20 17:00:00,6.54,209.0
1991-07-20 18:00:00,3.82,214.0
1991-07-20 19:00:00,5.75,206.0
1991-07-20 20:00:00,3.7,210.0
1991-07-20 21:00:00,4.03,206.0
1991-07-20 22:00:00,4.74,209.0
1991-07-20 23:00:00,3.79,200.0
1991-07-21 00:00:00,3.86,200.0
1991-07-21 01:00:00,3.48,197.0
1991-07-21 02:00:00,2.82,194.0
1991-07-21 03:00:00,3.13,192.0
1991-07-21 04:00:00,3.17,206.0
1991-07-21 05:00:00,1.9,201.0
1991-07-21 06:00:00,1.92,220.0
1991-07-21 07:00:00,2.02,244.0
1991-07-21 08:00:00,0.0,294.0
1991-07-21 09:00:00,1.23,178.0
1991-07-21 10:00:00,0.9,185.0
1991-07-21 11:00:00,1.16,210.0
1991-07-21 12:00:00,1.91,40.0
1991-07-21 13:00:00,2.08,79.0
1991-07-21 14:00:00,2.52,113.0
1991-07-21 15:00:00,2.68,140.0
1991-07-21 16:00:00,4.15,147.0
1991-07-21 17:00:00,3.66,187.0
1991-07-21 18:00:00,4.68,200.0
1991-07-21 19:00:00,4.0,210.0
1991-07-21 20:00:00,2.5,218.0
1991-07-21 21:00:00,1.79,194.0
1991-07-21 22:00:00,2.16,190.0
1991-07-21 23:00:00,2.53,185.0
1991-07-22 00:00:00,3.02,171.0
1991-07-22 01:00:00,2.66,155.0
1991-07-22 02:00:00,2.78,152.0
1991-07-22 03:00:00,2.84,152.0
1991-07-22 04:00:00,3.02,136.0
1991-07-22 05:00:00,5.58,116.0
1991-07-22 06:00:00,5.1,108.0
1991-07-22 07:00:00,5.36,119.0
1991-07-22 08:00:00,6.56,120.0
1991-07-22 09:00:00,6.43,139.0
1991-07-22 10:00:00,7.22,144.0
1991-07-22 11:00:00,6.56,144.0
1991-07-22 12:00:00,5.81,136.0
1991-07-22 13:00:00,6.84,129.0
1991-07-22 14:00:00,6.69,143.0
1991-07-22 15:00:00,6.9,136.0
1991-07-22 16:00:00,8.07,98.0
1991-07-22 17:00:00,8.4,129.0
1991-07-22 18:00:00,9.39,116.0
1991-07-22 19:00:00,10.07,115.0
1991-07-22 20:00:00,9.23,108.0
1991-07-22 21:00:00,7.75,116.0
1991-07-22 22:00:00,10.47,129.0
1991-07-22 23:00:00,9.58,130.0
1991-07-23 00:00:00,9.23,129.0
1991-07-23 01:00:00,8.44,122.0
1991-07-23 02:00:00,9.01,122.0
1991-07-23 03:00:00,8.7,127.0
1991-07-23 04:00:00,9.91,132.0
1991-07-23 05:00:00,8.04,124.0
1991-07-23 06:00:00,7.61,136.0
1991-07-23 07:00:00,8.47,148.0
1991-07-23 08:00:00,7.52,152.0
1991-07-23 09:00:00,7.12,156.0
1991-07-23 10:00:00,8.37,156.0
1991-07-23 11:00:00,9.02,159.0
1991-07-23 12:00:00,10.22,144.0
1991-07-23 13:00:00,10.48,154.0
1991-07-23 14:00:00,10.09,154.0
1991-07-23 15:00:00,10.32,155.0
1991-07-23 16:00:00,10.18,183.0
1991-07-23 17:00:00,8.6,178.0
1991-07-23 18:00:00,11.3,176.0
1991-07-23 19:00:00,9.88,178.0
1991-07-23 20:00:00,9.29,176.0
1991-07-23 21:00:00,6.62,168.0
1991-07-23 22:00:00,8.64,187.0
1991-07-23 23:00:00,8.3,186.0
1991-07-24 00:00:00,9.43,190.0
1991-07-24 01:00:00,8.99,190.0
1991-07-24 02:00:00,7.6,183.0
1991-07-24 03:00:00,8.48,186.0
1991-07-24 04:00:00,7.83,194.0
1991-07-24 05:00:00,7.7,206.0
1991-07-24 06:00:00,8.05,213.0
1991-07-24 07:00:00,7.03,206.0
1991-07-24 08:00:00,6.69,199.0
1991-07-24 09:00:00,8.12,204.0
1991-07-24 10:00:00,8.95,190.0
1991-07-24 11:00:00,8.51,192.0
1991-07-24 12:00:00,6.17,186.0
1991-07-24 13:00:00,3.96,203.0
1991-07-24 14:00:00,2.6,231.0
1991-07-24 15:00:00,5.33,241.0
1991-07-24 16:00:00,7.57,251.0
1991-07-24 17:00:00,7.15,252.0
1991-07-24 18:00:00,6.26,248.0
1991-07-24 19:00:00,6.95,225.0
1991-07-24 20:00:00,5.32,242.0
1991-07-24 21:00:00,6.31,249.0
1991-07-24 22:00:00,4.72,249.0
1991-07-24 23:00:00,5.08,244.0
1991-07-25 00:00:00,4.69,231.0
1991-07-25 01:00:00,6.49,242.0
1991-07-25 02:00:00,7.61,238.0
1991-07-25 03:00:00,9.49,244.0
1991-07-25 04:00:00,6.58,252.0
1991-07-25 05:00:00,7.22,275.0
1991-07-25 06:00:00,7.32,282.0
1991-07-25 07:00:00,8.9,296.0
1991-07-25 08:00:00,8.34,299.0
1991-07-25 09:00:00,7.56,290.0
1991-07-25 10:00:00,6.66,294.0
1991-07-25 11:00:00,5.78,273.0
1991-07-25 12:00:00,8.27,294.0
1991-07-25 13:00:00,8.19,307.0
1991-07-25 14:00:00,8.48,303.0
1991-07-25 15:00:00,6.96,311.0
1991-07-25 16:00:00,6.34,314.0
1991-07-25 17:00:00,6.11,301.0
1991-07-25 18:00:00,4.28,300.0
1991-07-25 19:00:00,6.45,300.0
1991-07-25 20:00:00,6.13,293.0
1991-07-25 21:00:00,4.84,301.0
1991-07-25 22:00:00,2.97,275.0
1991-07-25 23:00:00,4.06,289.0
1991-07-26 00:00:00,2.47,266.0
1991-07-26 01:00:00,3.93,261.0
1991-07-26 02:00:00,2.52,266.0
1991-07-26 03:00:00,2.39,256.0
1991-07-26 04:00:00,2.6,225.0
1991-07-26 05:00:00,1.65,287.0
1991-07-26 06:00:00,3.53,216.0
1991-07-26 07:00:00,2.35,251.0
1991-07-26 08:00:00,0.6,296.0
1991-07-26 09:00:00,1.48,262.0
1991-07-26 10:00:00,2.8,227.0
1991-07-26 11:00:00,2.55,240.0
1991-07-26 12:00:00,1.82,206.0
1991-07-26 13:00:00,3.39,216.0
1991-07-26 14:00:00,3.5,206.0
1991-07-26 15:00:00,3.75,211.0
1991-07-26 16:00:00,4.44,204.0
1991-07-26 17:00:00,5.37,199.0
1991-07-26 18:00:00,4.45,193.0
1991-07-26 19:00:00,4.86,224.0
1991-07-26 20:00:00,4.19,200.0
1991-07-26 21:00:00,4.97,182.0
1991-07-26 22:00:00,4.24,168.0
1991-07-26 23:00:00,3.77,165.0
1991-07-27 00:00:00,4.86,179.0
1991-07-27 01:00:00,4.6,169.0
1991-07-27 02:00:00,5.56,187.0
1991-07-27 03:00:00,7.15,185.0
1991-07-27 04:00:00,7.46,189.0
1991-07-27 05:00:00,6.85,183.0
1991-07-27 06:00:00,5.04,169.0
1991-07-27 07:00:00,4.71,171.0
1991-07-27 08:00:00,5.3,166.0
1991-07-27 09:00:00,3.58,163.0
1991-07-27 10:00:00,4.71,172.0
1991-07-27 11:00:00,4.44,185.0
1991-07-27 12:00:00,5.64,169.0
1991-07-27 13:00:00,5.21,178.0
1991-07-27 14:00:00,6.64,194.0
1991-07-27 15:00:00,6.4,193.0
1991-07-27 16:00:00,6.29,193.0
1991-07-27 17:00:00,6.23,183.0
1991-07-27 18:00:00,7.12,175.0
1991-07-27 19:00:00,6.72,175.0
1991-07-27 20:00:00,4.82,172.0
1991-07-27 21:00:00,5.72,182.0
1991-07-27 22:00:00,5.63,182.0
1991-07-27 23:00:00,4.7,171.0
1991-07-28 00:00:00,4.13,165.0
1991-07-28 01:00:00,2.47,162.0
1991-07-28 02:00:00,2.83,146.0
1991-07-28 03:00:00,5.6,123.0
1991-07-28 04:00:00,3.46,144.0
1991-07-28 05:00:00,5.37,109.0
1991-07-28 06:00:00,5.4,105.0
1991-07-28 07:00:00,3.19,120.0
1991-07-28 08:00:00,2.76,88.0
1991-07-28 09:00:00,4.79,98.0
1991-07-28 10:00:00,5.49,112.0
1991-07-28 11:00:00,5.51,75.0
1991-07-28 12:00:00,6.51,79.0
1991-07-28 13:00:00,6.58,75.0
1991-07-28 14:00:00,6.54,102.0
1991-07-28 15:00:00,6.4,71.0
1991-07-28 16:00:00,5.0,108.0
1991-07-28 17:00:00,4.65,88.0
1991-07-28 18:00:00,4.18,94.0
1991-07-28 19:00:00,4.4,98.0
1991-07-28 20:00:00,3.98,88.0
1991-07-28 21:00:00,5.45,70.0
1991-07-28 22:00:00,5.43,58.0
1991-07-28 23:00:00,5.23,48.0
1991-07-29 00:00:00,7.78,67.0
1991-07-29 01:00:00,7.95,79.0
1991-07-29 02:00:00,7.69,71.0
1991-07-29 03:00:00,6.63,63.0
1991-07-29 04:00:00,5.27,57.0
1991-07-29 05:00:00,5.25,48.0
1991-07-29 06:00:00,4.49,58.0
1991-07-29 07:00:00,4.71,57.0
1991-07-29 08:00:00,6.03,41.0
1991-07-29 09:00:00,4.76,29.0
1991-07-29 10:00:00,5.95,27.0
1991-07-29 11:00:00,6.13,19.0
1991-07-29 12:00:00,8.81,47.0
1991-07-29 13:00:00,8.42,54.0
1991-07-29 14:00:00,7.92,55.0
1991-07-29 15:00:00,9.16,57.0
1991-07-29 16:00:00,7.08,53.0
1991-07-29 17:00:00,8.66,46.0
1991-07-29 18:00:00,8.38,53.0
1991-07-29 19:00:00,8.25,57.0
1991-07-29 20:00:00,7.06,54.0
1991-07-29 21:00:00,8.01,43.0
1991-07-29 22:00:00,6.07,20.0
1991-07-29 23:00:00,8.83,41.0
1991-07-30 00:00:00,7.87,40.0
1991-07-30 01:00:00,7.27,46.0
1991-07-30 02:00:00,7.05,41.0
1991-07-30 03:00:00,6.13,44.0
1991-07-30 04:00:00,6.07,44.0
1991-07-30 05:00:00,6.26,47.0
1991-07-30 06:00:00,5.35,61.0
1991-07-30 07:00:00,6.35,81.0
1991-07-30 08:00:00,2.96,103.0
1991-07-30 09:00:00,2.83,113.0
1991-07-30 10:00:00,4.33,117.0
1991-07-30 11:00:00,4.63,182.0
1991-07-30 12:00:00,2.73,101.0
1991-07-30 13:00:00,5.9,92.0
1991-07-30 14:00:00,3.98,84.0
1991-07-30 15:00:00,4.26,92.0
1991-07-30 16:00:00,4.32,110.0
1991-07-30 17:00:00,3.81,89.0
1991-07-30 18:00:00,2.64,91.0
1991-07-30 19:00:00,1.49,109.0
1991-07-30 20:00:00,0.01,8.0
1991-07-30 21:00:00,1.32,26.0
1991-07-30 22:00:00,4.58,9.0
1991-07-30 23:00:00,3.64,2.0
1991-07-31 00:00:00,3.09,1.0
1991-07-31 01:00:00,0.0,320.0
1991-07-31 02:00:00,0.37,242.0
1991-07-31 03:00:00,4.72,206.0
1991-07-31 04:00:00,4.41,213.0
1991-07-31 05:00:00,4.62,218.0
1991-07-31 06:00:00,7.71,194.0
1991-07-31 07:00:00,7.83,189.0
1991-07-31 08:00:00,8.65,178.0
1991-07-31 09:00:00,10.62,159.0
1991-07-31 10:00:00,8.86,187.0
1991-07-31 11:00:00,8.75,187.0
1991-07-31 12:00:00,7.46,209.0
1991-07-31 13:00:00,7.14,206.0
1991-07-31 14:00:00,6.28,203.0
1991-10-22 13:00:00,1.52,324.0
1991-10-22 14:00:00,2.5,66.0
1991-10-22 15:00:00,1.64,79.0
1991-10-22 16:00:00,1.93,69.0
1991-10-22 17:00:00,0.0,82.0
1991-10-22 18:00:00,0.54,342.0
1991-10-22 19:00:00,0.96,356.0
1991-10-22 20:00:00,1.94,41.0
1991-10-22 21:00:00,1.66,75.0
1991-10-22 22:00:00,0.0,293.0
1991-10-22 23:00:00,1.07,265.0
1991-10-23 00:00:00,0.0,348.0
1991-10-23 01:00:00,0.97,244.0
1991-10-23 02:00:00,3.88,286.0
1991-10-23 03:00:00,3.14,318.0
1991-10-23 04:00:00,2.63,327.0
1991-10-23 05:00:00,3.79,315.0
1991-10-23 06:00:00,2.59,325.0
1991-10-23 07:00:00,2.87,311.0
1991-10-23 08:00:00,2.29,332.0
1991-10-23 09:00:00,3.53,355.0
1991-10-23 10:00:00,2.02,328.0
1991-10-23 11:00:00,2.06,317.0
1991-10-23 12:00:00,0.66,301.0
1991-10-23 13:00:00,0.09,304.0
1991-10-23 14:00:00,0.1,325.0
1991-10-23 15:00:00,0.18,351.0
1991-10-23 16:00:00,0.26,279.0
1991-10-23 17:00:00,0.34,275.0
1991-10-23 18:00:00,1.08,338.0
1991-10-23 19:00:00,1.06,328.0
1991-10-23 20:00:00,1.15,0.0
1991-10-23 21:00:00,3.01,18.0
1991-10-23 22:00:00,1.5,353.0
1991-10-23 23:00:00,0.73,10.0
1991-10-24 00:00:00,0.9,356.0
1991-10-24 01:00:00,0.96,10.0
1991-10-24 02:00:00,0.68,39.0
1991-10-24 03:00:00,0.88,349.0
1991-10-24 04:00:00,0.0,280.0
1991-10-24 05:00:00,2.46,41.0
1991-10-24 06:00:00,3.16,28.0
1991-10-24 07:00:00,3.56,56.0
1991-10-24 08:00:00,5.06,68.0
1991-10-24 09:00:00,4.0,73.0
1991-10-24 10:00:00,4.5,65.0
1991-10-24 11:00:00,4.53,84.0
1991-10-24 12:00:00,3.84,79.0
1991-10-24 13:00:00,5.3,76.0
1991-10-24 14:00:00,5.44,86.0
1991-10-24 15:00:00,4.45,93.0
1991-10-24 16:00:00,3.88,79.0
1991-10-24 17:00:00,4.03,73.0
1991-10-24 18:00:00,6.18,84.0
1991-10-24 19:00:00,5.54,90.0
1991-10-24 20:00:00,4.93,80.0
1991-10-24 21:00:00,5.0,79.0
1991-10-24 22:00:00,3.96,80.0
1991-10-24 23:00:00,4.51,97.0
1991-10-25 00:00:00,4.44,90.0
1991-10-25 01:00:00,3.47,80.0
1991-10-25 02:00:00,3.32,76.0
1991-10-25 03:00:00,2.63,70.0
1991-10-25 04:00:00,3.01,75.0
1991-10-25 05:00:00,3.85,87.0
1991-10-25 06:00:00,3.41,89.0
1991-10-25 07:00:00,2.6,84.0
1991-10-25 08:00:00,2.97,77.0
1991-10-25 09:00:00,2.64,73.0
1991-10-25 10:00:00,4.41,94.0
1991-10-25 11:00:00,3.33,107.0
1991-10-25 12:00:00,2.31,114.0
1991-10-25 13:00:00,2.79,84.0
1991-10-25 14:00:00,3.39,104.0
1991-10-25 15:00:00,3.89,107.0
1991-10-25 16:00:00,3.7,106.0
1991-10-25 17:00:00,3.98,106.0
1991-10-25 18:00:00,3.66,101.0
1991-10-25 19:00:00,5.35,104.0
1991-10-25 20:00:00,4.43,114.0
1991-10-25 21:00:00,4.03,117.0
1991-10-25 22:00:00,4.35,115.0
1991-10-25 23:00:00,3.98,127.0
1991-10-26 00:00:00,4.55,128.0
1991-10-26 01:00:00,5.09,128.0
1991-10-26 02:00:00,4.8,134.0
1991-10-26 03:00:00,5.11,131.0
1991-10-26 04:00:00,5.18,132.0
1991-10-26 05:00:00,4.71,132.0
1991-10-26 06:00:00,4.7,132.0
1991-10-26 07:00:00,6.36,135.0
1991-10-26 08:00:00,5.34,138.0
1991-10-26 09:00:00,5.97,139.0
1991-10-26 10:00:00,6.41,144.0
1991-10-26 11:00:00,5.86,142.0
1991-10-26 12:00:00,5.49,132.0
1991-10-26 13:00:00,6.05,146.0
1991-10-26 14:00:00,5.24,153.0
1991-10-26 15:00:00,2.34,149.0
1991-10-26 16:00:00,3.05,130.0
1991-10-26 17:00:00,2.8,113.0
1991-10-26 18:00:00,5.4,121.0
1991-10-26 19:00:00,5.68,114.0
1991-10-26 20:00:00,5.8,113.0
1991-10-26 21:00:00,6.13,121.0
1991-10-26 22:00:00,6.79,141.0
1991-10-26 23:00:00,6.47,145.0
1991-10-27 00:00:00,5.97,131.0
1991-10-27 01:00:00,5.93,114.0
1991-10-27 02:00:00,5.69,117.0
1991-10-27 03:00:00,5.86,121.0
1991-10-27 04:00:00,3.48,120.0
1991-10-27 05:00:00,2.92,127.0
1991-10-27 06:00:00,1.9,107.0
1991-10-27 07:00:00,2.11,101.0
1991-10-27 08:00:00,2.19,130.0
1991-10-27 09:00:00,1.43,111.0
1991-10-27 10:00:00,2.58,108.0
1991-10-27 11:00:00,1.57,121.0
1991-10-27 12:00:00,1.62,137.0
1991-10-27 13:00:00,2.51,114.0
1991-10-27 14:00:00,3.39,141.0
1991-10-27 15:00:00,4.3,135.0
1991-10-27 16:00:00,3.45,115.0
1991-10-27 17:00:00,4.59,138.0
1991-10-27 18:00:00,4.03,124.0
1991-10-27 19:00:00,3.85,134.0
1991-10-27 20:00:00,3.37,118.0
1991-10-27 21:00:00,3.48,125.0
1991-10-27 22:00:00,2.64,128.0
1991-10-27 23:00:00,2.64,135.0
1991-10-28 00:00:00,3.02,139.0
1991-10-28 01:00:00,2.83,128.0
1991-10-28 02:00:00,2.71,139.0
1991-10-28 03:00:00,4.43,110.0
1991-10-28 04:00:00,3.17,106.0
1991-10-28 05:00:00,4.09,111.0
1991-10-28 06:00:00,4.14,110.0
1991-10-28 07:00:00,4.82,111.0
1991-10-28 08:00:00,3.83,107.0
1991-10-28 09:00:00,4.77,107.0
1991-10-28 10:00:00,3.5,106.0
1991-10-28 11:00:00,1.0,107.0
1991-10-28 12:00:00,1.68,117.0
1991-10-28 13:00:00,1.1,103.0
1991-10-28 14:00:00,0.76,82.0
1991-10-28 15:00:00,3.35,92.0
1991-10-28 16:00:00,2.96,89.0
1991-10-28 17:00:00,3.43,97.0
1991-10-28 18:00:00,3.19,103.0
1991-10-28 19:00:00,4.19,118.0
1991-10-28 20:00:00,2.33,134.0
1991-10-28 21:00:00,3.34,139.0
1991-10-28 22:00:00,4.65,138.0
1991-10-28 23:00:00,4.46,117.0
1991-10-29 00:00:00,4.76,148.0
1991-10-29 01:00:00,3.69,141.0
1991-10-29 02:00:00,5.38,141.0
1991-10-29 03:00:00,4.49,152.0
1991-10-29 04:00:00,7.43,155.0
1991-10-29 05:00:00,5.35,155.0
1991-10-29 06:00:00,7.08,162.0
1991-10-29 07:00:00,7.59,163.0
1991-10-29 08:00:00,8.91,158.0
1991-10-29 09:00:00,12.26,162.0
1991-10-29 10:00:00,12.36,165.0
1991-10-29 11:00:00,15.26,168.0
1991-10-29 12:00:00,13.74,166.0
1991-10-29 13:00:00,14.27,160.0
1991-10-29 14:00:00,12.82,160.0
1991-10-29 15:00:00,14.19,156.0
1991-10-29 16:00:00,15.82,158.0
1991-10-29 17:00:00,14.31,149.0
1991-10-29 18:00:00,15.07,148.0
1991-10-29 19:00:00,13.34,152.0
1991-10-29 20:00:00,9.29,170.0
1991-10-29 21:00:00,3.87,206.0
1991-10-29 22:00:00,5.82,221.0
1991-10-29 23:00:00,5.9,248.0
1991-10-30 00:00:00,5.09,238.0
1991-10-30 01:00:00,5.35,237.0
1991-10-30 02:00:00,6.93,245.0
1991-10-30 03:00:00,4.38,248.0
1991-10-30 04:00:00,6.75,241.0
1991-10-30 05:00:00,4.57,260.0
1991-10-30 06:00:00,6.1,265.0
1991-10-30 07:00:00,5.98,267.0
1991-10-30 08:00:00,5.37,263.0
1991-10-30 09:00:00,5.69,260.0
1991-10-30 10:00:00,5.83,269.0
1991-10-30 11:00:00,7.16,262.0
1991-10-30 12:00:00,5.52,267.0
1991-10-30 13:00:00,4.1,270.0
1991-10-30 14:00:00,4.69,256.0
1991-10-30 15:00:00,5.15,232.0
1991-10-30 16:00:00,4.63,199.0
1991-10-30 17:00:00,5.47,194.0
1991-10-30 18:00:00,7.25,180.0
1991-10-30 19:00:00,8.46,179.0
1991-10-30 20:00:00,9.38,176.0
1991-10-30 21:00:00,9.82,169.0
1991-10-30 22:00:00,10.34,170.0
1991-10-30 23:00:00,13.1,168.0
1991-10-31 00:00:00,13.57,172.0
1991-10-31 01:00:00,14.86,165.0
1991-10-31 02:00:00,18.1,169.0
1991-10-31 03:00:00,17.04,169.0
1991-10-31 04:00:00,20.33,160.0
1991-10-31 05:00:00,18.03,168.0
1991-10-31 06:00:00,19.88,168.0
1991-10-31 07:00:00,20.32,162.0
1991-10-31 08:00:00,19.57,166.0
1991-10-31 09:00:00,19.78,172.0
1991-10-31 10:00:00,22.02,172.0
1991-10-31 11:00:00,20.69,170.0
1991-10-31 12:00:00,21.23,176.0
1991-10-31 13:00:00,20.18,180.0
1991-10-31 14:00:00,10.01,232.0
1991-10-31 15:00:00,7.42,229.0
1991-10-31 16:00:00,9.39,237.0
1991-10-31 17:00:00,8.94,231.0
1991-10-31 18:00:00,9.58,207.0
1991-10-31 19:00:00,9.37,208.0
1991-10-31 20:00:00,9.93,204.0
1991-10-31 21:00:00,11.52,201.0
1991-10-31 22:00:00,10.73,208.0
1991-10-31 23:00:00,13.7,210.0
1991-11-01 00:00:00,12.78,200.0
1991-11-01 01:00:00,12.3,190.0
1991-11-01 02:00:00,15.03,197.0
1991-11-01 03:00:00,14.62,203.0
1991-11-01 04:00:00,13.44,196.0
1991-11-01 05:00:00,15.86,199.0
1991-11-01 06:00:00,14.6,201.0
1991-11-01 07:00:00,15.67,200.0
1991-11-01 08:00:00,17.13,193.0
1991-11-01 09:00:00,14.85,199.0
1991-11-01 10:00:00,17.57,206.0
1991-11-01 11:00:00,17.54,215.0
1991-11-01 12:00:00,18.8,211.0
1991-11-01 13:00:00,14.3,225.0
1991-11-01 14:00:00,14.62,228.0
1991-11-01 15:00:00,14.1,229.0
1991-11-01 16:00:00,14.81,228.0
1991-11-01 17:00:00,18.06,229.0
1991-11-01 18:00:00,18.46,228.0
1991-11-01 19:00:00,20.04,231.0
1991-11-01 20:00:00,21.46,242.0
1991-11-01 21:00:00,18.01,239.0
1991-11-01 22:00:00,21.04,249.0
1991-11-01 23:00:00,17.79,259.0
1991-11-02 00:00:00,19.8,260.0
1991-11-02 01:00:00,19.4,259.0
1991-11-02 02:00:00,16.87,259.0
1991-11-02 03:00:00,17.16,265.0
1991-11-02 04:00:00,16.61,260.0
1991-11-02 05:00:00,15.96,259.0
1991-11-02 06:00:00,13.12,258.0
1991-11-02 07:00:00,14.82,262.0
1991-11-02 08:00:00,14.84,260.0
1991-11-02 09:00:00,12.77,246.0
1991-11-02 10:00:00,14.29,244.0
1991-11-02 11:00:00,14.65,241.0
1991-11-02 12:00:00,15.19,244.0
1991-11-02 13:00:00,14.99,237.0
1991-11-02 14:00:00,14.72,232.0
1991-11-02 15:00:00,15.85,237.0
1991-11-02 16:00:00,16.19,235.0
1991-11-02 17:00:00,14.68,231.0
1991-11-02 18:00:00,13.74,232.0
1991-11-02 19:00:00,13.81,231.0
1991-11-02 20:00:00,15.53,232.0
1991-11-02 21:00:00,17.82,237.0
1991-11-02 22:00:00,16.49,239.0
1991-11-02 23:00:00,19.91,251.0
1991-11-03 00:00:00,16.64,253.0
1991-11-03 01:00:00,16.48,259.0
1991-11-03 02:00:00,13.87,262.0
1991-11-03 03:00:00,13.96,246.0
1991-11-03 04:00:00,15.28,251.0
1991-11-03 05:00:00,15.75,246.0
1991-11-03 06:00:00,11.1,253.0
1991-11-03 07:00:00,11.89,265.0
1991-11-03 08:00:00,10.34,260.0
1991-11-03 09:00:00,10.67,245.0
1991-11-03 10:00:00,11.21,241.0
1991-11-03 11:00:00,9.08,224.0
1991-11-03 12:00:00,9.26,235.0
1991-11-03 13:00:00,13.99,272.0
1991-11-03 14:00:00,10.75,273.0
1991-11-03 15:00:00,11.09,259.0
1991-11-03 16:00:00,10.37,260.0
1991-11-03 17:00:00,9.63,260.0
1991-11-03 18:00:00,9.95,252.0
1991-11-03 19:00:00,7.47,253.0
1991-11-03 20:00:00,8.63,238.0
1991-11-03 21:00:00,7.57,231.0
1991-11-03 22:00:00,8.44,218.0
1991-11-03 23:00:00,2.01,191.0
1991-11-04 00:00:00,3.06,155.0
1991-11-04 01:00:00,1.02,200.0
1991-11-04 02:00:00,0.86,346.0
1991-11-04 03:00:00,1.8,327.0
1991-11-04 04:00:00,3.67,322.0
1991-11-04 05:00:00,6.16,293.0
1991-11-04 06:00:00,7.64,277.0
1991-11-04 07:00:00,6.99,293.0
1991-11-04 08:00:00,7.88,308.0
1991-11-04 09:00:00,8.57,286.0
1991-11-04 10:00:00,10.98,283.0
1991-11-04 11:00:00,10.88,297.0
1991-11-04 12:00:00,13.23,294.0
1991-11-04 13:00:00,16.43,298.0
1991-11-04 14:00:00,16.43,301.0
1991-11-04 15:00:00,14.53,301.0
1991-11-04 16:00:00,10.77,303.0
1991-11-04 17:00:00,9.48,320.0
1991-11-04 18:00:00,9.91,328.0
1991-11-04 19:00:00,10.11,345.0
1991-11-04 20:00:00,8.24,313.0
1991-11-04 21:00:00,6.64,311.0
1991-11-04 22:00:00,5.29,321.0
1991-11-04 23:00:00,3.87,311.0
1991-11-05 00:00:00,4.27,334.0
1991-11-05 01:00:00,4.91,335.0
1991-11-05 02:00:00,5.26,336.0
1991-11-05 03:00:00,5.76,334.0
1991-11-05 04:00:00,6.63,318.0
1991-11-05 05:00:00,6.09,315.0
1991-11-05 06:00:00,2.77,332.0
1991-11-05 07:00:00,3.91,339.0
1991-11-05 08:00:00,3.34,339.0
1991-11-05 09:00:00,3.32,341.0
1991-11-05 10:00:00,3.85,346.0
1991-11-05 11:00:00,8.27,346.0
1991-11-05 12:00:00,8.82,345.0
1991-11-05 13:00:00,8.23,345.0
1991-11-05 14:00:00,8.96,345.0
1991-11-05 15:00:00,7.5,351.0
1991-11-05 16:00:00,4.76,339.0
1991-11-05 17:00:00,5.24,314.0
1991-11-05 18:00:00,3.7,294.0
1991-11-05 19:00:00,5.21,297.0
1991-11-05 20:00:00,5.64,303.0
1991-11-05 21:00:00,4.9,276.0
1991-11-05 22:00:00,3.1,273.0
1991-11-05 23:00:00,4.51,260.0
1991-11-06 00:00:00,4.44,272.0
1991-11-06 01:00:00,5.08,277.0
1991-11-06 02:00:00,5.98,283.0
1991-11-06 03:00:00,4.3,265.0
1991-11-06 04:00:00,5.75,260.0
1991-11-06 05:00:00,8.58,260.0
1991-11-06 06:00:00,9.49,260.0
1991-11-06 07:00:00,8.74,256.0
1991-11-06 08:00:00,7.87,255.0
1991-11-06 09:00:00,10.04,266.0
1991-11-06 10:00:00,10.48,259.0
1991-11-06 11:00:00,12.92,260.0
1991-11-06 12:00:00,14.29,266.0
1991-11-06 13:00:00,15.31,265.0
1991-11-06 14:00:00,19.08,260.0
1991-11-06 15:00:00,16.6,262.0
1991-11-06 16:00:00,14.69,258.0
1991-11-06 17:00:00,14.54,255.0
1991-11-06 18:00:00,17.1,258.0
1991-11-06 19:00:00,16.85,260.0
1991-11-06 20:00:00,17.32,260.0
1991-11-06 21:00:00,18.07,262.0
1991-11-06 22:00:00,14.64,259.0
1991-11-06 23:00:00,16.94,266.0
1991-11-07 00:00:00,17.62,263.0
1991-11-07 01:00:00,19.54,273.0
1991-11-07 02:00:00,21.37,276.0
1991-11-07 03:00:00,19.59,275.0
1991-11-07 04:00:00,17.63,267.0
1991-11-07 05:00:00,17.77,270.0
1991-11-07 06:00:00,18.35,263.0
1991-11-07 07:00:00,16.84,263.0
1991-11-07 08:00:00,16.59,262.0
1991-11-07 09:00:00,18.02,265.0
1991-11-07 10:00:00,19.63,263.0
1991-11-07 11:00:00,18.11,263.0
1991-11-07 12:00:00,20.33,262.0
1991-11-07 13:00:00,19.75,260.0
1991-11-07 14:00:00,19.0,265.0
1991-11-07 15:00:00,18.52,260.0
1991-11-07 16:00:00,19.17,260.0
1991-11-07 17:00:00,18.86,263.0
1991-11-07 18:00:00,16.17,270.0
1991-11-07 19:00:00,17.06,265.0
1991-11-07 20:00:00,17.46,260.0
1991-11-07 21:00:00,20.02,260.0
1991-11-07 22:00:00,18.55,262.0
1991-11-07 23:00:00,18.66,262.0
1991-11-08 00:00:00,17.29,262.0
1991-11-08 01:00:00,14.44,269.0
1991-11-08 02:00:00,15.18,269.0
1991-11-08 03:00:00,12.77,284.0
1991-11-08 04:00:00,12.43,280.0
1991-11-08 05:00:00,10.12,282.0
1991-11-08 06:00:00,8.43,282.0
1991-11-08 07:00:00,10.83,280.0
1991-11-08 08:00:00,9.67,286.0
1991-11-08 09:00:00,10.73,280.0
1991-11-08 10:00:00,9.55,279.0
1991-11-08 11:00:00,9.71,289.0
1991-11-08 12:00:00,10.31,287.0
1992-02-06 14:00:00,8.2,241.0
1992-02-06 15:00:00,10.91,248.0
1992-02-06 16:00:00,11.0,249.0
1992-02-06 17:00:00,10.68,246.0
1992-02-06 18:00:00,10.54,248.0
1992-02-06 19:00:00,11.96,248.0
1992-02-06 20:00:00,11.38,245.0
1992-02-06 21:00:00,10.77,251.0
1992-02-06 22:00:00,12.68,252.0
1992-02-06 23:00:00,14.3,255.0
1992-02-07 00:00:00,12.94,245.0
1992-02-07 01:00:00,12.68,244.0
1992-02-07 02:00:00,16.53,245.0
1992-02-07 03:00:00,12.31,246.0
1992-02-07 04:00:00,12.68,255.0
1992-02-07 05:00:00,16.1,244.0
1992-02-07 06:00:00,8.37,259.0
1992-02-07 07:00:00,13.91,251.0
1992-02-07 08:00:00,14.94,246.0
1992-02-07 09:00:00,12.4,246.0
1992-02-07 10:00:00,11.0,251.0
1992-02-07 11:00:00,9.53,246.0
1992-02-07 12:00:00,10.76,235.0
1992-02-07 13:00:00,10.59,235.0
1992-02-07 14:00:00,7.17,239.0
1992-02-07 15:00:00,8.04,241.0
1992-02-07 16:00:00,11.53,238.0
1992-02-07 17:00:00,10.05,241.0
1992-02-07 18:00:00,7.69,245.0
1992-02-07 19:00:00,6.53,242.0
1992-02-07 20:00:00,13.03,242.0
1992-02-07 21:00:00,8.45,239.0
1992-02-07 22:00:00,10.08,239.0
1992-02-07 23:00:00,11.36,238.0
1992-02-08 00:00:00,9.06,242.0
1992-02-08 01:00:00,10.95,241.0
1992-02-08 02:00:00,9.29,237.0
1992-02-08 03:00:00,9.39,237.0
1992-02-08 04:00:00,7.16,239.0
1992-02-08 05:00:00,6.92,229.0
1992-02-08 06:00:00,8.36,225.0
1992-02-08 07:00:00,9.54,225.0
1992-02-08 08:00:00,7.76,221.0
1992-02-08 09:00:00,8.42,210.0
1992-02-08 10:00:00,6.61,203.0
1992-02-08 11:00:00,8.45,187.0
1992-02-08 12:00:00,7.91,162.0
1992-02-08 13:00:00,5.73,165.0
1992-02-08 14:00:00,6.31,175.0
1992-02-08 15:00:00,6.21,159.0
1992-02-08 16:00:00,9.73,165.0
1992-02-08 17:00:00,11.51,155.0
1992-02-08 18:00:00,12.31,160.0
1992-02-08 19:00:00,12.83,180.0
1992-02-08 20:00:00,16.9,180.0
1992-02-08 21:00:00,14.65,182.0
1992-02-08 22:00:00,13.01,180.0
1992-02-08 23:00:00,10.43,177.0
1992-02-09 00:00:00,9.65,191.0
1992-02-09 01:00:00,13.06,190.0
1992-02-09 02:00:00,10.17,194.0
1992-02-09 03:00:00,11.75,208.0
1992-02-09 04:00:00,11.12,231.0
1992-02-09 05:00:00,8.13,222.0
1992-02-09 06:00:00,9.96,218.0
1992-02-09 07:00:00,11.56,213.0
1992-02-09 08:00:00,11.81,211.0
1992-02-09 09:00:00,13.17,214.0
1992-02-09 10:00:00,13.79,231.0
1992-02-09 11:00:00,8.97,244.0
1992-02-09 12:00:00,7.57,263.0
1992-02-09 13:00:00,6.85,234.0
1992-02-09 14:00:00,8.3,259.0
1992-02-09 15:00:00,9.08,255.0
1992-02-09 16:00:00,8.02,266.0
1992-02-09 17:00:00,9.07,273.0
1992-02-09 18:00:00,8.1,283.0
1992-02-09 19:00:00,10.23,297.0
1992-02-09 20:00:00,8.86,269.0
1992-02-09 21:00:00,11.7,277.0
1992-02-09 22:00:00,10.3,267.0
1992-02-09 23:00:00,9.98,272.0
1992-02-10 00:00:00,11.94,267.0
1992-02-10 01:00:00,10.38,260.0
1992-02-10 02:00:00,8.46,255.0
1992-02-10 03:00:00,10.57,255.0
1992-02-10 04:00:00,10.54,252.0
1992-02-10 05:00:00,9.17,244.0
1992-02-10 06:00:00,10.52,256.0
1992-02-10 07:00:00,9.92,248.0
1992-02-10 08:00:00,11.49,246.0
1992-02-10 09:00:00,12.33,258.0
1992-02-10 10:00:00,11.09,259.0
1992-02-10 11:00:00,10.01,273.0
1992-02-10 12:00:00,10.35,260.0
1992-02-10 13:00:00,10.46,259.0
1992-02-10 14:00:00,10.0,256.0
1992-02-10 15:00:00,10.38,260.0
1992-02-10 16:00:00,8.44,253.0
1992-02-10 17:00:00,6.68,246.0
1992-02-10 18:00:00,6.81,232.0
1992-02-10 19:00:00,5.39,227.0
1992-02-10 20:00:00,4.55,189.0
1992-02-10 21:00:00,6.36,169.0
1992-02-10 22:00:00,6.72,163.0
1992-02-10 23:00:00,5.53,163.0
1992-02-11 00:00:00,5.31,158.0
1992-02-11 01:00:00,1.75,114.0
1992-02-11 02:00:00,2.49,83.0
1992-02-11 03:00:00,2.07,84.0
1992-02-11 04:00:00,3.46,80.0
1992-02-11 05:00:00,3.72,86.0
1992-02-11 06:00:00,3.81,58.0
1992-02-11 07:00:00,3.66,42.0
1992-02-11 08:00:00,3.55,53.0
1992-02-11 09:00:00,2.47,59.0
1992-02-11 10:00:00,2.18,101.0
1992-02-11 11:00:00,3.03,124.0
1992-02-11 12:00:00,2.04,144.0
1992-02-11 13:00:00,3.38,152.0
1992-02-11 14:00:00,3.14,176.0
1992-02-11 15:00:00,3.07,196.0
1992-02-11 16:00:00,4.65,215.0
1992-02-11 17:00:00,5.63,215.0
1992-02-11 18:00:00,3.34,203.0
1992-02-11 19:00:00,3.96,196.0
1992-02-11 20:00:00,8.11,159.0
1992-02-11 21:00:00,10.08,158.0
1992-02-11 22:00:00,3.79,175.0
1992-02-11 23:00:00,8.37,159.0
1992-02-12 00:00:00,7.27,175.0
1992-02-12 01:00:00,7.68,182.0
1992-02-12 02:00:00,5.68,170.0
1992-02-12 03:00:00,14.31,170.0
1992-02-12 04:00:00,14.97,184.0
1992-02-12 05:00:00,14.93,179.0
1992-02-12 06:00:00,14.38,196.0
1992-02-12 07:00:00,13.68,187.0
1992-02-12 08:00:00,11.85,176.0
1992-02-12 09:00:00,13.82,172.0
1992-02-12 10:00:00,14.2,184.0
1992-02-12 11:00:00,12.23,183.0
1992-02-12 12:00:00,14.85,199.0
1992-02-12 13:00:00,15.63,187.0
1992-02-12 14:00:00,12.15,221.0
1992-02-12 15:00:00,13.09,256.0
1992-02-12 16:00:00,12.95,277.0
1992-02-12 17:00:00,12.45,262.0
1992-02-12 18:00:00,10.57,259.0
1992-02-12 19:00:00,11.99,259.0
1992-02-12 20:00:00,10.45,249.0
1992-02-12 21:00:00,11.07,244.0
1992-02-12 22:00:00,11.58,239.0
1992-02-12 23:00:00,10.84,232.0
1992-02-13 00:00:00,10.62,232.0
1992-02-13 01:00:00,8.87,237.0
1992-02-13 02:00:00,11.31,241.0
1992-02-13 03:00:00,8.17,225.0
1992-02-13 04:00:00,9.15,229.0
1992-02-13 05:00:00,8.99,235.0
1992-02-13 06:00:00,8.63,235.0
1992-02-13 07:00:00,8.96,234.0
1992-02-13 08:00:00,10.19,242.0
1992-02-13 09:00:00,10.95,246.0
1992-02-13 10:00:00,10.03,256.0
1992-02-13 11:00:00,11.55,259.0
1992-02-13 12:00:00,15.09,263.0
1992-02-13 13:00:00,13.2,265.0
1992-02-13 14:00:00,14.71,266.0
1992-02-13 15:00:00,13.23,273.0
1992-02-13 16:00:00,13.77,272.0
1992-02-13 17:00:00,13.77,263.0
1992-02-13 18:00:00,13.58,266.0
1992-02-13 19:00:00,14.39,269.0
1992-02-13 20:00:00,13.07,266.0
1992-02-13 21:00:00,14.54,263.0
1992-02-13 22:00:00,14.77,260.0
1992-02-13 23:00:00,13.59,263.0
1992-02-14 00:00:00,11.56,258.0
1992-02-14 01:00:00,10.07,259.0
1992-02-14 02:00:00,10.08,249.0
1992-02-14 03:00:00,11.64,241.0
1992-02-14 04:00:00,9.38,238.0
1992-02-14 05:00:00,8.75,237.0
1992-02-14 06:00:00,8.02,224.0
1992-02-14 07:00:00,10.68,215.0
1992-02-14 08:00:00,8.13,197.0
1992-02-14 09:00:00,11.68,206.0
1992-02-14 10:00:00,12.79,190.0
1992-02-14 11:00:00,12.42,189.0
1992-02-14 12:00:00,12.88,184.0
1992-02-14 13:00:00,12.73,204.0
1992-02-14 14:00:00,13.08,217.0
1992-02-14 15:00:00,14.27,237.0
1992-02-14 16:00:00,14.63,242.0
1992-02-14 17:00:00,16.37,245.0
1992-02-14 18:00:00,17.33,244.0
1992-02-14 19:00:00,15.43,244.0
1992-02-14 20:00:00,12.38,246.0
1992-02-14 21:00:00,15.08,252.0
1992-02-14 22:00:00,13.84,252.0
1992-02-14 23:00:00,12.11,260.0
1992-02-15 00:00:00,10.39,258.0
1992-02-15 01:00:00,13.56,265.0
1992-02-15 02:00:00,13.73,277.0
1992-02-15 03:00:00,17.31,279.0
1992-02-15 04:00:00,17.72,280.0
1992-02-15 05:00:00,15.95,280.0
1992-02-15 06:00:00,17.24,277.0
1992-02-15 07:00:00,16.48,279.0
1992-02-15 08:00:00,14.66,275.0
1992-02-15 09:00:00,16.15,282.0
1992-02-15 10:00:00,15.87,279.0
1992-02-15 11:00:00,15.08,276.0
1992-02-15 12:00:00,14.88,277.0
1992-02-15 13:00:00,13.03,277.0
1992-02-15 14:00:00,16.2,283.0
1992-02-15 15:00:00,15.52,277.0
1992-02-15 16:00:00,15.76,277.0
1992-02-15 17:00:00,15.29,280.0
1992-02-15 18:00:00,13.72,277.0
1992-02-15 19:00:00,15.47,280.0
1992-02-15 20:00:00,15.61,286.0
1992-02-15 21:00:00,15.05,283.0
1992-02-15 22:00:00,14.87,282.0
1992-02-15 23:00:00,12.98,287.0
1992-02-16 00:00:00,13.33,286.0
1992-02-16 01:00:00,13.95,287.0
1992-02-16 02:00:00,14.36,289.0
1992-02-16 03:00:00,14.83,294.0
1992-02-16 04:00:00,13.95,286.0
1992-02-16 05:00:00,13.32,293.0
1992-02-16 06:00:00,15.61,297.0
1992-02-16 07:00:00,14.23,296.0
1992-02-16 08:00:00,15.37,300.0
1992-02-16 09:00:00,14.1,296.0
1992-02-16 10:00:00,13.98,297.0
1992-02-16 11:00:00,14.4,303.0
1992-02-16 12:00:00,12.75,325.0
1992-02-16 13:00:00,11.14,327.0
1992-02-16 14:00:00,11.59,320.0
1992-02-16 15:00:00,10.79,338.0
1992-02-16 16:00:00,10.52,331.0
1992-02-16 17:00:00,9.89,345.0
1992-02-16 18:00:00,11.51,356.0
1992-02-16 19:00:00,5.74,339.0
1992-02-16 20:00:00,6.45,308.0
1992-02-16 21:00:00,5.7,329.0
1992-02-16 22:00:00,5.84,313.0
1992-02-16 23:00:00,4.71,303.0
1992-02-17 00:00:00,4.99,329.0
1992-02-17 01:00:00,3.33,329.0
1992-02-17 02:00:00,2.66,339.0
1992-02-17 03:00:00,4.42,320.0
1992-02-17 04:00:00,2.02,275.0
1992-02-17 05:00:00,2.7,324.0
1992-02-17 06:00:00,1.5,277.0
1992-02-17 07:00:00,1.1,272.0
1992-02-17 08:00:00,0.79,4.0
1992-02-17 09:00:00,0.33,359.0
1992-02-17 10:00:00,0.65,93.0
1992-02-17 11:00:00,0.75,145.0
1992-02-17 12:00:00,1.98,145.0
1992-02-17 13:00:00,2.5,162.0
1992-02-17 14:00:00,4.08,182.0
1992-02-17 15:00:00,4.1,183.0
1992-02-17 16:00:00,3.99,182.0
1992-02-17 17:00:00,5.51,177.0
1992-02-17 18:00:00,4.48,190.0
1992-02-17 19:00:00,4.67,184.0
1992-02-17 20:00:00,4.94,186.0
1992-02-17 21:00:00,5.8,169.0
1992-02-17 22:00:00,5.62,176.0
1992-02-17 23:00:00,6.9,163.0
1992-02-18 00:00:00,6.75,172.0
1992-02-18 01:00:00,6.46,168.0
1992-02-18 02:00:00,6.19,189.0
1992-02-18 03:00:00,5.67,193.0
1992-02-18 04:00:00,4.82,197.0
1992-02-18 05:00:00,2.03,217.0
1992-02-18 06:00:00,0.0,251.0
1992-02-18 07:00:00,0.86,15.0
1992-02-18 08:00:00,2.7,359.0
1992-02-18 09:00:00,2.62,338.0
1992-02-18 10:00:00,2.55,356.0
1992-02-18 11:00:00,2.56,8.0
1992-02-18 12:00:00,2.53,41.0
1992-02-18 13:00:00,2.99,49.0
1992-02-18 14:00:00,3.86,55.0
1992-02-18 15:00:00,4.69,69.0
1992-02-18 16:00:00,3.18,89.0
1992-02-18 17:00:00,3.85,77.0
1992-02-18 18:00:00,2.57,77.0
1992-02-18 19:00:00,0.0,77.0
1992-02-18 20:00:00,0.0,77.0
1992-02-18 21:00:00,0.0,77.0
1992-02-18 22:00:00,0.0,77.0
1992-02-18 23:00:00,0.0,77.0
1992-02-19 00:00:00,0.0,77.0
1992-02-19 01:00:00,0.0,77.0
1992-02-19 02:00:00,0.0,77.0
1992-02-19 03:00:00,0.0,77.0
1992-02-19 04:00:00,0.0,77.0
1992-02-19 05:00:00,0.0,77.0
1992-02-19 06:00:00,0.0,77.0
1992-02-19 07:00:00,0.0,77.0
1992-02-19 08:00:00,0.0,77.0
1992-02-19 09:00:00,0.0,77.0
1992-02-19 10:00:00,0.31,214.0
1992-02-19 11:00:00,0.0,204.0
1992-02-19 12:00:00,0.0,182.0
1992-02-19 13:00:00,0.04,169.0
1992-02-19 14:00:00,1.4,256.0
1992-02-19 15:00:00,1.14,163.0
1992-02-19 16:00:00,0.8,199.0
1992-02-19 17:00:00,2.61,182.0
1992-02-19 18:00:00,4.72,187.0
1992-02-19 19:00:00,2.34,228.0
1992-02-19 20:00:00,0.63,197.0
1992-02-19 21:00:00,3.28,203.0
1992-02-19 22:00:00,2.46,234.0
1992-02-19 23:00:00,3.52,225.0
1992-02-20 00:00:00,2.03,231.0
1992-02-20 01:00:00,3.51,222.0
1992-02-20 02:00:00,3.77,239.0
1992-02-20 03:00:00,3.85,237.0
1992-02-20 04:00:00,5.49,231.0
1992-02-20 05:00:00,5.95,252.0
1992-02-20 06:00:00,6.24,241.0
1992-02-20 07:00:00,5.63,242.0
1992-02-20 08:00:00,5.94,246.0
1992-02-20 09:00:00,5.02,245.0
1992-02-20 10:00:00,6.21,246.0
1992-02-20 11:00:00,6.02,249.0
1992-02-20 12:00:00,6.66,258.0
1992-02-20 13:00:00,5.35,256.0
1992-02-20 14:00:00,5.02,249.0
1992-02-20 15:00:00,5.66,256.0
1992-02-20 16:00:00,6.54,251.0
1992-02-20 17:00:00,4.97,248.0
1992-02-20 18:00:00,4.93,237.0
1992-02-20 19:00:00,5.91,229.0
1992-02-20 20:00:00,6.06,245.0
1992-02-20 21:00:00,6.82,242.0
1992-02-20 22:00:00,7.74,255.0
1992-02-20 23:00:00,7.23,249.0
1992-02-21 00:00:00,7.22,256.0
1992-02-21 01:00:00,7.66,251.0
1992-02-21 02:00:00,7.72,239.0
1992-02-21 03:00:00,7.47,253.0
1992-02-21 04:00:00,9.12,245.0
1992-02-21 05:00:00,8.28,248.0
1992-02-21 06:00:00,8.69,258.0
1992-02-21 07:00:00,7.62,251.0
1992-02-21 08:00:00,5.37,246.0
1992-02-21 09:00:00,8.23,245.0
1992-02-21 10:00:00,8.39,242.0
1992-02-21 11:00:00,8.15,246.0
1992-02-21 12:00:00,8.86,237.0
1992-02-21 13:00:00,8.88,245.0
1992-02-21 14:00:00,10.1,242.0
1992-02-21 15:00:00,10.03,244.0
1992-02-21 16:00:00,9.73,241.0
1992-02-21 17:00:00,9.92,231.0
1992-02-21 18:00:00,8.93,228.0
1992-02-21 19:00:00,11.52,214.0
1992-02-21 20:00:00,11.74,215.0
1992-02-21 21:00:00,11.82,215.0
1992-02-21 22:00:00,14.38,232.0
1992-02-21 23:00:00,14.36,234.0
1992-02-22 00:00:00,13.55,235.0
1992-02-22 01:00:00,12.76,231.0
1992-02-22 02:00:00,11.2,229.0
1992-02-22 03:00:00,16.41,234.0
1992-02-22 04:00:00,15.87,234.0
1992-02-22 05:00:00,17.07,231.0
1992-02-22 06:00:00,15.92,234.0
1992-02-22 07:00:00,14.94,235.0
1992-02-22 08:00:00,18.98,245.0
1992-02-22 09:00:00,18.97,242.0
1992-02-22 10:00:00,20.08,244.0
1992-02-22 11:00:00,22.04,241.0
1992-02-22 12:00:00,20.67,242.0
1992-02-22 13:00:00,19.4,249.0
1992-02-22 14:00:00,20.26,246.0
1992-02-22 15:00:00,18.28,244.0
1992-02-22 16:00:00,17.4,246.0
1992-02-22 17:00:00,15.51,248.0
1992-02-22 18:00:00,17.75,245.0
1992-02-22 19:00:00,16.94,245.0
1992-02-22 20:00:00,18.79,244.0
1992-02-22 21:00:00,18.37,241.0
1992-02-22 22:00:00,18.89,241.0
1992-02-22 23:00:00,17.98,242.0
1992-02-23 00:00:00,17.37,242.0
1992-02-23 01:00:00,15.45,238.0
1992-02-23 02:00:00,14.41,242.0
1992-02-23 03:00:00,13.54,253.0
1992-02-23 04:00:00,13.23,269.0
1992-02-23 05:00:00,9.66,267.0
1992-02-23 06:00:00,6.87,270.0
1992-02-23 07:00:00,6.3,273.0
1992-02-23 08:00:00,6.24,256.0
1992-02-23 09:00:00,4.86,262.0
1992-02-23 10:00:00,2.92,245.0
1992-02-23 11:00:00,4.11,238.0
1992-02-23 12:00:00,5.46,213.0
1992-02-23 13:00:00,6.9,231.0
1992-02-23 14:00:00,7.97,232.0
1992-02-23 15:00:00,7.79,232.0
1992-02-23 16:00:00,7.23,235.0
1992-02-23 17:00:00,8.84,234.0
1992-02-23 18:00:00,10.81,234.0
1992-02-23 19:00:00,11.88,237.0
1992-02-23 20:00:00,12.99,229.0
1992-02-23 21:00:00,10.36,234.0
1992-02-23 22:00:00,9.33,237.0
1992-02-23 23:00:00,11.82,239.0
1992-02-24 00:00:00,12.13,235.0
1992-02-24 01:00:00,10.37,235.0
1992-02-24 02:00:00,12.03,242.0
1992-02-24 03:00:00,13.66,245.0
1992-02-24 04:00:00,11.48,242.0
1992-02-24 05:00:00,10.87,239.0
1992-02-24 06:00:00,10.76,237.0
1992-02-24 07:00:00,11.36,234.0
1992-02-24 08:00:00,10.91,232.0
1992-02-24 09:00:00,11.23,232.0
1992-02-24 10:00:00,9.65,235.0
1992-02-24 11:00:00,11.14,232.0
1992-02-24 12:00:00,10.55,232.0
1992-02-24 13:00:00,9.67,242.0
1992-02-24 14:00:00,8.39,238.0
1992-02-24 15:00:00,6.35,269.0
1992-02-24 16:00:00,7.24,262.0
1992-02-24 17:00:00,7.7,244.0
1992-02-24 18:00:00,8.01,245.0
1992-02-24 19:00:00,6.25,245.0
1992-02-24 20:00:00,5.53,252.0
1992-02-24 21:00:00,4.55,253.0
1992-02-24 22:00:00,4.67,255.0
1992-02-24 23:00:00,4.0,249.0
1992-02-25 00:00:00,3.52,245.0
1992-02-25 01:00:00,3.18,245.0
1992-02-25 02:00:00,3.63,258.0
1992-02-25 03:00:00,2.25,263.0
1992-02-25 04:00:00,2.07,256.0
1992-02-25 05:00:00,2.0,235.0
1992-02-25 06:00:00,1.23,242.0
1992-02-25 07:00:00,0.0,242.0
1992-02-25 08:00:00,2.79,155.0
1992-02-25 09:00:00,5.06,152.0
1992-02-25 10:00:00,5.71,159.0
1992-02-25 11:00:00,7.66,158.0
1992-02-25 12:00:00,7.32,155.0
1992-02-25 13:00:00,8.79,165.0
1992-02-25 14:00:00,6.35,158.0
1992-02-25 15:00:00,4.39,163.0
1992-02-25 16:00:00,4.67,160.0
1992-02-25 17:00:00,3.96,159.0
1992-02-25 18:00:00,6.33,165.0
1992-02-25 19:00:00,5.9,180.0
1992-02-25 20:00:00,6.71,218.0
1992-02-25 21:00:00,7.24,215.0
1992-02-25 22:00:00,9.52,224.0
1992-02-25 23:00:00,7.61,206.0
1992-02-26 00:00:00,9.53,193.0
1992-02-26 01:00:00,7.51,196.0
1992-02-26 02:00:00,10.77,203.0
1992-02-26 03:00:00,16.62,204.0
1992-02-26 04:00:00,16.64,217.0
1992-02-26 05:00:00,15.11,215.0
1992-02-26 06:00:00,13.13,222.0
1992-02-26 07:00:00,10.28,225.0
1992-02-26 08:00:00,11.96,238.0
1992-02-26 09:00:00,11.47,242.0
1992-02-26 10:00:00,8.91,245.0
1992-02-26 11:00:00,8.63,245.0
1992-02-26 12:00:00,8.31,241.0
1992-02-26 13:00:00,8.61,235.0
1992-02-26 14:00:00,8.58,231.0
1992-02-26 15:00:00,8.39,231.0
1992-02-26 16:00:00,7.69,213.0
1992-02-26 17:00:00,6.72,187.0
1992-02-26 18:00:00,9.68,186.0
1992-02-26 19:00:00,8.68,180.0
1992-02-26 20:00:00,11.55,187.0
1992-02-26 21:00:00,11.65,199.0
1992-02-26 22:00:00,13.91,196.0
1992-02-26 23:00:00,13.76,196.0
1992-02-27 00:00:00,14.89,196.0
1992-02-27 01:00:00,12.9,196.0
1992-02-27 02:00:00,16.53,210.0
1992-02-27 03:00:00,16.77,199.0
1992-02-27 04:00:00,16.2,199.0
1992-02-27 05:00:00,15.04,207.0
1992-02-27 06:00:00,14.53,207.0
1992-02-27 07:00:00,15.22,208.0
1992-02-27 08:00:00,15.21,207.0
1992-02-27 09:00:00,16.26,197.0
1992-02-27 10:00:00,16.95,200.0
1992-02-27 11:00:00,16.65,200.0
1992-02-27 12:00:00,18.73,196.0
1992-02-27 13:00:00,16.46,189.0
1992-02-27 14:00:00,13.89,186.0
1992-02-27 15:00:00,9.66,201.0
1992-02-27 16:00:00,10.14,191.0
1992-02-27 17:00:00,8.72,213.0
1992-02-27 18:00:00,7.26,280.0
1992-02-27 19:00:00,6.47,318.0
1992-02-27 20:00:00,3.46,348.0
1992-02-27 21:00:00,3.29,334.0
1992-02-27 22:00:00,3.26,42.0
1992-02-27 23:00:00,0.25,328.0
1992-02-28 00:00:00,1.32,322.0
1992-02-28 01:00:00,3.71,294.0
1992-02-28 02:00:00,3.59,313.0
1992-02-28 03:00:00,1.29,331.0
1992-02-28 04:00:00,1.47,349.0
1992-02-28 05:00:00,0.98,28.0
1992-02-28 06:00:00,2.15,20.0
1992-02-28 07:00:00,1.04,86.0
1992-02-28 08:00:00,0.88,107.0
1992-02-28 09:00:00,3.35,124.0
1992-02-28 10:00:00,3.04,130.0
1992-02-28 11:00:00,4.05,158.0
1992-02-28 12:00:00,4.48,194.0
1992-02-28 13:00:00,5.74,196.0
1992-02-28 14:00:00,6.46,221.0
1992-02-28 15:00:00,6.77,231.0
1992-02-28 16:00:00,7.48,234.0
1992-02-28 17:00:00,6.24,227.0
1992-02-28 18:00:00,4.71,225.0
1992-02-28 19:00:00,5.29,208.0
1992-02-28 20:00:00,6.09,215.0
1992-02-28 21:00:00,7.38,213.0
1992-02-28 22:00:00,9.23,208.0
1992-02-28 23:00:00,8.96,218.0
1992-02-29 00:00:00,9.98,215.0
1992-02-29 01:00:00,8.98,217.0
1992-02-29 02:00:00,9.08,204.0
1992-02-29 03:00:00,8.68,201.0
1992-02-29 04:00:00,9.61,190.0
1992-02-29 05:00:00,10.55,189.0
1992-02-29 06:00:00,10.87,191.0
1992-02-29 07:00:00,9.86,203.0
1992-02-29 08:00:00,9.08,193.0
1992-02-29 09:00:00,8.36,194.0
1992-02-29 10:00:00,8.04,200.0
1992-02-29 11:00:00,10.84,210.0
1992-02-29 12:00:00,9.33,218.0
1992-02-29 13:00:00,12.12,231.0
1992-02-29 14:00:00,9.2,231.0
1992-02-29 15:00:00,10.74,218.0
1992-02-29 16:00:00,9.84,234.0
1992-02-29 17:00:00,11.57,231.0
1992-02-29 18:00:00,11.58,214.0
1992-02-29 19:00:00,9.46,222.0
1992-02-29 20:00:00,12.02,210.0
1992-02-29 21:00:00,11.02,204.0
1992-02-29 22:00:00,11.01,200.0
1992-02-29 23:00:00,11.94,215.0
1992-03-01 00:00:00,10.7,215.0
1992-03-01 01:00:00,13.06,210.0
1992-03-01 02:00:00,13.49,214.0
1992-03-01 03:00:00,13.68,208.0
1992-03-01 04:00:00,11.83,213.0
1992-03-01 05:00:00,14.02,213.0
1992-03-01 06:00:00,10.88,204.0
1992-03-01 07:00:00,13.83,207.0
1992-03-01 08:00:00,13.41,208.0
1992-03-01 09:00:00,12.83,208.0
1992-03-01 10:00:00,12.19,214.0
1992-03-01 11:00:00,9.1,221.0
1992-03-01 12:00:00,10.39,239.0
1992-03-01 13:00:00,9.08,269.0
1992-03-01 14:00:00,6.95,263.0
1992-03-01 15:00:00,8.71,269.0
1992-03-01 16:00:00,10.0,277.0
1992-03-01 17:00:00,9.0,289.0
1992-03-01 18:00:00,9.88,280.0
1992-03-01 19:00:00,10.53,279.0
1992-03-01 20:00:00,11.83,287.0
1992-03-01 21:00:00,10.0,293.0
1992-03-01 22:00:00,11.01,289.0
1992-03-01 23:00:00,11.27,280.0
1992-03-02 00:00:00,10.78,279.0
1992-03-02 01:00:00,11.07,275.0
1992-03-02 02:00:00,10.72,279.0
1992-03-02 03:00:00,11.95,276.0
1992-03-02 04:00:00,9.25,276.0
1992-03-02 05:00:00,10.81,279.0
1992-03-02 06:00:00,11.06,279.0
1992-03-02 07:00:00,12.04,280.0
1992-03-02 08:00:00,11.23,279.0
1992-03-02 09:00:00,9.2,275.0
1992-03-02 10:00:00,10.82,273.0
1992-03-02 11:00:00,12.22,259.0
1992-03-02 12:00:00,12.61,265.0
1992-03-02 13:00:00,13.68,255.0
1992-03-02 14:00:00,13.22,267.0
1992-03-02 15:00:00,11.47,253.0
1992-03-02 16:00:00,12.92,244.0
1992-03-02 17:00:00,13.4,255.0
1992-03-02 18:00:00,12.01,248.0
1992-03-02 19:00:00,12.01,246.0
1992-03-02 20:00:00,10.22,238.0
1992-03-02 21:00:00,13.11,241.0
1992-03-02 22:00:00,15.35,241.0
1992-03-02 23:00:00,14.89,239.0
1992-03-03 00:00:00,14.7,241.0
1992-03-03 01:00:00,14.8,231.0
1992-03-03 02:00:00,15.05,232.0
1992-03-03 03:00:00,14.35,241.0
1992-03-03 04:00:00,15.72,242.0
1992-03-03 05:00:00,15.14,252.0
1992-03-03 06:00:00,14.03,258.0
1992-03-03 07:00:00,14.64,265.0
1992-03-03 08:00:00,13.29,263.0
1992-03-03 09:00:00,10.19,270.0
1992-03-03 10:00:00,10.6,260.0
1992-03-03 11:00:00,7.97,249.0
1992-03-03 12:00:00,8.02,258.0
1992-03-03 13:00:00,6.99,258.0
1992-03-03 14:00:00,5.89,248.0
1992-03-03 15:00:00,7.5,246.0
1992-03-03 16:00:00,7.83,235.0
1992-03-03 17:00:00,8.79,232.0
1992-03-03 18:00:00,8.31,229.0
1992-03-03 19:00:00,7.07,229.0
1992-03-03 20:00:00,8.37,224.0
1992-03-03 21:00:00,9.02,231.0
1992-03-03 22:00:00,10.88,229.0
1992-03-03 23:00:00,12.02,232.0
1992-03-04 00:00:00,9.07,224.0
1992-03-04 01:00:00,10.84,221.0
1992-03-04 02:00:00,8.42,227.0
1992-03-04 03:00:00,5.44,239.0
1992-03-04 04:00:00,7.01,238.0
1992-03-04 05:00:00,10.71,235.0
1992-03-04 06:00:00,9.31,238.0
1992-03-04 07:00:00,6.56,248.0
1992-03-04 08:00:00,7.48,246.0
1992-03-04 09:00:00,8.56,229.0
1992-03-04 10:00:00,6.58,222.0
1992-03-04 11:00:00,7.0,222.0
1992-03-04 12:00:00,7.05,225.0
1992-03-04 13:00:00,7.9,228.0
1992-03-04 14:00:00,7.75,231.0
1992-03-04 15:00:00,6.82,203.0
1992-03-04 16:00:00,7.22,182.0
1992-03-04 17:00:00,5.87,177.0
1992-03-04 18:00:00,5.99,172.0
1992-03-04 19:00:00,6.31,191.0
1992-03-04 20:00:00,5.54,187.0
1992-03-04 21:00:00,9.68,176.0
1992-03-04 22:00:00,10.09,163.0
1992-03-04 23:00:00,8.8,163.0
1992-03-05 00:00:00,8.54,173.0
1992-03-05 01:00:00,6.65,182.0
1992-03-05 02:00:00,9.82,160.0
1992-03-05 03:00:00,8.42,179.0
1992-03-05 04:00:00,7.81,176.0
1992-03-05 05:00:00,7.55,160.0
1992-03-05 06:00:00,7.34,182.0
1992-03-05 07:00:00,7.83,163.0
1992-03-05 08:00:00,7.03,163.0
1992-03-05 09:00:00,8.17,156.0
1992-03-05 10:00:00,8.53,169.0
1992-03-05 11:00:00,8.69,173.0
1992-03-05 12:00:00,8.71,186.0
1992-03-05 13:00:00,8.57,215.0
1992-03-05 14:00:00,8.68,231.0
1992-03-05 15:00:00,10.12,232.0
1992-03-05 16:00:00,12.02,213.0
1992-03-05 17:00:00,8.75,227.0
1992-03-05 18:00:00,11.56,234.0
1992-03-05 19:00:00,12.26,248.0
1992-03-05 20:00:00,17.05,260.0
1992-03-05 21:00:00,18.42,273.0
1992-03-05 22:00:00,18.73,287.0
1992-03-05 23:00:00,13.23,286.0
1992-03-06 00:00:00,11.57,273.0
1992-03-06 01:00:00,11.73,279.0
1992-03-06 02:00:00,9.29,275.0
1992-03-06 03:00:00,11.8,276.0
1992-03-06 04:00:00,9.72,266.0
1992-03-06 05:00:00,8.49,267.0
1992-03-06 06:00:00,7.56,258.0
1992-03-06 07:00:00,7.43,244.0
1992-03-06 08:00:00,7.31,229.0
1992-03-06 09:00:00,10.41,229.0
1992-03-06 10:00:00,8.87,232.0
1992-03-06 11:00:00,10.9,208.0
1992-03-06 12:00:00,12.83,213.0
1992-03-06 13:00:00,11.81,218.0
1992-03-06 14:00:00,13.03,213.0
1992-03-06 15:00:00,14.07,208.0
1992-03-06 16:00:00,15.12,211.0
1992-03-06 17:00:00,13.26,201.0
1992-03-06 18:00:00,16.65,196.0
1992-03-06 19:00:00,15.79,204.0
1992-03-06 20:00:00,14.4,200.0
1992-03-06 21:00:00,14.02,200.0
1992-03-06 22:00:00,12.98,199.0
1992-03-06 23:00:00,13.5,203.0
1992-03-07 00:00:00,14.29,201.0
1992-03-07 01:00:00,13.1,193.0
1992-03-07 02:00:00,14.57,187.0
1992-03-07 03:00:00,12.01,194.0
1992-03-07 04:00:00,10.41,184.0
1992-03-07 05:00:00,12.28,189.0
1992-03-07 06:00:00,11.44,177.0
1992-03-07 07:00:00,13.67,203.0
1992-03-07 08:00:00,9.69,191.0
1992-03-07 09:00:00,11.55,204.0
1992-03-07 10:00:00,11.98,206.0
1992-03-07 11:00:00,10.87,221.0
1992-03-07 12:00:00,14.12,239.0
1992-03-07 13:00:00,12.9,266.0
1992-03-07 14:00:00,8.41,269.0
1992-03-07 15:00:00,9.11,279.0
1992-03-07 16:00:00,7.44,286.0
1992-03-07 17:00:00,7.29,20.0
1992-03-07 18:00:00,8.82,351.0
1992-03-07 19:00:00,6.2,342.0
1992-03-07 20:00:00,5.2,329.0
1992-03-07 21:00:00,6.9,329.0
1992-03-07 22:00:00,7.64,327.0
1992-03-07 23:00:00,6.6,307.0
1992-03-08 00:00:00,5.03,296.0
1992-03-08 01:00:00,6.33,304.0
1992-03-08 02:00:00,6.52,313.0
1992-03-08 03:00:00,5.09,324.0
1992-03-08 04:00:00,4.26,313.0
1992-03-08 05:00:00,3.63,324.0
1992-03-08 06:00:00,3.84,298.0
1992-03-08 07:00:00,4.47,314.0
1992-03-08 08:00:00,2.88,298.0
1992-03-08 09:00:00,2.75,298.0
1992-03-08 10:00:00,3.22,301.0
1992-03-08 11:00:00,3.06,317.0
1992-03-08 12:00:00,3.11,317.0
1992-03-08 13:00:00,2.76,307.0
1992-03-08 14:00:00,2.37,272.0
1992-03-08 15:00:00,4.41,279.0
1992-03-08 16:00:00,3.89,266.0
1992-03-08 17:00:00,4.75,263.0
1992-03-08 18:00:00,4.46,253.0
1992-03-08 19:00:00,4.18,260.0
1992-03-08 20:00:00,1.89,258.0
1992-03-08 21:00:00,2.42,237.0
1992-03-08 22:00:00,3.76,218.0
1992-03-08 23:00:00,5.88,231.0
1992-03-09 00:00:00,6.25,227.0
1992-03-09 01:00:00,6.91,222.0
1992-03-09 02:00:00,8.34,215.0
1992-03-09 03:00:00,7.52,214.0
1992-03-09 04:00:00,7.75,218.0
1992-03-09 05:00:00,9.45,227.0
1992-03-09 06:00:00,8.68,231.0
1992-03-09 07:00:00,9.42,234.0
1992-03-09 08:00:00,10.98,220.0
1992-03-09 09:00:00,9.2,228.0
1992-03-09 10:00:00,12.33,213.0
1992-03-09 11:00:00,11.7,213.0
1992-03-09 12:00:00,12.96,214.0
1992-05-12 15:00:00,5.96,249.0
1992-05-12 16:00:00,5.55,262.0
1992-05-12 17:00:00,5.7,262.0
1992-05-12 18:00:00,5.13,251.0
1992-05-12 19:00:00,4.61,249.0
1992-05-12 20:00:00,4.75,266.0
1992-05-12 21:00:00,4.66,248.0
1992-05-12 22:00:00,4.63,276.0
1992-05-12 23:00:00,4.59,275.0
1992-05-13 00:00:00,3.26,267.0
1992-05-13 01:00:00,2.25,276.0
1992-05-13 02:00:00,2.13,280.0
1992-05-13 03:00:00,4.58,41.0
1992-05-13 04:00:00,3.95,51.0
1992-05-13 05:00:00,5.19,48.0
1992-05-13 06:00:00,5.73,41.0
1992-05-13 07:00:00,5.28,44.0
1992-05-13 08:00:00,6.44,37.0
1992-05-13 09:00:00,6.17,41.0
1992-05-13 10:00:00,6.1,46.0
1992-05-13 11:00:00,5.62,52.0
1992-05-13 12:00:00,6.15,46.0
1992-05-13 13:00:00,6.62,56.0
1992-05-13 14:00:00,6.03,62.0
1992-05-13 15:00:00,5.46,61.0
1992-05-13 16:00:00,5.38,48.0
1992-05-13 17:00:00,5.12,59.0
1992-05-13 18:00:00,4.92,63.0
1992-05-13 19:00:00,5.22,49.0
1992-05-13 20:00:00,5.48,46.0
1992-05-13 21:00:00,5.71,51.0
1992-05-13 22:00:00,5.27,58.0
1992-05-13 23:00:00,4.93,59.0
1992-05-14 00:00:00,5.16,68.0
1992-05-14 01:00:00,4.69,76.0
1992-05-14 02:00:00,7.06,82.0
1992-05-14 03:00:00,7.08,89.0
1992-05-14 04:00:00,7.78,107.0
1992-05-14 05:00:00,7.32,111.0
1992-05-14 06:00:00,7.6,107.0
1992-05-14 07:00:00,7.71,103.0
1992-05-14 08:00:00,6.65,107.0
1992-05-14 09:00:00,6.75,99.0
1992-05-14 10:00:00,8.13,100.0
1992-05-14 11:00:00,9.43,107.0
1992-05-14 12:00:00,9.58,103.0
1992-05-14 13:00:00,8.21,97.0
1992-05-14 14:00:00,6.8,96.0
1992-05-14 15:00:00,6.23,87.0
1992-05-14 16:00:00,4.95,92.0
1992-05-14 17:00:00,5.26,92.0
1992-05-14 18:00:00,6.47,93.0
1992-05-14 19:00:00,5.71,80.0
1992-05-14 20:00:00,5.89,92.0
1992-05-14 21:00:00,6.22,92.0
1992-05-14 22:00:00,5.7,86.0
1992-05-14 23:00:00,6.54,93.0
1992-05-15 00:00:00,6.97,86.0
1992-05-15 01:00:00,7.52,86.0
1992-05-15 02:00:00,7.3,90.0
1992-05-15 03:00:00,7.23,89.0
1992-05-15 04:00:00,9.86,92.0
1992-05-15 05:00:00,9.33,89.0
1992-05-15 06:00:00,8.76,96.0
1992-05-15 07:00:00,7.92,89.0
1992-05-15 08:00:00,9.58,96.0
1992-05-15 09:00:00,9.83,90.0
1992-05-15 10:00:00,10.78,90.0
1992-05-15 11:00:00,10.86,87.0
1992-05-15 12:00:00,10.94,83.0
1992-05-15 13:00:00,9.37,77.0
1992-05-15 14:00:00,9.97,83.0
1992-05-15 15:00:00,8.38,80.0
1992-05-15 16:00:00,8.91,87.0
1992-05-15 17:00:00,9.25,83.0
1992-05-15 18:00:00,10.72,84.0
1992-05-15 19:00:00,8.84,79.0
1992-05-15 20:00:00,9.11,90.0
1992-05-15 21:00:00,9.59,89.0
1992-05-15 22:00:00,9.12,83.0
1992-05-15 23:00:00,9.1,89.0
1992-05-16 00:00:00,9.68,92.0
1992-05-16 01:00:00,7.35,96.0
1992-05-16 02:00:00,8.76,96.0
1992-05-16 03:00:00,8.22,93.0
1992-05-16 04:00:00,7.8,100.0
1992-05-16 05:00:00,8.07,94.0
1992-05-16 06:00:00,7.53,92.0
1992-05-16 07:00:00,7.62,99.0
1992-05-16 08:00:00,5.95,101.0
1992-05-16 09:00:00,5.17,101.0
1992-05-16 10:00:00,4.3,93.0
1992-05-16 11:00:00,4.72,99.0
1992-05-16 12:00:00,1.95,104.0
1992-05-16 13:00:00,2.59,96.0
1992-05-16 14:00:00,2.72,124.0
1992-05-16 15:00:00,4.06,107.0
1992-05-16 16:00:00,4.7,142.0
1992-05-16 17:00:00,5.1,134.0
1992-05-16 18:00:00,5.45,130.0
1992-05-16 19:00:00,4.05,145.0
1992-05-16 20:00:00,3.88,149.0
1992-05-16 21:00:00,3.3,186.0
1992-05-16 22:00:00,2.84,275.0
1992-05-16 23:00:00,4.17,262.0
1992-05-17 00:00:00,3.14,263.0
1992-05-17 01:00:00,1.84,260.0
1992-05-17 02:00:00,3.0,284.0
1992-05-17 03:00:00,2.07,270.0
1992-05-17 04:00:00,1.83,297.0
1992-05-17 05:00:00,3.13,21.0
1992-05-17 06:00:00,3.96,53.0
1992-05-17 07:00:00,4.5,63.0
1992-05-17 08:00:00,5.26,56.0
1992-05-17 09:00:00,4.93,49.0
1992-05-17 10:00:00,5.41,45.0
1992-05-17 11:00:00,5.97,56.0
1992-05-17 12:00:00,5.36,62.0
1992-05-17 13:00:00,5.68,63.0
1992-05-17 14:00:00,5.9,63.0
1992-05-17 15:00:00,5.35,69.0
1992-05-17 16:00:00,6.19,55.0
1992-05-17 17:00:00,4.54,45.0
1992-05-17 18:00:00,4.17,55.0
1992-05-17 19:00:00,3.98,48.0
1992-05-17 20:00:00,4.23,49.0
1992-05-17 21:00:00,4.27,58.0
1992-05-17 22:00:00,4.83,56.0
1992-05-17 23:00:00,4.27,45.0
1992-05-18 00:00:00,5.18,55.0
1992-05-18 01:00:00,4.68,49.0
1992-05-18 02:00:00,6.25,62.0
1992-05-18 03:00:00,5.2,56.0
1992-05-18 04:00:00,5.35,55.0
1992-05-18 05:00:00,4.74,48.0
1992-05-18 06:00:00,4.07,35.0
1992-05-18 07:00:00,3.85,49.0
1992-05-18 08:00:00,2.83,20.0
1992-05-18 09:00:00,3.06,52.0
1992-05-18 10:00:00,2.84,106.0
1992-05-18 11:00:00,1.79,7.0
1992-05-18 12:00:00,3.78,32.0
1992-05-18 13:00:00,1.53,8.0
1992-05-18 14:00:00,2.71,45.0
1992-05-18 15:00:00,4.34,61.0
1992-05-18 16:00:00,4.17,59.0
1992-05-18 17:00:00,2.38,69.0
1992-05-18 18:00:00,3.01,73.0
1992-05-18 19:00:00,4.12,55.0
1992-05-18 20:00:00,4.11,62.0
1992-05-18 21:00:00,4.38,59.0
1992-05-18 22:00:00,5.37,61.0
1992-05-18 23:00:00,4.89,58.0
1992-05-19 00:00:00,6.53,63.0
1992-05-19 01:00:00,7.04,66.0
1992-05-19 02:00:00,6.63,66.0
1992-05-19 03:00:00,5.6,63.0
1992-05-19 04:00:00,4.77,66.0
1992-05-19 05:00:00,3.46,79.0
1992-05-19 06:00:00,4.51,69.0
1992-05-19 07:00:00,4.8,89.0
1992-05-19 08:00:00,4.22,94.0
1992-05-19 09:00:00,4.31,100.0
1992-05-19 10:00:00,4.79,108.0
1992-05-19 11:00:00,4.02,111.0
1992-05-19 12:00:00,3.91,114.0
1992-05-19 13:00:00,3.96,115.0
1992-05-19 14:00:00,4.06,106.0
1992-05-19 15:00:00,4.18,94.0
1992-05-19 16:00:00,4.48,90.0
1992-05-19 17:00:00,4.26,73.0
1992-05-19 18:00:00,5.05,113.0
1992-05-19 19:00:00,5.84,103.0
1992-05-19 20:00:00,5.77,107.0
1992-05-19 21:00:00,5.63,93.0
1992-05-19 22:00:00,5.16,97.0
1992-05-19 23:00:00,5.4,92.0
1992-05-20 00:00:00,4.72,83.0
1992-05-20 01:00:00,4.49,80.0
1992-05-20 02:00:00,6.98,82.0
1992-05-20 03:00:00,7.71,93.0
1992-05-20 04:00:00,7.92,100.0
1992-05-20 05:00:00,7.63,90.0
1992-05-20 06:00:00,5.41,72.0
1992-05-20 07:00:00,5.83,69.0
1992-05-20 08:00:00,7.23,61.0
1992-05-20 09:00:00,6.66,62.0
1992-05-20 10:00:00,7.99,62.0
1992-05-20 11:00:00,8.26,66.0
1992-05-20 12:00:00,7.25,63.0
1992-05-20 13:00:00,4.91,80.0
1992-05-20 14:00:00,5.33,66.0
1992-05-20 15:00:00,8.33,69.0
1992-05-20 16:00:00,8.21,66.0
1992-05-20 17:00:00,6.27,59.0
1992-05-20 18:00:00,6.98,80.0
1992-05-20 19:00:00,8.45,86.0
1992-05-20 20:00:00,6.89,62.0
1992-05-20 21:00:00,7.1,55.0
1992-05-20 22:00:00,7.34,65.0
1992-05-20 23:00:00,7.35,66.0
1992-05-21 00:00:00,6.95,63.0
1992-05-21 01:00:00,8.47,65.0
1992-05-21 02:00:00,8.7,63.0
1992-05-21 03:00:00,7.54,73.0
1992-05-21 04:00:00,6.39,65.0
1992-05-21 05:00:00,7.2,63.0
1992-05-21 06:00:00,7.03,61.0
1992-05-21 07:00:00,7.82,65.0
1992-05-21 08:00:00,7.57,69.0
1992-05-21 09:00:00,6.95,75.0
1992-05-21 10:00:00,7.3,79.0
1992-05-21 11:00:00,7.35,80.0
1992-05-21 12:00:00,7.31,77.0
1992-05-21 13:00:00,6.79,80.0
1992-05-21 14:00:00,7.86,73.0
1992-05-21 15:00:00,5.77,66.0
1992-05-21 16:00:00,7.26,68.0
1992-05-21 17:00:00,5.54,83.0
1992-05-21 18:00:00,7.16,89.0
1992-05-21 19:00:00,6.44,97.0
1992-05-21 20:00:00,6.86,103.0
1992-05-21 21:00:00,5.73,117.0
1992-05-21 22:00:00,5.33,132.0
1992-05-21 23:00:00,7.14,151.0
1992-05-22 00:00:00,9.6,117.0
1992-05-22 01:00:00,4.61,115.0
1992-05-22 02:00:00,4.97,93.0
1992-05-22 03:00:00,4.1,101.0
1992-05-22 04:00:00,4.77,145.0
1992-05-22 05:00:00,4.06,101.0
1992-05-22 06:00:00,4.44,120.0
1992-05-22 07:00:00,3.85,121.0
1992-05-22 08:00:00,4.0,135.0
1992-05-22 09:00:00,3.55,156.0
1992-05-22 10:00:00,4.32,137.0
1992-05-22 11:00:00,5.32,152.0
1992-05-22 12:00:00,3.13,176.0
1992-05-22 13:00:00,5.06,190.0
1992-05-22 14:00:00,4.44,201.0
1992-05-22 15:00:00,4.97,172.0
1992-05-22 16:00:00,4.61,172.0
1992-05-22 17:00:00,4.58,176.0
1992-05-22 18:00:00,4.6,139.0
1992-05-22 19:00:00,3.83,144.0
1992-05-22 20:00:00,4.46,208.0
1992-05-22 21:00:00,3.57,214.0
1992-05-22 22:00:00,4.5,307.0
1992-05-22 23:00:00,3.73,270.0
1992-05-23 00:00:00,3.36,290.0
1992-05-23 01:00:00,1.7,283.0
1992-05-23 02:00:00,2.47,314.0
1992-05-23 03:00:00,1.25,342.0
1992-05-23 04:00:00,4.51,41.0
1992-05-23 05:00:00,5.79,66.0
1992-05-23 06:00:00,6.05,69.0
1992-05-23 07:00:00,7.04,68.0
1992-05-23 08:00:00,6.39,69.0
1992-05-23 09:00:00,6.69,66.0
1992-05-23 10:00:00,5.93,69.0
1992-05-23 11:00:00,6.12,66.0
1992-05-23 12:00:00,5.56,66.0
1992-05-23 13:00:00,4.44,72.0
1992-05-23 14:00:00,4.0,73.0
1992-05-23 15:00:00,5.2,68.0
1992-05-23 16:00:00,6.61,62.0
1992-05-23 17:00:00,8.75,59.0
1992-05-23 18:00:00,9.79,65.0
1992-05-23 19:00:00,9.77,58.0
1992-05-23 20:00:00,8.64,69.0
1992-05-23 21:00:00,9.5,73.0
1992-05-23 22:00:00,10.59,76.0
1992-05-23 23:00:00,10.35,72.0
1992-05-24 00:00:00,9.37,72.0
1992-05-24 01:00:00,10.09,72.0
1992-05-24 02:00:00,9.66,66.0
1992-05-24 03:00:00,12.81,76.0
1992-05-24 04:00:00,10.44,70.0
1992-05-24 05:00:00,7.61,62.0
1992-05-24 06:00:00,6.69,75.0
1992-05-24 07:00:00,8.32,63.0
1992-05-24 08:00:00,8.91,65.0
1992-05-24 09:00:00,7.99,69.0
1992-05-24 10:00:00,7.56,66.0
1992-05-24 11:00:00,7.99,63.0
1992-05-24 12:00:00,8.23,62.0
1992-05-24 13:00:00,6.9,63.0
1992-05-24 14:00:00,8.3,58.0
1992-05-24 15:00:00,9.63,58.0
1992-05-24 16:00:00,12.12,68.0
1992-05-24 17:00:00,14.87,76.0
1992-05-24 18:00:00,14.75,76.0
1992-05-24 19:00:00,13.13,73.0
1992-05-24 20:00:00,13.35,73.0
1992-05-24 21:00:00,14.06,66.0
1992-05-24 22:00:00,13.47,72.0
1992-05-24 23:00:00,10.49,69.0
1992-05-25 00:00:00,11.88,72.0
1992-05-25 01:00:00,9.35,69.0
1992-05-25 02:00:00,9.5,69.0
1992-05-25 03:00:00,9.93,76.0
1992-05-25 04:00:00,9.46,70.0
1992-05-25 05:00:00,8.9,68.0
1992-05-25 06:00:00,9.16,63.0
1992-05-25 07:00:00,9.84,66.0
1992-05-25 08:00:00,9.5,66.0
1992-05-25 09:00:00,7.81,65.0
1992-05-25 10:00:00,7.82,90.0
1992-05-25 11:00:00,8.37,65.0
1992-05-25 12:00:00,7.75,68.0
1992-05-25 13:00:00,7.92,72.0
1992-05-25 14:00:00,9.36,80.0
1992-05-25 15:00:00,9.03,80.0
1992-05-25 16:00:00,10.0,82.0
1992-05-25 17:00:00,6.82,56.0
1992-05-25 18:00:00,4.87,52.0
1992-05-25 19:00:00,7.01,80.0
1992-05-25 20:00:00,8.73,76.0
1992-05-25 21:00:00,13.66,135.0
1992-05-25 22:00:00,6.81,145.0
1992-05-25 23:00:00,7.24,170.0
1992-05-26 00:00:00,5.76,158.0
1992-05-26 01:00:00,2.92,217.0
1992-05-26 02:00:00,4.26,229.0
1992-05-26 03:00:00,2.33,289.0
1992-05-26 04:00:00,1.55,246.0
1992-05-26 05:00:00,3.17,225.0
1992-05-26 06:00:00,1.48,259.0
1992-05-26 07:00:00,1.36,259.0
1992-05-26 08:00:00,0.0,304.0
1992-05-26 09:00:00,1.26,297.0
1992-05-26 10:00:00,0.95,331.0
1992-05-26 11:00:00,1.47,310.0
1992-05-26 12:00:00,0.29,290.0
1992-05-26 13:00:00,0.69,62.0
1992-05-26 14:00:00,4.14,56.0
1992-05-26 15:00:00,4.52,55.0
1992-05-26 16:00:00,4.94,58.0
1992-05-26 17:00:00,5.57,62.0
1992-06-16 16:00:00,8.92,39.0
1992-06-16 17:00:00,7.47,46.0
1992-06-16 18:00:00,8.21,39.0
1992-06-16 19:00:00,6.13,44.0
1992-06-16 20:00:00,7.45,44.0
1992-06-16 21:00:00,6.48,45.0
1992-06-16 22:00:00,7.09,45.0
1992-06-16 23:00:00,10.25,49.0
1992-06-17 00:00:00,7.71,49.0
1992-06-17 01:00:00,8.47,48.0
1992-06-17 02:00:00,8.3,45.0
1992-06-17 03:00:00,5.52,42.0
1992-06-17 04:00:00,5.64,45.0
1992-06-17 05:00:00,7.13,38.0
1992-06-17 06:00:00,6.97,37.0
1992-06-17 07:00:00,6.92,35.0
1992-06-17 08:00:00,6.8,38.0
1992-06-17 09:00:00,6.58,37.0
1992-06-17 10:00:00,7.11,34.0
1992-06-17 11:00:00,7.42,30.0
1992-06-17 12:00:00,6.83,38.0
1992-06-17 13:00:00,7.39,31.0
1992-06-17 14:00:00,6.8,31.0
1992-06-17 15:00:00,5.83,27.0
1992-06-17 16:00:00,5.46,30.0
1992-06-17 17:00:00,4.34,10.0
1992-06-17 18:00:00,3.83,24.0
1992-06-17 19:00:00,3.87,25.0
1992-06-17 20:00:00,5.61,34.0
1992-06-17 21:00:00,5.67,10.0
1992-06-17 22:00:00,4.15,23.0
1992-06-17 23:00:00,4.17,303.0
1992-06-18 00:00:00,3.42,273.0
1992-06-18 01:00:00,4.62,201.0
1992-06-18 02:00:00,3.37,182.0
1992-06-18 03:00:00,4.65,208.0
1992-06-18 04:00:00,2.54,11.0
1992-06-18 05:00:00,4.18,201.0
1992-06-18 06:00:00,5.37,197.0
1992-06-18 07:00:00,8.59,191.0
1992-06-18 08:00:00,5.63,327.0
1992-06-18 09:00:00,5.26,265.0
1992-06-18 10:00:00,6.59,266.0
1992-06-18 11:00:00,7.62,8.0
1992-06-18 12:00:00,6.3,13.0
1992-06-18 13:00:00,7.93,28.0
1992-06-18 14:00:00,8.8,31.0
1992-06-18 15:00:00,7.93,27.0
1992-06-18 16:00:00,9.17,34.0
1992-06-18 17:00:00,8.76,30.0
1992-06-18 18:00:00,7.32,27.0
1992-06-18 19:00:00,6.83,28.0
1992-06-18 20:00:00,5.58,30.0
1992-06-18 21:00:00,4.47,7.0
1992-06-18 22:00:00,2.92,280.0
1992-06-18 23:00:00,3.09,90.0
1992-06-19 00:00:00,1.88,170.0
1992-06-19 01:00:00,3.2,168.0
1992-06-19 02:00:00,2.87,170.0
1992-06-19 03:00:00,3.44,182.0
1992-06-19 04:00:00,3.17,184.0
1992-06-19 05:00:00,4.08,182.0
1992-06-19 06:00:00,4.51,194.0
1992-06-19 07:00:00,3.14,11.0
1992-06-19 08:00:00,6.14,13.0
1992-06-19 09:00:00,8.13,24.0
1992-06-19 10:00:00,8.29,15.0
1992-06-19 11:00:00,8.62,15.0
1992-06-19 12:00:00,8.01,13.0
1992-06-19 13:00:00,8.54,18.0
1992-06-19 14:00:00,8.21,4.0
1992-06-19 15:00:00,8.73,6.0
1992-06-19 16:00:00,9.17,8.0
1992-06-19 17:00:00,9.4,6.0
1992-06-19 18:00:00,8.93,8.0
1992-06-19 19:00:00,7.87,7.0
1992-06-19 20:00:00,8.32,6.0
1992-06-19 21:00:00,6.85,31.0
1992-06-19 22:00:00,6.36,34.0
1992-06-19 23:00:00,5.63,25.0
1992-06-20 00:00:00,6.54,27.0
1992-06-20 01:00:00,6.11,37.0
1992-06-20 02:00:00,6.77,35.0
1992-06-20 03:00:00,6.91,30.0
1992-06-20 04:00:00,5.34,30.0
1992-06-20 05:00:00,5.95,38.0
1992-06-20 06:00:00,5.13,14.0
1992-06-20 07:00:00,5.35,30.0
1992-06-20 08:00:00,4.13,7.0
1992-06-20 09:00:00,5.57,10.0
1992-06-20 10:00:00,6.1,4.0
1992-06-20 11:00:00,4.82,14.0
1992-06-20 12:00:00,5.56,6.0
1992-06-20 13:00:00,4.83,308.0
1992-06-20 14:00:00,5.09,335.0
1992-06-20 15:00:00,4.16,1.0
1992-06-20 16:00:00,4.16,228.0
1992-06-20 17:00:00,5.47,217.0
1992-06-20 18:00:00,5.15,210.0
1992-06-20 19:00:00,5.4,207.0
1992-06-20 20:00:00,4.84,213.0
1992-06-20 21:00:00,2.09,221.0
1992-06-20 22:00:00,2.15,27.0
1992-06-20 23:00:00,3.53,7.0
1992-06-21 00:00:00,3.34,211.0
1992-06-21 01:00:00,4.28,103.0
1992-06-21 02:00:00,2.72,193.0
1992-06-21 03:00:00,3.36,199.0
1992-06-21 04:00:00,5.22,203.0
1992-06-21 05:00:00,5.91,204.0
1992-06-21 06:00:00,5.21,225.0
1992-06-21 07:00:00,5.06,287.0
1992-06-21 08:00:00,4.03,18.0
1992-06-21 09:00:00,4.18,1.0
1992-06-21 10:00:00,3.52,213.0
1992-06-21 11:00:00,5.51,200.0
1992-06-21 12:00:00,5.33,239.0
1992-06-21 13:00:00,4.1,214.0
1992-06-21 14:00:00,6.35,220.0
1992-06-21 15:00:00,5.14,220.0
1992-06-21 16:00:00,3.8,318.0
1992-06-21 17:00:00,4.19,6.0
1992-06-21 18:00:00,3.14,1.0
1992-06-21 19:00:00,3.44,170.0
1992-06-21 20:00:00,2.99,10.0
1992-06-21 21:00:00,5.24,32.0
1992-06-21 22:00:00,4.57,37.0
1992-06-21 23:00:00,4.76,39.0
1992-06-22 00:00:00,4.23,49.0
1992-06-22 01:00:00,3.88,41.0
1992-06-22 02:00:00,5.1,53.0
1992-06-22 03:00:00,2.17,35.0
1992-06-22 04:00:00,2.0,44.0
1992-06-22 05:00:00,1.07,51.0
1992-06-22 06:00:00,0.0,128.0
1992-06-22 07:00:00,0.08,37.0
1992-06-22 08:00:00,0.0,196.0
1992-06-22 09:00:00,1.07,179.0
1992-06-22 10:00:00,2.18,203.0
1992-06-22 11:00:00,0.86,210.0
1992-06-22 12:00:00,1.73,183.0
1992-06-22 13:00:00,2.05,200.0
1992-06-22 14:00:00,1.99,208.0
1992-06-22 15:00:00,3.67,211.0
1992-06-22 16:00:00,4.41,224.0
1992-06-22 17:00:00,4.43,200.0
1992-06-22 18:00:00,3.2,200.0
1992-06-22 19:00:00,2.85,44.0
1992-06-22 20:00:00,3.83,42.0
1992-06-22 21:00:00,2.45,48.0
1992-06-22 22:00:00,1.62,49.0
1992-06-22 23:00:00,2.56,41.0
1992-06-23 00:00:00,0.85,28.0
1992-06-23 01:00:00,1.14,45.0
1992-06-23 02:00:00,2.21,42.0
1992-06-23 03:00:00,2.33,45.0
1992-06-23 04:00:00,2.25,45.0
1992-06-23 05:00:00,1.71,38.0
1992-06-23 06:00:00,3.41,24.0
1992-06-23 07:00:00,4.47,39.0
1992-06-23 08:00:00,3.6,10.0
1992-06-23 09:00:00,4.71,345.0
1992-06-23 10:00:00,3.63,235.0
1992-06-23 11:00:00,3.85,238.0
1992-06-23 12:00:00,2.26,220.0
1992-06-23 13:00:00,2.5,349.0
1992-06-23 14:00:00,2.58,224.0
1992-06-23 15:00:00,2.23,224.0
1992-06-23 16:00:00,2.42,296.0
1992-06-23 17:00:00,3.56,30.0
1992-06-23 18:00:00,4.55,45.0
1992-06-23 19:00:00,3.42,45.0
1992-06-23 20:00:00,3.68,41.0
1992-06-23 21:00:00,3.37,15.0
1992-06-23 22:00:00,2.82,282.0
1992-06-23 23:00:00,3.17,242.0
1992-06-24 00:00:00,3.34,237.0
1992-06-24 01:00:00,2.27,229.0
1992-06-24 02:00:00,1.46,242.0
1992-06-24 03:00:00,1.74,235.0
1992-06-24 04:00:00,2.66,229.0
1992-06-24 05:00:00,2.11,232.0
1992-06-24 06:00:00,1.71,220.0
1992-06-24 07:00:00,1.36,183.0
1992-06-24 08:00:00,1.49,199.0
1992-06-24 09:00:00,1.03,229.0
1992-06-24 10:00:00,1.18,184.0
1992-06-24 11:00:00,1.47,248.0
1992-06-24 12:00:00,2.58,204.0
1992-06-24 13:00:00,3.71,186.0
1992-06-24 14:00:00,2.38,186.0
1992-06-24 15:00:00,4.37,177.0
1992-06-24 16:00:00,4.5,176.0
1992-06-24 17:00:00,3.93,184.0
1992-06-24 18:00:00,3.82,206.0
1992-06-24 19:00:00,4.1,182.0
1992-06-24 20:00:00,3.28,162.0
1992-06-24 21:00:00,2.89,148.0
1992-06-24 22:00:00,2.47,146.0
1992-06-24 23:00:00,1.3,144.0
1992-06-25 00:00:00,1.82,148.0
1992-06-25 01:00:00,1.46,158.0
1992-06-25 02:00:00,2.44,152.0
1992-06-25 03:00:00,2.89,149.0
1992-06-25 04:00:00,2.0,145.0
1992-06-25 05:00:00,3.25,151.0
1992-06-25 06:00:00,4.04,142.0
1992-06-25 07:00:00,4.49,145.0
1992-06-25 08:00:00,4.11,149.0
1992-06-25 09:00:00,5.42,155.0
1992-06-25 10:00:00,4.66,184.0
1992-06-25 11:00:00,4.08,166.0
1992-06-25 12:00:00,4.5,172.0
1992-06-25 13:00:00,5.32,179.0
1992-06-25 14:00:00,5.51,184.0
1992-06-25 15:00:00,5.27,189.0
1992-06-25 16:00:00,5.73,191.0
1992-06-25 17:00:00,5.94,189.0
1992-06-25 18:00:00,6.39,189.0
1992-06-25 19:00:00,4.92,194.0
1992-06-25 20:00:00,4.12,189.0
1992-06-25 21:00:00,3.34,187.0
1992-06-25 22:00:00,3.83,190.0
1992-06-25 23:00:00,1.96,203.0
1992-06-26 00:00:00,2.39,199.0
1992-06-26 01:00:00,2.22,213.0
1992-06-26 02:00:00,1.55,232.0
1992-06-26 03:00:00,1.59,222.0
1992-06-26 04:00:00,1.75,220.0
1992-06-26 05:00:00,1.57,225.0
1992-06-26 06:00:00,1.02,229.0
1992-06-26 07:00:00,1.74,55.0
1992-06-26 08:00:00,1.64,70.0
1992-06-26 09:00:00,1.48,82.0
1992-06-26 10:00:00,0.96,170.0
1992-06-26 11:00:00,1.02,124.0
1992-06-26 12:00:00,0.14,80.0
1992-06-26 13:00:00,2.07,128.0
1992-06-26 14:00:00,2.87,173.0
1992-06-26 15:00:00,2.38,183.0
1992-06-26 16:00:00,3.63,245.0
1992-06-26 17:00:00,3.89,215.0
1992-06-26 18:00:00,4.0,173.0
1992-06-26 19:00:00,3.85,146.0
1992-06-26 20:00:00,2.51,166.0
1992-06-26 21:00:00,1.26,338.0
1992-06-26 22:00:00,2.6,28.0
1992-06-26 23:00:00,3.26,49.0
1992-06-27 00:00:00,3.93,51.0
1992-06-27 01:00:00,3.69,53.0
1992-06-27 02:00:00,3.76,49.0
1992-06-27 03:00:00,3.7,46.0
1992-06-27 04:00:00,3.55,44.0
1992-06-27 05:00:00,3.65,45.0
1992-06-27 06:00:00,2.83,65.0
1992-06-27 07:00:00,3.02,72.0
1992-06-27 08:00:00,1.02,108.0
1992-06-27 09:00:00,0.7,156.0
1992-06-27 10:00:00,0.41,222.0
1992-06-27 11:00:00,2.02,69.0
1992-06-27 12:00:00,3.19,170.0
1992-06-27 13:00:00,1.69,162.0
1992-06-27 14:00:00,1.71,244.0
1992-06-27 15:00:00,2.85,194.0
1992-06-27 16:00:00,3.42,183.0
1992-06-27 17:00:00,2.15,191.0
1992-06-27 18:00:00,3.41,197.0
1992-06-27 19:00:00,3.27,200.0
1992-06-27 20:00:00,3.22,8.0
1992-06-27 21:00:00,4.66,35.0
1992-06-27 22:00:00,4.07,42.0
1992-06-27 23:00:00,4.39,58.0
1992-06-28 00:00:00,4.62,58.0
1992-06-28 01:00:00,4.86,58.0
1992-06-28 02:00:00,4.74,59.0
1992-06-28 03:00:00,4.22,65.0
1992-06-28 04:00:00,3.57,63.0
1992-06-28 05:00:00,3.41,75.0
1992-06-28 06:00:00,4.22,87.0
1992-06-28 07:00:00,2.63,93.0
1992-06-28 08:00:00,3.54,104.0
1992-06-28 09:00:00,2.74,97.0
1992-06-28 10:00:00,1.92,135.0
1992-06-28 11:00:00,3.58,96.0
1992-06-28 12:00:00,3.52,96.0
1992-06-28 13:00:00,4.37,96.0
1992-06-28 14:00:00,3.49,79.0
1992-06-28 15:00:00,4.01,96.0
1992-06-28 16:00:00,4.86,94.0
1992-06-28 17:00:00,3.61,94.0
1992-06-28 18:00:00,3.25,93.0
1992-06-28 19:00:00,4.04,87.0
1992-06-28 20:00:00,4.88,86.0
1992-06-28 21:00:00,5.63,89.0
1992-06-28 22:00:00,5.97,77.0
1992-06-28 23:00:00,6.24,90.0
1992-06-29 00:00:00,5.9,87.0
1992-06-29 01:00:00,6.25,96.0
1992-06-29 02:00:00,5.41,94.0
1992-06-29 03:00:00,4.88,107.0
1992-06-29 04:00:00,4.56,107.0
1992-06-29 05:00:00,3.3,92.0
1992-06-29 06:00:00,4.53,80.0
1992-06-29 07:00:00,5.54,82.0
1992-06-29 08:00:00,5.79,86.0
1992-06-29 09:00:00,4.0,82.0
1992-06-29 10:00:00,5.32,66.0
1992-06-29 11:00:00,5.78,66.0
1992-06-29 12:00:00,5.61,77.0
1992-06-29 13:00:00,7.99,77.0
1992-06-29 14:00:00,8.46,82.0
1992-06-29 15:00:00,7.52,77.0
1992-06-29 16:00:00,6.66,75.0
1992-06-29 17:00:00,3.6,75.0
1992-06-29 18:00:00,6.81,75.0
1992-06-29 19:00:00,4.47,80.0
1992-06-29 20:00:00,3.73,130.0
1992-06-29 21:00:00,3.63,132.0
1992-06-29 22:00:00,2.31,176.0
1992-06-29 23:00:00,4.39,163.0
1992-06-30 00:00:00,5.5,142.0
1992-06-30 01:00:00,3.96,146.0
1992-06-30 02:00:00,2.82,166.0
1992-06-30 03:00:00,1.55,184.0
1992-06-30 04:00:00,0.25,144.0
1992-06-30 05:00:00,0.13,146.0
1992-06-30 06:00:00,0.01,170.0
1992-06-30 07:00:00,0.02,232.0
1992-06-30 08:00:00,1.33,89.0
1992-06-30 09:00:00,1.49,86.0
1992-06-30 10:00:00,1.46,266.0
1992-06-30 11:00:00,3.75,51.0
1992-06-30 12:00:00,3.87,62.0
1992-06-30 13:00:00,3.8,52.0
1992-06-30 14:00:00,4.05,51.0
1992-06-30 15:00:00,2.97,52.0
1992-06-30 16:00:00,3.38,227.0
1992-06-30 17:00:00,1.05,176.0
1992-06-30 18:00:00,1.94,172.0
1992-06-30 19:00:00,4.09,189.0
1992-06-30 20:00:00,2.63,194.0
1992-06-30 21:00:00,2.44,194.0
1992-06-30 22:00:00,2.06,184.0
1992-06-30 23:00:00,1.7,175.0
1992-07-01 00:00:00,2.05,200.0
1992-07-01 01:00:00,2.19,193.0
1992-07-01 02:00:00,1.97,182.0
1992-07-01 03:00:00,2.07,208.0
1992-07-01 04:00:00,2.12,199.0
1992-07-01 05:00:00,0.27,197.0
1992-07-01 06:00:00,1.29,201.0
1992-07-01 07:00:00,1.76,203.0
1992-07-01 08:00:00,2.31,208.0
1992-07-01 09:00:00,2.61,72.0
1992-07-01 10:00:00,7.62,51.0
1992-07-01 11:00:00,4.98,38.0
1992-07-01 12:00:00,7.46,31.0
1992-07-01 13:00:00,6.29,35.0
1992-07-01 14:00:00,5.66,214.0
1992-07-01 15:00:00,4.51,46.0
1992-07-01 16:00:00,6.17,41.0
1992-07-01 17:00:00,7.25,51.0
1992-07-01 18:00:00,4.94,48.0
1992-07-01 19:00:00,6.91,42.0
1992-07-01 20:00:00,6.88,44.0
1992-07-01 21:00:00,6.33,46.0
1992-07-01 22:00:00,6.43,46.0
1992-07-01 23:00:00,6.31,56.0
1992-07-02 00:00:00,8.53,62.0
1992-07-02 01:00:00,7.41,66.0
1992-07-02 02:00:00,7.96,62.0
1992-07-02 03:00:00,8.45,65.0
1992-07-02 04:00:00,8.93,68.0
1992-07-02 05:00:00,7.58,68.0
1992-07-02 06:00:00,8.8,73.0
1992-07-02 07:00:00,9.38,70.0
1992-07-02 08:00:00,9.95,73.0
1992-07-02 09:00:00,7.93,73.0
1992-07-02 10:00:00,7.54,73.0
1992-07-02 11:00:00,7.89,75.0
1992-07-02 12:00:00,8.05,70.0
1992-07-02 13:00:00,7.39,72.0
1992-07-02 14:00:00,7.49,77.0
1992-07-02 15:00:00,6.33,79.0
1992-07-02 16:00:00,6.59,90.0
1992-07-02 17:00:00,6.94,83.0
1992-07-02 18:00:00,6.81,79.0
1992-07-02 19:00:00,8.18,80.0
1992-07-02 20:00:00,7.77,80.0
1992-07-02 21:00:00,8.26,84.0
1992-07-02 22:00:00,8.04,86.0
1992-07-02 23:00:00,6.75,82.0
1992-07-03 00:00:00,6.7,90.0
1992-07-03 01:00:00,7.43,101.0
1992-07-03 02:00:00,9.1,104.0
1992-07-03 03:00:00,9.85,100.0
1992-07-03 04:00:00,9.28,96.0
1992-07-03 05:00:00,9.96,97.0
1992-07-03 06:00:00,11.03,101.0
1992-07-03 07:00:00,11.4,93.0
1992-07-03 08:00:00,9.64,90.0
1992-07-03 09:00:00,8.83,90.0
1992-07-03 10:00:00,10.98,83.0
1992-07-03 11:00:00,8.54,89.0
1992-07-03 12:00:00,6.61,79.0
1992-07-03 13:00:00,7.24,72.0
1992-07-03 14:00:00,7.38,106.0
1992-07-03 15:00:00,7.53,100.0
1992-07-03 16:00:00,7.27,90.0
1992-07-03 17:00:00,6.31,80.0
1992-07-03 18:00:00,3.98,79.0
1992-07-03 19:00:00,3.63,84.0
1992-07-03 20:00:00,2.59,121.0
1992-07-03 21:00:00,1.48,128.0
1992-07-03 22:00:00,1.33,155.0
1992-07-03 23:00:00,1.84,159.0
1992-07-04 00:00:00,2.08,182.0
1992-07-04 01:00:00,2.58,183.0
1992-07-04 02:00:00,2.86,189.0
1992-07-04 03:00:00,2.05,187.0
1992-07-04 04:00:00,2.71,189.0
1992-07-04 05:00:00,2.95,194.0
1992-07-04 06:00:00,1.85,180.0
1992-07-04 07:00:00,2.79,191.0
1992-07-04 08:00:00,4.24,217.0
1992-07-04 09:00:00,4.0,23.0
1992-07-04 10:00:00,5.01,310.0
1992-07-04 11:00:00,6.87,24.0
1992-07-04 12:00:00,5.13,110.0
1992-07-04 13:00:00,6.35,15.0
1992-07-04 14:00:00,7.69,24.0
1992-07-04 15:00:00,6.89,358.0
1992-07-04 16:00:00,5.71,355.0
1992-07-04 17:00:00,5.48,10.0
1992-07-04 18:00:00,3.89,352.0
1992-07-04 19:00:00,3.94,211.0
1992-07-04 20:00:00,6.41,215.0
1992-07-04 21:00:00,5.21,356.0
1992-07-04 22:00:00,5.93,15.0
1992-07-04 23:00:00,5.32,342.0
1992-07-05 00:00:00,4.72,218.0
1992-07-05 01:00:00,4.77,199.0
1992-07-05 02:00:00,6.48,184.0
1992-07-05 03:00:00,5.37,189.0
1992-07-05 04:00:00,3.78,211.0
1992-07-05 05:00:00,4.22,224.0
1992-07-05 06:00:00,3.21,328.0
1992-07-05 07:00:00,7.62,24.0
1992-07-05 08:00:00,6.94,39.0
1992-07-05 09:00:00,8.79,28.0
1992-07-05 10:00:00,8.57,30.0
1992-07-05 11:00:00,8.65,34.0
1992-07-05 12:00:00,7.43,25.0
1992-07-05 13:00:00,5.63,156.0
1992-07-05 14:00:00,6.72,34.0
1992-07-05 15:00:00,6.16,38.0
1992-07-05 16:00:00,7.26,32.0
1992-07-05 17:00:00,7.12,32.0
1992-07-05 18:00:00,6.32,31.0
1992-07-05 19:00:00,6.22,17.0
1992-07-05 20:00:00,6.07,23.0
1992-07-05 21:00:00,6.82,39.0
1992-07-05 22:00:00,7.07,44.0
1992-07-05 23:00:00,8.3,28.0
1992-07-06 00:00:00,8.15,32.0
1992-07-06 01:00:00,8.06,32.0
1992-07-06 02:00:00,7.43,32.0
1992-07-06 03:00:00,7.68,32.0
1992-07-06 04:00:00,6.99,83.0
1992-07-06 05:00:00,5.32,24.0
1992-07-06 06:00:00,5.25,42.0
1992-07-06 07:00:00,4.35,37.0
1992-07-06 08:00:00,3.74,37.0
1992-07-06 09:00:00,3.91,58.0
1992-07-06 10:00:00,4.1,39.0
1992-07-06 11:00:00,5.11,58.0
1992-07-06 12:00:00,4.78,46.0
1992-07-06 13:00:00,4.32,296.0
1992-07-06 14:00:00,4.22,49.0
1992-07-06 15:00:00,3.88,59.0
1992-07-06 16:00:00,3.05,45.0
1992-07-06 17:00:00,3.34,38.0
1992-07-06 18:00:00,3.17,58.0
1992-07-06 19:00:00,4.09,34.0
1992-07-06 20:00:00,4.68,42.0
1992-07-06 21:00:00,5.02,49.0
1992-07-06 22:00:00,4.85,49.0
1992-07-06 23:00:00,4.93,48.0
1992-07-07 00:00:00,5.32,51.0
1992-07-07 01:00:00,4.58,53.0
1992-07-07 02:00:00,3.53,46.0
1992-07-07 03:00:00,2.95,51.0
1992-07-07 04:00:00,1.83,139.0
1992-07-07 05:00:00,2.31,163.0
1992-07-07 06:00:00,1.38,166.0
1992-07-07 07:00:00,2.3,165.0
1992-07-07 08:00:00,2.52,201.0
1992-07-07 09:00:00,1.97,41.0
1992-07-07 10:00:00,2.37,27.0
1992-07-07 11:00:00,3.52,30.0
1992-07-07 12:00:00,3.55,332.0
1992-07-07 13:00:00,3.78,135.0
1992-07-07 14:00:00,3.76,61.0
1992-07-07 15:00:00,3.55,55.0
1992-07-07 16:00:00,3.49,39.0
1992-07-07 17:00:00,4.13,46.0
1992-07-07 18:00:00,3.43,42.0
1992-07-07 19:00:00,3.23,42.0
1992-07-07 20:00:00,3.12,44.0
1992-07-07 21:00:00,3.01,39.0
1992-07-07 22:00:00,3.15,41.0
1992-07-07 23:00:00,3.13,39.0
1992-07-08 00:00:00,1.61,51.0
1992-07-08 01:00:00,1.97,49.0
1992-07-08 02:00:00,2.39,48.0
1992-07-08 03:00:00,1.86,53.0
1992-07-08 04:00:00,0.55,89.0
1992-07-08 05:00:00,0.52,144.0
1992-07-08 06:00:00,0.21,153.0
1992-07-08 07:00:00,0.62,189.0
1992-07-08 08:00:00,0.66,189.0
1992-07-08 09:00:00,1.14,193.0
1992-07-08 10:00:00,2.08,221.0
1992-07-08 11:00:00,1.33,34.0
1992-07-08 12:00:00,1.38,108.0
1992-07-08 13:00:00,1.07,30.0
1992-07-08 14:00:00,1.57,51.0
1992-07-08 15:00:00,2.04,53.0
1992-07-08 16:00:00,3.32,44.0
1992-07-08 17:00:00,2.49,46.0
1992-07-08 18:00:00,3.19,38.0
1992-07-08 19:00:00,1.61,199.0
1992-07-08 20:00:00,0.69,265.0
1992-07-08 21:00:00,2.85,96.0
1992-07-08 22:00:00,1.78,37.0
1992-07-08 23:00:00,2.36,42.0
1992-07-09 00:00:00,2.45,45.0
1992-07-09 01:00:00,2.02,49.0
1992-07-09 02:00:00,2.8,59.0
1992-07-09 03:00:00,4.39,55.0
1992-07-09 04:00:00,3.33,55.0
1992-07-09 05:00:00,2.92,56.0
1992-07-09 06:00:00,2.85,55.0
1992-07-09 07:00:00,3.24,55.0
1992-07-09 08:00:00,3.44,53.0
1992-07-09 09:00:00,4.2,61.0
1992-07-09 10:00:00,4.36,58.0
1992-07-09 11:00:00,3.37,58.0
1992-07-09 12:00:00,2.25,59.0
1992-07-09 13:00:00,2.93,61.0
1992-07-09 14:00:00,0.01,166.0
1992-07-09 15:00:00,0.37,176.0
1992-07-09 16:00:00,2.03,56.0
1992-07-09 17:00:00,0.27,211.0
1992-07-09 18:00:00,2.13,213.0
1992-07-09 19:00:00,3.54,177.0
1992-07-09 20:00:00,5.38,158.0
1992-07-09 21:00:00,6.63,162.0
1992-07-09 22:00:00,3.91,163.0
1992-07-09 23:00:00,2.93,152.0
1992-07-10 00:00:00,4.28,159.0
1992-07-10 01:00:00,3.99,158.0
1992-07-10 02:00:00,3.71,158.0
1992-07-10 03:00:00,4.01,159.0
1992-07-10 04:00:00,2.43,155.0
1992-07-10 05:00:00,1.25,153.0
1992-07-10 06:00:00,0.0,138.0
1992-07-10 07:00:00,0.6,139.0
1992-07-10 08:00:00,0.0,113.0
1992-07-10 09:00:00,0.07,87.0
1992-07-10 10:00:00,0.81,144.0
1992-07-10 11:00:00,0.66,194.0
1992-07-10 12:00:00,0.2,169.0
1992-07-10 13:00:00,0.23,169.0
1992-07-10 14:00:00,1.27,173.0
1992-07-10 15:00:00,1.38,146.0
1992-07-10 16:00:00,2.51,199.0
1992-07-10 17:00:00,2.46,214.0
1992-07-10 18:00:00,4.97,177.0
1992-07-10 19:00:00,4.28,179.0
1992-07-10 20:00:00,4.54,175.0
1992-07-10 21:00:00,3.03,151.0
1992-07-10 22:00:00,2.95,155.0
1992-07-10 23:00:00,2.06,151.0
1992-07-11 00:00:00,4.43,142.0
1992-07-11 01:00:00,5.41,149.0
1992-07-11 02:00:00,3.47,152.0
1992-07-11 03:00:00,6.09,148.0
1992-07-11 04:00:00,4.94,144.0
1992-07-11 05:00:00,6.75,138.0
1992-07-11 06:00:00,5.8,141.0
1992-07-11 07:00:00,6.1,127.0
1992-07-11 08:00:00,8.41,113.0
1992-07-11 09:00:00,9.68,104.0
1992-07-11 10:00:00,8.81,110.0
1992-07-11 11:00:00,7.38,113.0
1992-07-11 12:00:00,6.35,166.0
1992-07-11 13:00:00,7.33,156.0
1992-07-11 14:00:00,6.52,166.0
1992-07-11 15:00:00,6.11,186.0
1992-07-11 16:00:00,6.05,193.0
1992-07-11 17:00:00,9.21,193.0
1992-07-11 18:00:00,6.82,190.0
1992-07-11 19:00:00,7.08,179.0
1992-07-11 20:00:00,7.62,180.0
1992-07-11 21:00:00,8.49,182.0
1992-07-11 22:00:00,8.07,187.0
1992-07-11 23:00:00,8.23,183.0
1992-07-12 00:00:00,8.05,186.0
1992-07-12 01:00:00,7.41,190.0
1992-07-12 02:00:00,7.81,196.0
1992-07-12 03:00:00,6.94,193.0
1992-07-12 04:00:00,7.11,139.0
1992-07-12 05:00:00,7.37,146.0
1992-07-12 06:00:00,8.93,132.0
1992-07-12 07:00:00,11.53,135.0
1992-07-12 08:00:00,10.14,153.0
1992-07-12 09:00:00,11.67,152.0
1992-07-12 10:00:00,12.0,158.0
1992-07-12 11:00:00,10.23,155.0
1992-07-12 12:00:00,9.24,131.0
1992-07-12 13:00:00,7.96,158.0
1992-07-12 14:00:00,7.9,160.0
1992-07-12 15:00:00,6.87,152.0
1992-07-12 16:00:00,6.48,115.0
1992-07-12 17:00:00,6.22,97.0
1992-07-12 18:00:00,6.5,103.0
1992-07-12 19:00:00,8.13,104.0
1992-07-12 20:00:00,5.56,99.0
1992-07-12 21:00:00,8.06,68.0
1992-07-12 22:00:00,9.06,73.0
1992-07-12 23:00:00,8.11,97.0
1992-07-13 00:00:00,11.72,108.0
1992-07-13 01:00:00,9.32,103.0
1992-07-13 02:00:00,11.12,108.0
1992-07-13 03:00:00,9.8,100.0
1992-07-13 04:00:00,9.69,72.0
1992-07-13 05:00:00,7.35,94.0
1992-07-13 06:00:00,4.14,137.0
1992-07-13 07:00:00,4.76,115.0
1992-07-13 08:00:00,4.32,146.0
1992-07-13 09:00:00,4.95,159.0
1992-07-13 10:00:00,7.27,172.0
1992-07-13 11:00:00,8.06,177.0
1992-07-13 12:00:00,8.61,179.0
1992-07-13 13:00:00,8.68,176.0
1992-07-13 14:00:00,7.92,177.0
1992-07-13 15:00:00,7.98,173.0
1992-07-13 16:00:00,6.37,175.0
1992-07-13 17:00:00,4.52,184.0
1992-07-13 18:00:00,4.7,187.0
1992-07-13 19:00:00,4.12,186.0
1992-07-13 20:00:00,3.25,210.0
1992-07-13 21:00:00,3.54,210.0
1992-07-13 22:00:00,4.16,197.0
1992-07-13 23:00:00,3.48,196.0
1992-07-14 00:00:00,3.85,194.0
1992-07-14 01:00:00,4.47,187.0
1992-07-14 02:00:00,5.51,193.0
1992-07-14 03:00:00,5.69,179.0
1992-07-14 04:00:00,5.64,193.0
1992-07-14 05:00:00,5.11,190.0
1992-07-14 06:00:00,4.03,177.0
1992-07-14 07:00:00,3.56,187.0
1992-07-14 08:00:00,4.5,182.0
1992-07-14 09:00:00,3.58,180.0
1992-07-14 10:00:00,4.78,196.0
1992-07-14 11:00:00,5.32,176.0
1992-07-14 12:00:00,4.43,173.0
1992-07-14 13:00:00,3.19,183.0
1992-07-14 14:00:00,4.79,193.0
1992-07-14 15:00:00,4.91,182.0
1992-07-14 16:00:00,4.04,186.0
1992-07-14 17:00:00,4.2,194.0
1992-07-14 18:00:00,4.32,179.0
1992-07-14 19:00:00,2.88,179.0
1992-07-14 20:00:00,2.34,175.0
1992-07-14 21:00:00,2.0,177.0
1992-07-14 22:00:00,0.0,23.0
1992-07-14 23:00:00,1.35,138.0
1992-07-15 00:00:00,1.63,145.0
1992-07-15 01:00:00,0.64,175.0
1992-07-15 02:00:00,2.08,160.0
1992-07-15 03:00:00,2.38,159.0
1992-07-15 04:00:00,2.01,158.0
1992-07-15 05:00:00,1.48,128.0
1992-07-15 06:00:00,3.46,130.0
1992-07-15 07:00:00,3.96,137.0
1992-07-15 08:00:00,3.97,137.0
1992-07-15 09:00:00,5.3,155.0
1992-07-15 10:00:00,5.5,169.0
1992-07-15 11:00:00,5.46,182.0
1992-07-15 12:00:00,6.38,201.0
1992-07-15 13:00:00,7.3,184.0
1992-07-15 14:00:00,3.95,196.0
1992-07-15 15:00:00,6.93,189.0
1992-07-15 16:00:00,5.08,206.0
1992-07-15 17:00:00,5.06,193.0
1992-07-15 18:00:00,4.32,179.0
1992-07-15 19:00:00,3.48,170.0
1992-07-15 20:00:00,5.29,176.0
1992-07-15 21:00:00,3.47,180.0
1992-07-15 22:00:00,4.23,163.0
1992-07-15 23:00:00,6.85,173.0
1992-07-16 00:00:00,6.85,173.0
1992-07-16 01:00:00,4.85,180.0
1992-07-16 02:00:00,6.44,187.0
1992-07-16 03:00:00,7.67,172.0
1992-07-16 04:00:00,7.68,173.0
1992-07-16 05:00:00,7.14,168.0
1992-07-16 06:00:00,6.84,162.0
1992-07-16 07:00:00,6.08,160.0
1992-07-16 08:00:00,6.3,166.0
1992-07-16 09:00:00,4.8,172.0
1992-07-16 10:00:00,5.33,158.0
1992-07-16 11:00:00,6.19,145.0
1992-07-16 12:00:00,4.9,156.0
1992-07-16 13:00:00,6.67,142.0
1992-07-16 14:00:00,6.81,137.0
1992-07-16 15:00:00,6.66,131.0
1992-07-16 16:00:00,9.36,137.0
1992-07-16 17:00:00,9.91,138.0
1992-07-16 18:00:00,10.08,132.0
1992-07-16 19:00:00,11.09,128.0
1992-07-16 20:00:00,8.9,127.0
1992-07-16 21:00:00,10.91,134.0
1992-07-16 22:00:00,12.26,142.0
1992-07-16 23:00:00,10.16,142.0
1992-07-17 00:00:00,9.24,144.0
1992-07-17 01:00:00,9.18,149.0
1992-07-17 02:00:00,9.21,155.0
1992-07-17 03:00:00,9.84,156.0
1992-07-17 04:00:00,9.42,141.0
1992-07-17 05:00:00,10.4,152.0
1992-07-17 06:00:00,9.25,146.0
1992-07-17 07:00:00,9.2,163.0
1992-07-17 08:00:00,8.29,158.0
1992-07-17 09:00:00,6.47,166.0
1992-07-17 10:00:00,9.19,182.0
1992-07-17 11:00:00,9.39,186.0
1992-07-17 12:00:00,8.83,183.0
1992-07-17 13:00:00,9.14,179.0
1992-07-17 14:00:00,8.08,199.0
1992-07-17 15:00:00,8.83,190.0
1992-07-17 16:00:00,10.75,175.0
1992-07-17 17:00:00,10.35,180.0
1992-07-17 18:00:00,11.33,182.0
1992-07-17 19:00:00,11.9,176.0
1992-07-17 20:00:00,11.87,177.0
1992-07-17 21:00:00,13.0,179.0
1992-07-17 22:00:00,11.52,182.0
1992-07-17 23:00:00,12.21,180.0
1992-07-18 00:00:00,12.01,182.0
1992-07-18 01:00:00,11.01,180.0
1992-07-18 02:00:00,11.66,177.0
1992-07-18 03:00:00,12.22,180.0
1992-07-18 04:00:00,11.77,176.0
1992-07-18 05:00:00,15.79,186.0
1992-07-18 06:00:00,9.81,184.0
1992-07-18 07:00:00,8.45,180.0
1992-07-18 08:00:00,7.95,168.0
1992-07-18 09:00:00,8.79,151.0
1992-07-18 10:00:00,10.82,153.0
1992-07-18 11:00:00,12.29,153.0
1992-07-18 12:00:00,10.69,163.0
1992-07-18 13:00:00,13.75,172.0
1992-07-18 14:00:00,11.23,166.0
1992-07-18 15:00:00,11.72,152.0
1992-07-18 16:00:00,13.43,149.0
1992-07-18 17:00:00,14.31,152.0
1992-07-18 18:00:00,12.17,151.0
1992-07-18 19:00:00,12.6,149.0
1992-07-18 20:00:00,15.42,149.0
1992-07-18 21:00:00,14.64,141.0
1992-07-18 22:00:00,14.0,138.0
1992-07-18 23:00:00,13.16,142.0
1992-07-19 00:00:00,9.78,149.0
1992-07-19 01:00:00,14.63,141.0
1992-07-19 02:00:00,10.16,144.0
1992-07-19 03:00:00,12.8,146.0
1992-07-19 04:00:00,9.51,165.0
1992-07-19 05:00:00,12.67,173.0
1992-07-19 06:00:00,11.92,173.0
1992-07-19 07:00:00,11.92,180.0
1992-07-19 08:00:00,8.32,200.0
1992-07-19 09:00:00,7.99,200.0
1992-07-19 10:00:00,8.25,191.0
1992-07-19 11:00:00,10.15,191.0
1992-07-19 12:00:00,9.16,189.0
1992-07-19 13:00:00,7.89,206.0
1992-07-19 14:00:00,8.1,184.0
1992-07-19 15:00:00,8.5,186.0
1992-07-19 16:00:00,9.05,193.0
1992-07-19 17:00:00,7.4,196.0
1992-07-19 18:00:00,8.72,173.0
1992-07-19 19:00:00,7.51,175.0
1992-07-19 20:00:00,5.9,173.0
1992-07-19 21:00:00,7.16,176.0
1992-07-19 22:00:00,6.37,168.0
1992-07-19 23:00:00,8.76,182.0
1992-07-20 00:00:00,7.26,176.0
1992-07-20 01:00:00,6.66,183.0
1992-07-20 02:00:00,8.61,179.0
1992-07-20 03:00:00,6.91,186.0
1992-07-20 04:00:00,5.07,177.0
1992-07-20 05:00:00,5.77,172.0
1992-07-20 06:00:00,4.41,158.0
1992-07-20 07:00:00,5.29,144.0
1992-07-20 08:00:00,4.8,135.0
1992-07-20 09:00:00,4.66,125.0
1992-07-20 10:00:00,5.49,128.0
1992-07-20 11:00:00,4.83,124.0
1992-07-20 12:00:00,4.46,114.0
1992-07-20 13:00:00,4.39,97.0
1992-07-20 14:00:00,2.97,106.0
1992-07-20 15:00:00,3.75,94.0
1992-07-20 16:00:00,3.1,94.0
1992-07-20 17:00:00,2.14,127.0
1992-07-20 18:00:00,6.9,75.0
1992-07-20 19:00:00,2.14,194.0
1992-07-20 20:00:00,0.34,97.0
1992-07-20 21:00:00,1.21,82.0
1992-07-20 22:00:00,0.0,90.0
1992-07-20 23:00:00,1.33,186.0
1992-07-21 00:00:00,2.92,206.0
1992-07-21 01:00:00,4.02,204.0
1992-07-21 02:00:00,4.02,206.0
1992-07-21 03:00:00,3.39,203.0
1992-07-21 04:00:00,3.97,194.0
1992-07-21 05:00:00,4.14,191.0
1992-07-21 06:00:00,6.48,183.0
1992-07-21 07:00:00,5.34,182.0
1992-07-21 08:00:00,7.8,187.0
1992-07-21 09:00:00,6.96,190.0
1992-07-21 10:00:00,8.2,193.0
1992-07-21 11:00:00,8.53,186.0
1992-07-21 12:00:00,9.11,183.0
1992-07-21 13:00:00,9.27,177.0
1992-07-21 14:00:00,10.43,193.0
1992-07-21 15:00:00,8.79,182.0
1992-07-21 16:00:00,9.3,189.0
1992-07-21 17:00:00,9.69,190.0
1992-07-21 18:00:00,8.63,182.0
1992-07-21 19:00:00,8.3,190.0
1992-07-21 20:00:00,6.46,179.0
1992-07-21 21:00:00,8.0,179.0
1992-07-21 22:00:00,7.17,173.0
1992-07-21 23:00:00,5.72,162.0
1992-07-22 00:00:00,7.57,169.0
1992-07-22 01:00:00,7.67,175.0
1992-07-22 02:00:00,6.94,183.0
1992-07-22 03:00:00,7.22,179.0
1992-07-22 04:00:00,6.82,179.0
1992-07-22 05:00:00,5.08,169.0
1992-07-22 06:00:00,4.24,169.0
1992-07-22 07:00:00,4.51,172.0
1992-07-22 08:00:00,5.87,179.0
1992-07-22 09:00:00,5.96,179.0
1992-07-22 10:00:00,6.34,170.0
1992-07-22 11:00:00,4.62,180.0
1992-07-22 12:00:00,3.28,170.0
1992-07-22 13:00:00,4.8,162.0
1992-07-22 14:00:00,6.06,151.0
1992-07-22 15:00:00,7.11,152.0
1992-07-22 16:00:00,5.74,146.0
1992-07-22 17:00:00,6.52,158.0
1992-07-22 18:00:00,7.52,153.0
1992-07-22 19:00:00,6.73,159.0
1992-07-22 20:00:00,5.5,148.0
1992-07-22 21:00:00,6.12,139.0
1992-07-22 22:00:00,6.1,144.0
1992-07-22 23:00:00,6.19,138.0
1992-07-23 00:00:00,6.69,124.0
1992-07-23 01:00:00,6.54,128.0
1992-07-23 02:00:00,8.47,120.0
1992-07-23 03:00:00,7.79,125.0
1992-07-23 04:00:00,8.69,118.0
1992-07-23 05:00:00,7.41,117.0
1992-07-23 06:00:00,8.29,115.0
1992-07-23 07:00:00,7.39,120.0
1992-07-23 08:00:00,8.33,124.0
1992-07-23 10:00:00,10.58,131.0
1992-07-23 11:00:00,8.63,113.0
1992-07-23 12:00:00,7.89,118.0
1992-07-23 13:00:00,7.84,121.0
1992-07-23 14:00:00,10.39,115.0
1992-07-23 15:00:00,9.49,121.0
1992-07-23 16:00:00,8.9,113.0
1992-07-23 17:00:00,8.31,134.0
1992-07-23 18:00:00,7.81,130.0
1992-07-23 19:00:00,9.14,141.0
1992-07-23 20:00:00,7.47,153.0
1992-07-23 21:00:00,8.46,145.0
1992-07-23 22:00:00,9.6,144.0
1992-07-23 23:00:00,9.39,138.0
1992-07-24 00:00:00,9.4,146.0
1992-07-24 01:00:00,7.73,166.0
1992-07-24 02:00:00,6.37,182.0
1992-07-24 03:00:00,4.9,158.0
1992-07-24 04:00:00,5.4,160.0
1992-07-24 05:00:00,3.93,166.0
1992-07-24 06:00:00,4.77,166.0
1992-07-24 07:00:00,4.31,156.0
1992-07-24 08:00:00,4.67,176.0
1992-07-24 09:00:00,3.28,194.0
1992-07-24 10:00:00,4.78,197.0
1992-07-24 11:00:00,6.22,197.0
1992-07-24 12:00:00,6.65,190.0
1992-07-24 13:00:00,5.75,189.0
1992-07-24 14:00:00,7.77,208.0
1992-07-24 15:00:00,7.47,189.0
1992-07-24 16:00:00,6.29,214.0
1992-07-24 17:00:00,5.28,207.0
1992-07-24 18:00:00,6.18,206.0
1992-07-24 19:00:00,5.46,197.0
1992-07-24 20:00:00,4.72,204.0
1992-07-24 21:00:00,3.82,200.0
1992-07-24 22:00:00,3.88,191.0
1992-07-24 23:00:00,3.52,189.0
1992-07-25 00:00:00,5.04,182.0
1992-07-25 01:00:00,6.01,180.0
1992-07-25 02:00:00,6.25,182.0
1992-07-25 03:00:00,5.54,173.0
1992-07-25 04:00:00,6.89,169.0
1992-07-25 05:00:00,7.03,156.0
1992-07-25 06:00:00,6.92,151.0
1992-07-25 07:00:00,7.66,151.0
1992-07-25 08:00:00,6.85,134.0
1992-07-25 09:00:00,7.48,139.0
1992-07-25 10:00:00,6.52,137.0
1992-07-25 11:00:00,7.47,137.0
1992-07-25 12:00:00,9.65,130.0
1992-07-25 13:00:00,7.86,141.0
1992-07-25 14:00:00,7.55,142.0
1992-07-25 15:00:00,9.35,145.0
1992-07-25 16:00:00,9.54,145.0
1992-07-25 17:00:00,9.47,135.0
1992-07-25 18:00:00,11.12,125.0
1992-07-25 19:00:00,11.45,121.0
1992-07-25 20:00:00,11.48,113.0
1992-07-25 21:00:00,7.95,166.0
1992-07-25 22:00:00,9.56,165.0
1992-07-25 23:00:00,8.44,163.0
1992-07-26 00:00:00,8.47,163.0
1992-07-26 01:00:00,7.75,168.0
1992-07-26 02:00:00,7.75,170.0
1992-07-26 03:00:00,8.65,173.0
1992-07-26 04:00:00,7.81,162.0
1992-07-26 05:00:00,7.44,156.0
1992-07-26 06:00:00,8.88,152.0
1992-07-26 07:00:00,9.2,158.0
1992-07-26 08:00:00,8.79,156.0
1992-07-26 09:00:00,9.6,168.0
1992-07-26 10:00:00,7.96,160.0
1992-07-26 11:00:00,7.38,162.0
1992-07-26 12:00:00,8.51,153.0
1992-07-26 13:00:00,10.14,173.0
1992-07-26 14:00:00,8.8,173.0
1992-07-26 15:00:00,8.95,179.0
1992-07-26 16:00:00,8.67,172.0
1992-07-26 17:00:00,9.04,172.0
1992-07-26 18:00:00,7.59,177.0
1992-07-26 19:00:00,5.96,183.0
1992-07-26 20:00:00,5.18,193.0
1992-07-26 21:00:00,6.07,194.0
1992-07-26 22:00:00,6.06,193.0
1992-07-26 23:00:00,6.03,180.0
1992-07-27 00:00:00,7.04,180.0
1992-07-27 01:00:00,6.96,177.0
1992-07-27 02:00:00,6.16,200.0
1992-07-27 03:00:00,6.43,211.0
1992-07-27 04:00:00,7.0,218.0
1992-07-27 05:00:00,6.38,214.0
1992-07-27 06:00:00,5.9,200.0
1992-07-27 07:00:00,7.29,194.0
1992-07-27 08:00:00,9.23,203.0
1992-07-27 09:00:00,9.45,207.0
1992-07-27 10:00:00,9.55,210.0
1992-07-27 11:00:00,11.18,204.0
1992-07-27 12:00:00,10.34,208.0
1992-07-27 13:00:00,11.64,210.0
1992-07-27 14:00:00,8.78,208.0
1992-07-27 15:00:00,10.59,210.0
1992-07-27 16:00:00,10.56,203.0
1992-07-27 17:00:00,11.09,203.0
1992-07-27 18:00:00,10.08,200.0
1992-07-27 19:00:00,8.56,193.0
1992-07-27 20:00:00,8.07,200.0
1992-07-27 21:00:00,5.86,201.0
1992-07-27 22:00:00,5.59,193.0
1992-07-27 23:00:00,6.87,215.0
1992-07-28 00:00:00,5.18,200.0
1992-07-28 01:00:00,4.39,218.0
1992-07-28 02:00:00,2.99,210.0
1992-07-28 03:00:00,2.39,186.0
1992-07-28 04:00:00,2.15,190.0
1992-07-28 05:00:00,1.52,189.0
1992-07-28 06:00:00,1.07,220.0
1992-07-28 07:00:00,0.52,296.0
1992-07-28 08:00:00,0.51,48.0
1992-07-28 09:00:00,1.26,190.0
1992-07-28 10:00:00,1.39,224.0
1992-07-28 11:00:00,2.28,191.0
1992-07-28 12:00:00,2.18,182.0
1992-07-28 13:00:00,1.42,146.0
1992-07-28 14:00:00,2.76,190.0
1992-07-28 15:00:00,2.09,203.0
1992-07-28 16:00:00,1.43,203.0
1992-07-28 17:00:00,2.31,211.0
1992-07-28 18:00:00,1.46,32.0
1992-07-28 19:00:00,0.8,262.0
1992-07-28 20:00:00,1.02,255.0
1992-07-28 21:00:00,2.69,115.0
1992-07-28 22:00:00,2.88,115.0
1992-07-28 23:00:00,2.35,69.0
1992-07-29 00:00:00,2.71,108.0
1992-07-29 01:00:00,4.04,110.0
1992-07-29 02:00:00,4.07,114.0
1992-07-29 03:00:00,4.3,111.0
1992-07-29 04:00:00,3.26,124.0
1992-07-29 05:00:00,4.43,125.0
1992-07-29 06:00:00,5.48,118.0
1992-07-29 07:00:00,5.04,114.0
1992-07-29 08:00:00,5.01,113.0
1992-07-29 09:00:00,4.62,120.0
1992-07-29 10:00:00,3.68,120.0
1992-07-29 11:00:00,1.87,137.0
1992-07-29 12:00:00,1.61,177.0
1992-07-29 13:00:00,1.29,169.0
1992-07-29 14:00:00,4.41,113.0
1992-07-29 15:00:00,3.79,151.0
1992-07-29 16:00:00,1.85,310.0
1992-07-29 17:00:00,1.41,244.0
1992-07-29 18:00:00,0.85,31.0
1992-07-29 19:00:00,0.0,79.0
1992-07-29 20:00:00,0.41,101.0
1992-07-29 21:00:00,0.74,237.0
1992-07-29 22:00:00,0.96,253.0
1992-07-29 23:00:00,0.94,245.0
1992-07-30 00:00:00,1.33,324.0
1992-07-30 01:00:00,2.03,10.0
1992-07-30 02:00:00,0.76,14.0
1992-07-30 03:00:00,0.91,14.0
1992-07-30 04:00:00,1.23,238.0
1992-07-30 05:00:00,2.2,206.0
1992-07-30 06:00:00,1.93,220.0
1992-07-30 07:00:00,1.21,353.0
1992-07-30 08:00:00,0.7,266.0
1992-07-30 09:00:00,1.35,269.0
1992-07-30 10:00:00,2.7,321.0
1992-07-30 11:00:00,2.08,6.0
1992-07-30 12:00:00,2.86,282.0
1992-07-30 13:00:00,2.15,280.0
1992-07-30 14:00:00,1.22,306.0
1992-07-30 15:00:00,0.83,201.0
1992-07-30 16:00:00,2.6,210.0
1992-07-30 17:00:00,2.84,283.0
1992-07-30 18:00:00,3.37,253.0
1992-07-30 19:00:00,4.98,39.0
1992-07-30 20:00:00,6.06,46.0
1992-07-30 21:00:00,5.36,48.0
1992-07-30 22:00:00,6.12,59.0
1992-07-30 23:00:00,6.1,61.0
1992-07-31 00:00:00,5.0,56.0
1992-07-31 01:00:00,5.32,48.0
1992-07-31 02:00:00,5.08,58.0
1992-07-31 03:00:00,4.39,44.0
1992-07-31 04:00:00,4.94,58.0
1992-07-31 05:00:00,4.94,53.0
1992-07-31 06:00:00,4.27,55.0
1992-07-31 07:00:00,5.07,66.0
1992-07-31 08:00:00,3.51,79.0
1992-07-31 09:00:00,3.25,84.0
1992-07-31 10:00:00,1.82,110.0
1992-07-31 11:00:00,1.45,263.0
1992-07-31 12:00:00,0.9,32.0
1992-07-31 13:00:00,3.35,176.0
1992-07-31 14:00:00,5.04,124.0
1992-07-31 15:00:00,5.08,169.0
1992-07-31 16:00:00,4.24,175.0
1992-07-31 17:00:00,4.71,158.0
1992-07-31 18:00:00,5.22,169.0
1992-07-31 19:00:00,5.22,153.0
1992-07-31 20:00:00,4.89,152.0
1992-07-31 21:00:00,5.6,148.0
1992-07-31 22:00:00,6.38,159.0
1992-07-31 23:00:00,6.19,156.0
1992-08-01 00:00:00,6.97,159.0
1992-08-01 01:00:00,6.78,166.0
1992-08-01 02:00:00,7.74,158.0
1992-08-01 03:00:00,9.24,155.0
1992-08-01 04:00:00,7.01,170.0
1992-08-01 05:00:00,7.89,159.0
1992-08-01 06:00:00,10.4,172.0
1992-08-01 07:00:00,11.09,162.0
1992-08-01 08:00:00,12.26,137.0
1992-08-01 09:00:00,11.04,138.0
1992-08-01 10:00:00,11.33,153.0
1992-08-01 11:00:00,10.96,155.0
1992-08-01 12:00:00,10.05,170.0
1992-08-01 13:00:00,9.17,170.0
1992-08-01 14:00:00,8.3,175.0
1992-08-01 15:00:00,8.24,184.0
1992-08-01 16:00:00,8.65,184.0
1992-08-01 17:00:00,8.49,177.0
1992-08-01 18:00:00,10.16,172.0
1992-08-01 19:00:00,9.11,168.0
1992-08-01 20:00:00,8.24,160.0
1992-08-01 21:00:00,9.4,165.0
1992-08-01 22:00:00,9.79,168.0
1992-08-01 23:00:00,9.39,166.0
1992-08-02 00:00:00,8.9,155.0
1992-08-02 01:00:00,7.43,156.0
1992-08-02 02:00:00,9.81,176.0
1992-08-02 03:00:00,8.85,172.0
1992-08-02 04:00:00,7.41,162.0
1992-08-02 05:00:00,7.12,165.0
1992-08-02 06:00:00,7.51,153.0
1992-08-02 07:00:00,8.36,153.0
1992-08-02 08:00:00,7.78,142.0
1992-08-02 09:00:00,8.05,152.0
1992-08-02 10:00:00,7.52,151.0
1992-08-02 11:00:00,8.75,159.0
1992-08-02 12:00:00,8.33,158.0
1992-08-02 13:00:00,8.87,155.0
1992-08-02 14:00:00,8.49,162.0
1992-08-02 15:00:00,9.08,159.0
1992-08-02 16:00:00,9.65,162.0
1992-08-02 17:00:00,9.3,148.0
1992-08-02 18:00:00,9.69,145.0
1992-08-02 19:00:00,10.65,142.0
1992-08-02 20:00:00,12.1,139.0
1992-08-02 21:00:00,9.66,131.0
1992-08-02 22:00:00,11.14,137.0
1992-08-02 23:00:00,12.28,139.0
1992-08-03 00:00:00,13.26,135.0
1992-08-03 01:00:00,11.35,180.0
1992-08-03 02:00:00,11.88,182.0
1992-08-03 03:00:00,13.5,182.0
1992-08-03 04:00:00,12.37,179.0
1992-08-03 05:00:00,14.25,176.0
1992-08-03 06:00:00,13.27,175.0
1992-08-03 07:00:00,13.51,175.0
1992-08-03 08:00:00,13.28,168.0
1992-08-03 09:00:00,13.93,166.0
1992-08-03 10:00:00,12.19,162.0
1992-08-03 11:00:00,14.3,169.0
1992-08-03 12:00:00,15.72,172.0
1992-08-03 13:00:00,15.93,175.0
1992-08-03 14:00:00,19.24,177.0
1992-08-03 15:00:00,15.69,180.0
1992-08-03 16:00:00,15.4,183.0
1992-08-03 17:00:00,13.6,183.0
1992-08-03 18:00:00,13.56,182.0
1992-08-03 19:00:00,11.4,183.0
1992-08-03 20:00:00,11.75,177.0
1992-08-03 21:00:00,12.19,176.0
1992-08-03 22:00:00,11.35,184.0
1992-08-03 23:00:00,10.24,183.0
1992-08-04 00:00:00,11.72,183.0
1992-08-04 01:00:00,9.2,184.0
1992-08-04 02:00:00,9.27,179.0
1992-08-04 03:00:00,9.59,187.0
1992-08-04 04:00:00,9.87,183.0
1992-08-04 05:00:00,7.02,182.0
1992-08-04 06:00:00,9.11,193.0
1992-08-04 07:00:00,8.44,179.0
1992-08-04 08:00:00,7.92,173.0
1992-08-04 09:00:00,9.31,168.0
1992-08-04 10:00:00,9.53,179.0
1992-08-04 11:00:00,11.84,158.0
1992-08-04 12:00:00,11.95,179.0
1992-08-04 13:00:00,10.91,176.0
1992-08-04 14:00:00,10.44,173.0
1992-08-04 15:00:00,11.1,163.0
1992-08-04 16:00:00,12.27,166.0
1992-08-04 17:00:00,12.33,163.0
1992-08-04 18:00:00,10.81,160.0
1992-08-04 19:00:00,14.23,158.0
1992-08-04 20:00:00,13.51,139.0
1992-08-04 21:00:00,16.12,142.0
1992-08-04 22:00:00,18.07,156.0
1992-08-04 23:00:00,13.85,166.0
1992-08-05 00:00:00,13.28,159.0
1992-08-05 01:00:00,14.39,169.0
1992-08-05 02:00:00,12.91,165.0
1992-08-05 03:00:00,14.74,163.0
1992-08-05 04:00:00,13.84,165.0
1992-08-05 05:00:00,15.5,163.0
1992-08-05 06:00:00,14.83,166.0
1992-08-05 07:00:00,13.61,165.0
1992-08-05 08:00:00,13.35,165.0
1992-08-05 09:00:00,11.76,165.0
1992-08-05 10:00:00,11.99,176.0
1992-08-05 11:00:00,13.29,168.0
1992-08-05 12:00:00,12.91,168.0
1992-08-05 13:00:00,13.02,163.0
1992-08-05 14:00:00,10.49,168.0
1992-08-05 15:00:00,9.46,173.0
1992-08-05 16:00:00,10.07,166.0
1992-08-05 17:00:00,9.52,176.0
1992-08-05 18:00:00,9.18,168.0
1992-08-05 19:00:00,9.92,173.0
1992-08-05 20:00:00,9.29,170.0
1992-08-05 21:00:00,10.26,172.0
1992-08-05 22:00:00,10.32,177.0
1992-08-05 23:00:00,9.18,173.0
1992-08-06 00:00:00,8.27,199.0
1992-08-06 01:00:00,8.8,193.0
1992-08-06 02:00:00,7.73,191.0
1992-08-06 03:00:00,7.31,191.0
1992-08-06 04:00:00,4.33,190.0
1992-08-06 05:00:00,6.4,197.0
1992-08-06 06:00:00,6.46,200.0
1992-08-06 07:00:00,4.32,200.0
1992-08-06 08:00:00,5.94,206.0
1992-08-06 09:00:00,3.87,196.0
1992-08-06 10:00:00,4.14,217.0
1992-08-06 11:00:00,2.68,211.0
