ob_time,ref_wind_speed,ref_wind_direction,target_wind_speed,target_wind_direction,bin,target_bin,longterm_target_estimate
1992-01-21 22:00:00,6.688,180.0,3.59,197.1,150-180,180-210,8.44148175239259
1992-01-21 23:00:00,5.659,170.0,5.03,188.0,150-180,180-210,7.364345622823279
1992-01-22 00:00:00,4.63,190.0,4.12,183.1,180-210,180-210,6.3584743364682526
1992-01-22 01:00:00,5.659,180.0,6.83,194.0,150-180,180-210,7.364345622823279
1992-01-22 02:00:00,6.173,170.0,7.84,186.8,150-180,180-210,7.90239029784624
1992-01-22 03:00:00,6.173,190.0,7.93,177.1,180-210,150-180,7.708454088810476
1992-01-22 04:00:00,6.688,170.0,7.55,184.9,150-180,180-210,8.44148175239259
1992-01-22 05:00:00,4.63,180.0,7.32,176.7,150-180,150-180,6.287209493253967
1992-01-22 06:00:00,7.202,190.0,8.55,195.0,180-210,180-210,8.608732225660864
1992-01-22 07:00:00,9.774,200.0,7.69,178.7,180-210,150-180,10.858990114853475
1992-01-22 08:00:00,8.746,190.0,9.51,187.2,180-210,180-210,9.959586883869804
1992-01-22 09:00:00,8.746,190.0,9.04,178.2,180-210,150-180,9.959586883869804
1992-01-22 10:00:00,7.717,180.0,7.99,189.0,150-180,180-210,9.518617881961902
1992-01-22 11:00:00,6.688,170.0,6.5,169.6,150-180,150-180,8.44148175239259
1992-01-22 12:00:00,8.746,190.0,6.92,184.6,180-210,180-210,9.959586883869804
1992-01-22 13:00:00,8.231,180.0,6.81,190.1,150-180,180-210,10.056662556984865
1992-01-22 14:00:00,8.231,180.0,7.97,182.6,150-180,180-210,10.056662556984865
1992-01-22 15:00:00,7.717,190.0,7.85,186.1,180-210,180-210,9.059308747019415
1992-01-22 16:00:00,7.202,190.0,8.19,199.7,180-210,180-210,8.608732225660864
1992-01-22 17:00:00,7.202,190.0,8.27,216.4,180-210,210-240,8.608732225660864
1992-01-22 18:00:00,7.202,190.0,7.36,183.7,180-210,180-210,8.608732225660864
1992-01-22 19:00:00,5.659,190.0,6.4,175.8,180-210,150-180,7.25875247331864
1992-01-22 20:00:00,8.231,170.0,8.25,167.8,150-180,150-180,10.056662556984865
1992-01-22 21:00:00,8.231,170.0,7.51,185.9,150-180,180-210,10.056662556984865
1992-01-22 22:00:00,7.202,160.0,10.62,173.9,150-180,150-180,8.97952642741555
1992-01-22 23:00:00,8.746,170.0,13.08,171.1,150-180,150-180,10.595754011531216
1992-01-23 00:00:00,9.26,160.0,10.07,168.4,150-180,150-180,11.133798686554176
1992-01-23 01:00:00,6.688,150.0,10.3,172.0,120-150,150-180,8.884965487829206
1992-01-23 02:00:00,7.202,150.0,11.56,166.7,120-150,150-180,9.454344498387355
1992-01-23 03:00:00,9.774,160.0,10.53,182.8,150-180,180-210,11.671843361577135
1992-01-23 04:00:00,9.774,150.0,10.99,167.0,120-150,150-180,12.30345503370945
1992-01-23 05:00:00,7.717,180.0,12.84,168.0,150-180,150-180,9.518617881961902
1992-01-23 06:00:00,10.803,170.0,12.48,171.6,150-180,150-180,12.748979491146446
1992-01-23 07:00:00,11.832,160.0,10.36,166.5,150-180,150-180,13.826115620715761
1992-01-23 08:00:00,11.832,170.0,9.08,156.0,150-180,150-180,13.826115620715761
1992-01-23 09:00:00,7.202,180.0,11.19,170.7,150-180,150-180,8.97952642741555
1992-01-23 10:00:00,6.688,170.0,10.3,175.8,150-180,150-180,8.44148175239259
1992-01-23 11:00:00,7.202,160.0,12.75,172.5,150-180,150-180,8.97952642741555
1992-01-23 12:00:00,10.803,160.0,15.46,175.7,150-180,150-180,12.748979491146446
1992-01-23 13:00:00,10.289,160.0,12.27,174.2,150-180,150-180,12.210934816123487
1992-01-23 14:00:00,10.803,160.0,9.7,176.2,150-180,150-180,12.748979491146446
1992-01-23 15:00:00,10.803,160.0,14.34,167.1,150-180,150-180,12.748979491146446
1992-01-23 16:00:00,10.803,160.0,10.93,176.4,150-180,150-180,12.748979491146446
1992-01-23 17:00:00,11.318,160.0,11.85,164.3,150-180,150-180,13.288070945692798
1992-01-23 18:00:00,8.746,160.0,13.77,173.8,150-180,150-180,10.595754011531216
1992-01-23 19:00:00,9.26,170.0,10.74,162.5,150-180,150-180,11.133798686554176
1992-01-23 20:00:00,9.26,160.0,9.66,176.4,150-180,150-180,11.133798686554176
1992-01-23 21:00:00,8.231,170.0,11.05,185.0,150-180,180-210,10.056662556984865
1992-01-23 22:00:00,8.231,170.0,9.28,180.3,150-180,180-210,10.056662556984865
1992-01-23 23:00:00,6.688,170.0,7.78,182.6,150-180,180-210,8.44148175239259
1992-01-24 00:00:00,8.746,180.0,7.2,179.2,150-180,150-180,10.595754011531216
1992-01-24 01:00:00,7.717,180.0,9.26,182.4,150-180,180-210,9.518617881961902
1992-01-24 02:00:00,7.717,180.0,8.35,180.7,150-180,180-210,9.518617881961902
1992-01-24 03:00:00,6.688,180.0,8.27,190.7,150-180,180-210,8.44148175239259
1992-01-24 04:00:00,7.202,180.0,7.91,192.2,150-180,180-210,8.97952642741555
1992-01-24 05:00:00,7.202,180.0,6.44,179.2,150-180,150-180,8.97952642741555
1992-01-24 06:00:00,7.717,170.0,6.8,187.2,150-180,180-210,9.518617881961902
1992-01-24 07:00:00,6.173,170.0,8.58,181.6,150-180,180-210,7.90239029784624
1992-01-24 08:00:00,5.144,180.0,8.34,183.1,150-180,180-210,6.825254168276928
1992-01-24 09:00:00,5.659,180.0,8.67,176.6,150-180,150-180,7.364345622823279
1992-01-24 10:00:00,7.202,180.0,9.53,192.6,150-180,180-210,8.97952642741555
1992-01-24 11:00:00,9.26,180.0,7.43,184.5,150-180,180-210,11.133798686554176
1992-01-24 12:00:00,9.26,180.0,7.9,183.0,150-180,180-210,11.133798686554176
1992-01-24 13:00:00,8.231,180.0,6.95,194.5,150-180,180-210,10.056662556984865
1992-01-24 14:00:00,7.202,180.0,5.19,162.3,150-180,150-180,8.97952642741555
1992-01-24 15:00:00,6.173,170.0,6.95,177.2,150-180,150-180,7.90239029784624
1992-01-24 16:00:00,8.746,170.0,7.91,184.4,150-180,180-210,10.595754011531216
1992-01-24 17:00:00,8.231,180.0,7.69,182.3,150-180,180-210,10.056662556984865
1992-01-24 18:00:00,8.231,180.0,10.01,200.1,150-180,180-210,10.056662556984865
1992-01-24 19:00:00,8.231,190.0,9.23,194.2,180-210,180-210,9.509010362511251
1992-01-24 20:00:00,7.717,170.0,8.92,200.1,150-180,180-210,9.518617881961902
1992-01-24 21:00:00,3.601,180.0,9.4,194.6,150-180,180-210,5.210073363684655
1992-01-24 22:00:00,8.746,190.0,8.43,186.2,180-210,180-210,9.959586883869804
1992-01-24 23:00:00,7.202,180.0,7.81,180.1,150-180,180-210,8.97952642741555
1992-01-25 00:00:00,8.231,170.0,7.36,187.2,150-180,180-210,10.056662556984865
1992-01-25 01:00:00,9.774,180.0,7.64,186.9,150-180,180-210,11.671843361577135
1992-01-25 02:00:00,8.746,180.0,10.98,209.5,150-180,180-210,10.595754011531216
1992-01-25 03:00:00,7.717,180.0,10.47,189.9,150-180,180-210,9.518617881961902
1992-01-25 04:00:00,8.746,180.0,11.81,203.0,150-180,180-210,10.595754011531216
1992-01-25 05:00:00,11.318,200.0,11.29,219.7,180-210,210-240,12.209844773062414
1992-01-25 06:00:00,12.347,210.0,11.77,296.9,180-210,270-300,13.110122909912803
1992-01-25 07:00:00,10.289,270.0,9.53,276.4,240-270,270-300,12.62886104932408
1992-01-25 08:00:00,8.231,260.0,9.89,272.7,240-270,270-300,10.47342868333704
1992-01-25 09:00:00,9.26,240.0,20.53,309.3,210-240,300-330,10.725724013737906
1992-01-25 10:00:00,15.948,290.0,13.55,329.2,270-300,300-330,19.18142924590194
1992-01-25 11:00:00,10.803,300.0,13.64,318.9,270-300,300-330,13.682107625067449
1992-01-25 12:00:00,12.861,290.0,12.67,320.6,270-300,300-330,15.881836273401245
1992-01-25 13:00:00,6.688,300.0,14.16,324.1,270-300,300-330,9.283719195575916
1992-01-25 14:00:00,11.832,300.0,15.22,327.6,270-300,300-330,14.781971949234347
1992-01-25 15:00:00,9.26,310.0,13.21,321.8,300-330,300-330,12.561421737884219
1992-01-25 16:00:00,7.717,290.0,14.42,333.2,270-300,330-360,10.383583519742814
1992-01-25 17:00:00,7.717,300.0,12.02,337.5,270-300,330-360,10.383583519742814
1992-01-25 18:00:00,6.173,290.0,10.03,335.9,270-300,330-360,8.733252599904436
1992-01-25 19:00:00,5.659,300.0,10.69,341.4,270-300,330-360,8.183854871409018
1992-01-25 20:00:00,5.144,310.0,8.26,326.3,300-330,300-330,7.674602644977453
1992-01-25 21:00:00,4.116,280.0,8.83,327.5,270-300,300-330,6.5345928187467
1992-01-25 22:00:00,2.572,290.0,7.58,325.3,270-300,300-330,4.884261898908322
1992-01-25 23:00:00,4.63,260.0,8.68,311.9,240-270,300-330,6.701945714474393
1992-01-26 00:00:00,3.087,290.0,9.33,308.9,270-300,300-330,5.434728494579803
1992-01-26 01:00:00,4.116,270.0,9.03,316.3,240-270,300-330,6.163611294592304
1992-01-26 02:00:00,3.601,260.0,8.69,312.4,240-270,300-330,5.624229531480873
1992-01-26 03:00:00,4.63,260.0,4.55,270.4,240-270,270-300,6.701945714474393
1992-01-26 04:00:00,3.087,260.0,5.04,268.4,240-270,240-270,5.085895111598784
1992-01-26 05:00:00,5.144,260.0,5.26,266.4,240-270,240-270,7.240280134356481
1992-01-26 06:00:00,5.144,260.0,4.81,275.5,240-270,270-300,7.240280134356481
1992-01-26 07:00:00,4.116,250.0,4.87,271.7,240-270,270-300,6.163611294592304
1992-01-26 08:00:00,3.601,270.0,4.66,277.6,240-270,270-300,5.624229531480873
1992-01-26 09:00:00,4.116,260.0,5.17,271.4,240-270,270-300,6.163611294592304
1992-01-26 10:00:00,4.116,220.0,5.41,267.6,210-240,240-270,6.199034944892011
1992-01-26 11:00:00,4.116,230.0,5.67,247.9,210-240,240-270,6.199034944892011
1992-01-26 12:00:00,4.116,230.0,5.54,243.0,210-240,240-270,6.199034944892011
1992-01-26 13:00:00,3.087,250.0,5.38,233.0,240-270,210-240,5.085895111598784
1992-01-26 14:00:00,1.029,230.0,4.17,245.3,210-240,240-270,3.4824935071923084
1992-01-26 15:00:00,1.029,190.0,4.54,227.3,180-210,210-240,3.2079383104252526
1992-01-26 16:00:00,1.029,200.0,3.88,200.3,180-210,180-210,3.2079383104252526
1992-01-26 17:00:00,1.029,250.0,4.49,200.4,240-270,180-210,2.9304627456117442
1992-01-26 18:00:00,1.029,200.0,3.26,220.4,180-210,210-240,3.2079383104252526
1992-01-26 19:00:00,1.029,240.0,2.77,206.4,210-240,180-210,3.4824935071923084
1992-01-26 20:00:00,1.029,240.0,0.5,207.0,210-240,180-210,3.4824935071923084
1992-01-26 21:00:00,1.029,270.0,3.97,204.9,240-270,180-210,2.9304627456117442
1992-01-26 22:00:00,1.029,280.0,3.91,194.9,270-300,180-210,3.234999846246005
1992-01-26 23:00:00,1.029,200.0,3.77,199.4,180-210,180-210,3.2079383104252526
1992-01-27 00:00:00,1.029,190.0,4.51,211.1,180-210,210-240,3.2079383104252526
1992-01-27 01:00:00,1.543,190.0,2.58,179.5,180-210,150-180,3.657639925917089
1992-01-27 02:00:00,1.029,180.0,2.78,190.2,150-180,180-210,2.5177564295230717
1992-01-27 03:00:00,1.029,180.0,3.95,207.6,150-180,180-210,2.5177564295230717
1992-01-27 04:00:00,1.029,210.0,2.67,242.6,180-210,240-270,3.2079383104252526
1992-01-27 05:00:00,1.029,240.0,3.39,314.9,210-240,300-330,3.4824935071923084
1992-01-27 06:00:00,1.029,270.0,1.83,200.3,240-270,180-210,2.9304627456117442
1992-01-27 07:00:00,1.029,200.0,2.55,184.7,180-210,180-210,3.2079383104252526
1992-01-27 08:00:00,1.029,230.0,3.68,204.4,210-240,180-210,3.4824935071923084
1992-01-27 09:00:00,1.029,240.0,4.97,196.2,210-240,180-210,3.4824935071923084
1992-01-27 10:00:00,1.029,280.0,4.32,210.2,270-300,210-240,3.234999846246005
1992-01-27 11:00:00,1.029,240.0,2.77,212.7,210-240,210-240,3.4824935071923084
1992-01-27 12:00:00,1.029,190.0,2.88,214.9,180-210,210-240,3.2079383104252526
1992-01-27 13:00:00,3.087,180.0,2.42,192.2,150-180,180-210,4.672028688661696
1992-01-27 14:00:00,1.029,230.0,2.65,218.5,210-240,210-240,3.4824935071923084
1992-01-27 15:00:00,2.572,200.0,3.18,244.4,180-210,240-270,4.557918062767477
1992-01-27 16:00:00,1.029,210.0,3.53,245.9,180-210,240-270,3.2079383104252526
1992-01-27 17:00:00,2.572,180.0,3.28,244.5,150-180,240-270,4.132937234115344
1992-01-27 18:00:00,2.572,180.0,3.83,262.7,150-180,240-270,4.132937234115344
1992-01-27 19:00:00,1.029,240.0,2.71,224.7,210-240,210-240,3.4824935071923084
1992-01-27 20:00:00,1.029,200.0,3.33,261.7,180-210,240-270,3.2079383104252526
1992-01-27 21:00:00,1.029,250.0,5.82,243.2,240-270,240-270,2.9304627456117442
1992-01-27 22:00:00,2.058,180.0,6.04,261.8,150-180,240-270,3.5948925590923833
1992-01-27 23:00:00,2.572,250.0,3.3,217.0,240-270,210-240,4.546513348487353
1992-01-28 00:00:00,1.029,210.0,3.17,256.0,180-210,240-270,3.2079383104252526
1992-01-28 01:00:00,2.572,200.0,6.7,261.8,180-210,240-270,4.557918062767477
1992-01-28 02:00:00,3.087,180.0,7.62,258.6,150-180,240-270,4.672028688661696
1992-01-28 03:00:00,5.144,240.0,6.61,262.8,210-240,240-270,7.103668763471634
1992-01-28 04:00:00,2.572,210.0,6.96,257.9,180-210,240-270,4.557918062767477
1992-01-28 05:00:00,3.087,180.0,5.08,240.5,150-180,240-270,4.672028688661696
1992-01-28 06:00:00,2.572,240.0,2.78,270.6,210-240,270-300,4.840324229048687
1992-01-28 07:00:00,1.029,230.0,3.32,249.6,210-240,240-270,3.4824935071923084
1992-01-28 08:00:00,1.029,250.0,2.96,257.2,240-270,240-270,2.9304627456117442
1992-01-28 09:00:00,1.543,250.0,2.91,273.1,240-270,270-300,3.468797165493833
1992-01-28 10:00:00,1.543,240.0,3.13,247.5,210-240,240-270,3.9348104164821196
1992-01-28 11:00:00,1.543,250.0,3.46,240.2,240-270,240-270,3.468797165493833
1992-01-28 12:00:00,1.543,290.0,5.27,219.0,270-300,210-240,3.784397574741424
1992-01-28 13:00:00,1.029,170.0,5.37,239.7,150-180,210-240,2.5177564295230717
1992-01-28 14:00:00,1.029,240.0,3.51,235.5,210-240,210-240,3.4824935071923084
1992-01-28 15:00:00,1.029,260.0,3.09,242.9,240-270,240-270,2.9304627456117442
1992-01-28 16:00:00,1.029,190.0,2.47,212.9,180-210,210-240,3.2079383104252526
1992-01-28 17:00:00,1.029,220.0,2.36,227.9,210-240,210-240,3.4824935071923084
1992-01-28 18:00:00,1.029,280.0,2.5,242.1,270-300,240-270,3.234999846246005
1992-01-28 19:00:00,1.029,290.0,1.16,265.1,270-300,240-270,3.234999846246005
1992-01-28 20:00:00,1.029,220.0,1.26,317.0,210-240,300-330,3.4824935071923084
1992-01-28 21:00:00,1.029,270.0,1.58,339.9,240-270,330-360,2.9304627456117442
1992-01-28 22:00:00,1.029,230.0,2.63,221.6,210-240,210-240,3.4824935071923084
1992-01-28 23:00:00,1.029,220.0,1.98,236.6,210-240,210-240,3.4824935071923084
1992-01-29 00:00:00,1.029,270.0,1.84,275.1,240-270,270-300,2.9304627456117442
1992-01-29 01:00:00,1.029,250.0,0.86,235.2,240-270,210-240,2.9304627456117442
1992-01-29 02:00:00,1.029,280.0,2.28,199.3,270-300,180-210,3.234999846246005
1992-01-29 03:00:00,1.029,270.0,1.55,177.9,240-270,150-180,2.9304627456117442
1992-01-29 04:00:00,1.029,110.0,1.79,159.2,90-120,150-180,3.741759674077841
1992-01-29 05:00:00,1.029,100.0,1.78,195.6,90-120,180-210,3.741759674077841
1992-01-29 06:00:00,1.029,200.0,2.25,170.0,180-210,150-180,3.2079383104252526
1992-01-29 07:00:00,0.0,0.0,2.7,173.8,0-30,150-180,1.7544466810890498
1992-01-29 08:00:00,1.029,230.0,1.18,188.7,210-240,180-210,3.4824935071923084
1992-01-29 09:00:00,1.029,140.0,2.45,127.3,120-150,120-150,2.616257665361185
1992-01-29 10:00:00,1.029,160.0,3.43,135.7,150-180,120-150,2.5177564295230717
1992-01-29 11:00:00,1.543,130.0,3.47,164.8,120-150,150-180,3.1856366759193335
1992-01-29 12:00:00,1.543,120.0,5.23,171.5,90-120,150-180,4.1811475500093005
1992-01-29 13:00:00,1.543,150.0,5.12,159.6,120-150,150-180,3.1856366759193335
1992-01-29 14:00:00,2.058,160.0,4.5,159.6,150-180,150-180,3.5948925590923833
1992-01-29 15:00:00,2.058,140.0,5.18,158.2,120-150,150-180,3.756123427743159
1992-01-29 16:00:00,2.058,160.0,4.85,154.7,150-180,150-180,3.5948925590923833
1992-01-29 17:00:00,3.601,150.0,5.03,156.4,120-150,150-180,5.465368200683283
1992-01-29 18:00:00,3.601,160.0,5.8,150.3,150-180,150-180,5.210073363684655
1992-01-29 19:00:00,4.116,170.0,6.16,157.7,150-180,150-180,5.749164818231007
1992-01-29 20:00:00,3.601,170.0,5.43,156.8,150-180,150-180,5.210073363684655
1992-01-29 21:00:00,3.601,150.0,5.26,149.8,120-150,120-150,5.465368200683283
1992-01-29 22:00:00,4.63,160.0,5.25,146.0,150-180,120-150,6.287209493253967
1992-01-29 23:00:00,1.543,210.0,7.66,169.5,180-210,150-180,3.657639925917089
1992-01-30 00:00:00,1.543,180.0,5.89,149.5,150-180,120-150,3.055801104546032
1992-01-30 01:00:00,5.659,170.0,6.19,212.2,150-180,210-240,7.364345622823279
1992-01-30 02:00:00,3.601,170.0,2.73,249.4,150-180,240-270,5.210073363684655
1992-01-30 03:00:00,2.572,200.0,2.34,310.5,180-210,300-330,4.557918062767477
1992-01-30 04:00:00,1.543,200.0,1.42,245.0,180-210,240-270,3.657639925917089
1992-01-30 05:00:00,1.543,180.0,1.98,19.8,150-180,0-30,3.055801104546032
1992-01-30 06:00:00,3.087,220.0,0.63,48.5,210-240,30-60,5.293521132325444
1992-01-30 07:00:00,1.029,250.0,2.72,1.3,240-270,0-30,2.9304627456117442
1992-01-30 08:00:00,1.029,230.0,2.83,21.3,210-240,0-30,3.4824935071923084
1992-01-30 09:00:00,0.0,0.0,0.83,129.7,0-30,120-150,1.7544466810890498
1992-01-30 10:00:00,1.029,210.0,1.82,118.2,180-210,90-120,3.2079383104252526
1992-01-30 11:00:00,1.029,190.0,2.82,103.7,180-210,90-120,3.2079383104252526
1992-01-30 12:00:00,1.029,200.0,2.3,131.6,180-210,120-150,3.2079383104252526
1992-01-30 13:00:00,1.543,150.0,1.54,332.4,120-150,330-360,3.1856366759193335
1992-01-30 14:00:00,1.543,170.0,4.44,334.1,150-180,330-360,3.055801104546032
1992-01-30 15:00:00,1.029,150.0,5.85,342.7,120-150,330-360,2.616257665361185
1992-01-30 16:00:00,1.029,300.0,4.64,340.6,270-300,330-360,3.234999846246005
1992-01-30 17:00:00,2.058,280.0,5.76,326.6,270-300,300-330,4.334864170412903
1992-01-30 18:00:00,1.543,260.0,5.22,321.1,240-270,300-330,3.468797165493833
1992-01-30 19:00:00,1.029,250.0,4.38,302.4,240-270,300-330,2.9304627456117442
1992-01-30 20:00:00,2.058,250.0,3.61,238.1,240-270,210-240,4.008178928605265
1992-01-30 21:00:00,1.029,250.0,4.61,235.8,240-270,210-240,2.9304627456117442
1992-01-30 22:00:00,1.029,230.0,4.08,216.7,210-240,210-240,3.4824935071923084
1992-01-30 23:00:00,1.543,190.0,4.34,207.5,180-210,180-210,3.657639925917089
1992-01-31 00:00:00,1.029,200.0,4.03,207.5,180-210,180-210,3.2079383104252526
1992-01-31 01:00:00,1.029,190.0,3.27,205.6,180-210,180-210,3.2079383104252526
1992-01-31 02:00:00,1.029,250.0,4.21,210.6,240-270,210-240,2.9304627456117442
1992-01-31 03:00:00,1.029,240.0,4.53,192.9,210-240,180-210,3.4824935071923084
1992-01-31 04:00:00,1.029,230.0,4.43,192.1,210-240,180-210,3.4824935071923084
1992-01-31 05:00:00,1.029,220.0,4.72,184.5,210-240,180-210,3.4824935071923084
1992-01-31 06:00:00,1.543,190.0,3.4,199.0,180-210,180-210,3.657639925917089
1992-01-31 07:00:00,1.029,190.0,4.04,207.0,180-210,180-210,3.2079383104252526
1992-01-31 08:00:00,1.543,200.0,4.67,238.7,180-210,210-240,3.657639925917089
1992-01-31 09:00:00,1.543,210.0,3.31,188.4,180-210,180-210,3.657639925917089
1992-01-31 10:00:00,1.029,200.0,4.71,200.2,180-210,180-210,3.2079383104252526
1992-01-31 11:00:00,4.116,200.0,4.68,184.6,180-210,180-210,5.908772720976415
1992-01-31 12:00:00,1.543,190.0,3.99,172.8,180-210,150-180,3.657639925917089
1992-01-31 13:00:00,4.63,200.0,5.07,205.9,180-210,180-210,6.3584743364682526
1992-01-31 14:00:00,3.087,200.0,4.98,216.8,180-210,210-240,5.008494584126028
1992-01-31 15:00:00,1.543,240.0,3.73,189.4,210-240,180-210,3.9348104164821196
1992-01-31 16:00:00,3.601,190.0,5.17,185.0,180-210,180-210,5.4581961996178645
1992-01-31 17:00:00,1.543,150.0,5.13,180.8,120-150,180-210,3.1856366759193335
1992-01-31 18:00:00,4.116,190.0,5.89,185.7,180-210,180-210,5.908772720976415
1992-01-31 19:00:00,5.659,190.0,6.17,187.2,180-210,180-210,7.25875247331864
1992-01-31 20:00:00,5.659,190.0,5.7,170.0,180-210,150-180,7.25875247331864
1992-01-31 21:00:00,6.173,200.0,6.66,197.2,180-210,180-210,7.708454088810476
1992-01-31 22:00:00,6.173,200.0,6.75,207.6,180-210,180-210,7.708454088810476
1992-01-31 23:00:00,5.659,190.0,6.65,226.2,180-210,210-240,7.25875247331864
1992-02-01 00:00:00,4.63,210.0,5.61,244.9,180-210,240-270,6.3584743364682526
1992-02-01 01:00:00,7.202,210.0,6.15,238.1,180-210,210-240,8.608732225660864
1992-02-01 02:00:00,7.202,210.0,9.27,288.3,180-210,270-300,8.608732225660864
1992-02-01 03:00:00,5.659,230.0,6.6,287.8,210-240,270-300,7.556865666748391
1992-02-01 04:00:00,4.63,220.0,5.56,273.5,210-240,270-300,6.651351854181823
1992-02-01 05:00:00,1.029,230.0,4.56,242.7,210-240,240-270,3.4824935071923084
1992-02-01 06:00:00,2.058,210.0,4.97,252.7,180-210,240-270,4.10821644727564
1992-02-01 07:00:00,2.058,180.0,3.34,254.7,150-180,240-270,3.5948925590923833
1992-02-01 08:00:00,4.63,200.0,4.37,205.3,180-210,180-210,6.3584743364682526
1992-02-01 09:00:00,4.116,180.0,4.06,198.5,150-180,180-210,5.749164818231007
1992-02-01 10:00:00,4.116,180.0,4.11,180.7,150-180,180-210,5.749164818231007
1992-02-01 11:00:00,4.116,170.0,5.67,204.4,150-180,180-210,5.749164818231007
1992-02-01 12:00:00,4.116,180.0,6.43,220.1,150-180,210-240,5.749164818231007
1992-02-01 13:00:00,6.173,180.0,5.72,202.6,150-180,180-210,7.90239029784624
1992-02-01 14:00:00,4.116,170.0,4.28,189.0,150-180,180-210,5.749164818231007
1992-02-01 15:00:00,5.659,170.0,6.38,229.7,150-180,210-240,7.364345622823279
1992-02-01 16:00:00,5.659,170.0,7.21,239.2,150-180,210-240,7.364345622823279
1992-02-01 17:00:00,3.601,180.0,4.39,229.1,150-180,210-240,5.210073363684655
1992-02-01 18:00:00,4.63,190.0,9.62,249.8,180-210,240-270,6.3584743364682526
1992-02-01 19:00:00,5.144,180.0,8.33,229.8,150-180,210-240,6.825254168276928
1992-02-01 20:00:00,9.774,200.0,7.88,223.3,180-210,210-240,10.858990114853475
1992-02-01 21:00:00,10.803,200.0,7.57,212.3,180-210,210-240,11.759268251703864
1992-02-01 22:00:00,5.659,190.0,7.93,217.2,180-210,210-240,7.25875247331864
1992-02-01 23:00:00,8.746,190.0,7.18,206.3,180-210,180-210,9.959586883869804
1992-02-02 00:00:00,7.717,180.0,5.79,208.6,150-180,180-210,9.518617881961902
1992-02-02 01:00:00,7.202,180.0,4.08,234.5,150-180,210-240,8.97952642741555
1992-02-02 02:00:00,6.688,180.0,6.78,253.1,150-180,240-270,8.44148175239259
1992-02-02 03:00:00,6.173,180.0,6.26,252.5,150-180,240-270,7.90239029784624
1992-02-02 04:00:00,4.63,190.0,6.28,262.6,180-210,240-270,6.3584743364682526
1992-02-02 05:00:00,2.572,200.0,6.27,241.9,180-210,240-270,4.557918062767477
1992-02-02 06:00:00,5.659,190.0,5.46,242.8,180-210,240-270,7.25875247331864
1992-02-02 07:00:00,5.659,180.0,5.44,222.3,150-180,210-240,7.364345622823279
1992-02-02 08:00:00,5.144,170.0,6.88,208.2,150-180,180-210,6.825254168276928
1992-02-02 09:00:00,8.231,190.0,7.1,208.1,180-210,180-210,9.509010362511251
1992-02-02 10:00:00,7.202,180.0,9.48,240.9,150-180,240-270,8.97952642741555
1992-02-02 11:00:00,7.717,180.0,7.82,231.0,150-180,210-240,9.518617881961902
1992-02-02 12:00:00,7.202,170.0,10.08,234.5,150-180,210-240,8.97952642741555
1992-02-02 13:00:00,8.231,180.0,6.95,253.5,150-180,240-270,10.056662556984865
1992-02-02 14:00:00,9.26,220.0,6.84,275.3,210-240,270-300,10.725724013737906
1992-02-02 15:00:00,10.289,230.0,10.91,268.4,210-240,240-270,11.631237826304474
1992-02-02 16:00:00,11.318,220.0,12.16,260.1,210-240,240-270,12.536751638871042
1992-02-02 17:00:00,10.289,220.0,9.43,258.3,210-240,240-270,11.631237826304474
1992-02-02 18:00:00,9.26,200.0,6.57,273.8,180-210,270-300,10.40928849936164
1992-02-02 19:00:00,7.717,230.0,8.27,271.2,210-240,270-300,9.367893291881526
1992-02-02 20:00:00,7.202,230.0,12.05,293.2,210-240,270-300,8.91469638860477
1992-02-02 21:00:00,6.688,230.0,17.72,308.4,210-240,300-330,8.462379479314958
1992-02-02 22:00:00,7.202,220.0,13.38,290.9,210-240,270-300,8.91469638860477
1992-02-02 23:00:00,6.173,210.0,13.41,284.6,180-210,270-300,7.708454088810476
1992-02-03 00:00:00,10.289,220.0,11.36,273.9,210-240,270-300,11.631237826304474
1992-02-03 01:00:00,11.832,230.0,16.06,291.5,210-240,270-300,12.989068548160851
1992-02-03 02:00:00,12.861,230.0,20.52,293.1,210-240,270-300,13.89458236072742
1992-02-03 03:00:00,15.433,240.0,25.26,310.5,210-240,300-330,16.157926895150368
1992-02-03 04:00:00,20.578,270.0,25.14,318.2,240-270,300-330,23.404975536029937
1992-02-03 05:00:00,16.462,270.0,20.21,328.8,240-270,300-330,19.094110804055855
1992-02-03 06:00:00,12.861,280.0,17.27,329.6,270-300,300-330,15.881836273401245
1992-02-03 07:00:00,12.347,290.0,13.41,335.7,270-300,330-360,15.332438544905825
1992-02-03 08:00:00,10.289,290.0,14.99,318.5,270-300,300-330,13.13270989657203
1992-02-03 09:00:00,11.832,250.0,14.29,303.8,240-270,300-330,14.24491165219969
1992-02-03 10:00:00,10.803,280.0,13.91,318.0,270-300,300-330,13.682107625067449
1992-07-03 14:00:00,6.688,100.0,5.48,54.4,90-120,30-60,8.579300510451626
1992-07-03 15:00:00,5.659,100.0,5.24,68.9,90-120,60-90,7.699669918363162
1992-07-03 16:00:00,5.144,110.0,5.72,115.0,90-120,90-120,7.259427202206155
1992-07-03 17:00:00,4.63,100.0,6.74,129.3,90-120,120-150,6.820039326274696
1992-07-03 18:00:00,5.659,90.0,7.6,116.3,60-90,90-120,6.9875402492563286
1992-07-03 19:00:00,6.173,100.0,8.01,120.7,90-120,120-150,8.13905779429462
1992-07-03 20:00:00,5.659,90.0,6.27,116.5,60-90,90-120,6.9875402492563286
1992-07-03 21:00:00,5.659,80.0,5.61,117.8,60-90,90-120,6.9875402492563286
1992-07-03 22:00:00,5.659,80.0,5.98,121.2,60-90,120-150,6.9875402492563286
1992-07-03 23:00:00,4.63,70.0,5.93,119.9,60-90,90-120,6.3407286490235935
1992-07-04 00:00:00,5.659,70.0,4.95,127.7,60-90,120-150,6.9875402492563286
1992-07-04 01:00:00,4.116,60.0,4.94,122.4,30-60,120-150,5.118459493073581
1992-07-04 02:00:00,5.659,60.0,5.64,119.4,30-60,90-120,6.206913414076277
1992-07-04 03:00:00,6.173,50.0,5.95,118.9,30-60,90-120,6.569496249718135
1992-07-04 04:00:00,5.144,50.0,5.56,121.6,30-60,120-150,5.843625164357296
1992-07-04 05:00:00,7.202,60.0,6.21,119.1,30-60,90-120,7.295367335078974
1992-07-04 06:00:00,5.659,30.0,7.99,108.9,0-30,90-120,5.981782784979078
1992-07-04 07:00:00,6.688,40.0,10.47,118.2,30-60,90-120,6.932784499437116
1992-07-04 08:00:00,6.688,30.0,9.78,128.2,0-30,120-150,6.750457259427362
1992-07-04 09:00:00,6.688,30.0,11.32,129.0,0-30,120-150,6.750457259427362
1992-07-04 10:00:00,7.202,30.0,11.15,136.9,0-30,120-150,7.13442099107597
1992-07-04 11:00:00,8.231,40.0,11.57,123.4,30-60,120-150,8.021238420439813
1992-07-04 12:00:00,9.26,30.0,11.55,119.0,0-30,90-120,8.671769939972538
1992-07-04 13:00:00,8.231,20.0,10.17,119.0,0-30,90-120,7.903095465524254
1992-07-04 14:00:00,8.231,30.0,10.15,122.2,0-30,120-150,7.903095465524254
1992-07-04 15:00:00,6.173,20.0,10.35,120.9,0-30,120-150,6.365746516627687
1992-07-04 16:00:00,7.717,30.0,9.87,126.2,0-30,120-150,7.519131733875646
1992-07-04 17:00:00,6.173,20.0,9.35,121.9,0-30,120-150,6.365746516627687
1992-07-04 18:00:00,6.688,30.0,9.24,115.7,0-30,90-120,6.750457259427362
1992-07-04 19:00:00,6.173,20.0,8.77,108.5,0-30,90-120,6.365746516627687
1992-07-04 20:00:00,6.688,30.0,8.04,105.0,0-30,90-120,6.750457259427362
1992-07-04 21:00:00,6.173,20.0,7.19,99.3,0-30,90-120,6.365746516627687
1992-07-04 22:00:00,6.688,30.0,5.69,98.5,0-30,90-120,6.750457259427362
1992-07-04 23:00:00,5.659,40.0,5.74,101.2,30-60,90-120,6.206913414076277
1992-07-05 00:00:00,4.63,30.0,5.69,98.7,0-30,90-120,5.213108310530794
1992-07-05 01:00:00,3.087,360.0,5.54,94.5,330-360,90-120,4.160317983785593
1992-07-05 02:00:00,4.116,20.0,5.36,85.9,0-30,60-90,4.829144578882186
1992-07-05 03:00:00,4.116,30.0,6.5,73.5,0-30,60-90,4.829144578882186
1992-07-05 04:00:00,3.601,30.0,6.8,66.5,0-30,60-90,4.44443383608251
1992-07-05 05:00:00,3.087,30.0,6.51,64.4,0-30,60-90,4.060470104433902
1992-07-05 06:00:00,3.087,30.0,6.2,48.1,0-30,30-60,4.060470104433902
1992-07-05 07:00:00,3.601,20.0,7.04,45.6,0-30,30-60,4.44443383608251
1992-07-05 08:00:00,3.087,40.0,7.85,45.1,30-60,30-60,4.392588407712742
1992-07-05 09:00:00,3.601,30.0,7.27,46.5,0-30,30-60,4.44443383608251
1992-07-05 10:00:00,3.087,30.0,6.84,34.8,0-30,30-60,4.060470104433902
1992-07-05 11:00:00,2.572,360.0,7.33,32.9,330-360,30-60,3.5012943238697973
1992-07-05 12:00:00,3.087,10.0,7.35,43.3,0-30,30-60,4.060470104433902
1992-07-05 13:00:00,1.543,80.0,6.71,52.0,60-90,30-60,4.400293848325388
1992-07-05 14:00:00,3.087,80.0,6.8,23.7,60-90,0-30,5.3708255400254306
1992-07-05 15:00:00,2.572,70.0,6.38,38.4,60-90,30-60,5.047105448558123
1992-07-05 16:00:00,2.572,90.0,7.66,18.0,60-90,0-30,5.047105448558123
1992-07-05 17:00:00,2.572,80.0,7.57,20.3,60-90,0-30,5.047105448558123
1992-07-05 18:00:00,3.087,90.0,7.11,22.3,60-90,0-30,5.3708255400254306
1992-07-05 19:00:00,1.543,110.0,7.41,35.6,90-120,30-60,4.1811475500093005
1992-07-05 20:00:00,1.543,130.0,5.88,29.3,120-150,0-30,3.1856366759193335
1992-07-05 21:00:00,1.543,130.0,6.11,38.9,120-150,30-60,3.1856366759193335
1992-07-05 22:00:00,2.572,150.0,6.34,34.8,120-150,30-60,4.325502438301308
1992-07-05 23:00:00,3.087,170.0,5.76,41.5,150-180,30-60,4.672028688661696
1992-07-06 00:00:00,2.058,170.0,4.87,23.5,150-180,0-30,3.5948925590923833
1992-07-06 01:00:00,2.572,180.0,4.56,46.0,150-180,30-60,4.132937234115344
1992-07-06 02:00:00,1.543,200.0,4.99,31.9,180-210,30-60,3.657639925917089
1992-07-06 03:00:00,1.029,210.0,4.47,36.6,180-210,30-60,3.2079383104252526
1992-07-06 04:00:00,1.029,200.0,5.05,38.7,180-210,30-60,3.2079383104252526
1992-07-06 05:00:00,1.029,230.0,4.37,54.8,210-240,30-60,3.4824935071923084
1992-07-06 06:00:00,1.029,270.0,5.16,63.2,240-270,60-90,2.9304627456117442
1992-07-06 07:00:00,1.029,300.0,3.69,68.6,270-300,60-90,3.234999846246005
1992-07-06 08:00:00,1.029,30.0,4.08,68.8,0-30,60-90,2.523121155537334
1992-07-06 09:00:00,1.029,110.0,3.03,74.8,90-120,60-90,3.741759674077841
1992-07-06 10:00:00,1.543,130.0,3.0,74.1,120-150,60-90,3.1856366759193335
1992-07-06 11:00:00,1.543,140.0,2.91,94.0,120-150,90-120,3.1856366759193335
1992-07-06 12:00:00,1.543,140.0,3.14,70.4,120-150,60-90,3.1856366759193335
1992-07-06 13:00:00,1.543,160.0,3.23,68.3,150-180,60-90,3.055801104546032
1992-07-06 14:00:00,1.543,130.0,3.29,96.2,120-150,90-120,3.1856366759193335
1992-07-06 15:00:00,1.029,80.0,5.44,81.0,60-90,60-90,4.0772023395599595
1992-07-06 16:00:00,1.029,350.0,6.31,77.7,330-360,60-90,1.526782659306549
1992-07-06 17:00:00,4.63,320.0,5.42,110.4,300-330,90-120,7.064343895280155
1992-07-06 18:00:00,5.659,310.0,5.75,122.1,300-330,120-150,8.286048668506847
1992-07-06 19:00:00,5.659,330.0,6.34,133.1,300-330,120-150,8.286048668506847
1992-07-06 20:00:00,5.144,320.0,5.53,138.9,300-330,120-150,7.674602644977453
1992-07-06 21:00:00,5.659,310.0,5.05,149.0,300-330,120-150,8.286048668506847
1992-07-06 22:00:00,7.717,310.0,4.7,164.7,300-330,150-180,10.72945821496023
1992-07-06 23:00:00,6.173,310.0,4.57,169.7,300-330,150-180,8.896307418204145
1992-07-07 00:00:00,5.144,310.0,3.37,171.5,300-330,150-180,7.674602644977453
1992-07-07 01:00:00,4.116,310.0,2.65,192.9,300-330,180-210,6.454085145582857
1992-07-07 02:00:00,3.601,310.0,2.99,208.9,300-330,180-210,5.8426391220534635
1992-07-07 03:00:00,5.659,300.0,2.18,261.2,270-300,240-270,8.183854871409018
1992-07-07 04:00:00,4.116,300.0,1.86,247.6,270-300,240-270,6.5345928187467
1992-07-07 05:00:00,5.659,300.0,1.36,279.9,270-300,270-300,8.183854871409018
1992-07-07 06:00:00,4.63,320.0,1.04,276.7,300-330,270-300,7.064343895280155
1992-07-07 07:00:00,5.659,310.0,1.49,217.6,300-330,210-240,8.286048668506847
1992-07-07 08:00:00,5.144,320.0,3.14,201.6,300-330,180-210,7.674602644977453
1992-07-07 09:00:00,5.144,330.0,2.23,241.2,300-330,240-270,7.674602644977453
1992-07-07 10:00:00,5.144,320.0,1.93,260.6,300-330,240-270,7.674602644977453
1992-07-07 11:00:00,5.144,320.0,2.88,287.9,300-330,270-300,7.674602644977453
1992-07-07 12:00:00,4.116,320.0,2.58,332.2,300-330,330-360,6.454085145582857
1992-07-07 13:00:00,3.601,320.0,3.14,320.6,300-330,300-330,5.8426391220534635
1992-07-07 14:00:00,3.087,310.0,3.24,314.6,300-330,300-330,5.232380372356166
1992-07-07 15:00:00,4.116,320.0,5.93,297.6,300-330,270-300,6.454085145582857
1992-07-07 16:00:00,5.144,330.0,6.44,310.6,300-330,300-330,7.674602644977453
1992-07-07 17:00:00,4.116,310.0,7.97,313.9,300-330,300-330,6.454085145582857
1992-07-07 18:00:00,3.601,320.0,7.95,315.0,300-330,300-330,5.8426391220534635
1992-07-07 19:00:00,4.116,330.0,6.89,319.1,300-330,300-330,6.454085145582857
1992-07-07 20:00:00,3.087,310.0,7.68,316.7,300-330,300-330,5.232380372356166
1992-07-07 21:00:00,1.543,310.0,8.48,317.3,300-330,300-330,3.3992295756000805
1992-07-07 22:00:00,1.029,270.0,8.69,318.5,240-270,300-330,2.9304627456117442
1992-07-07 23:00:00,1.543,260.0,7.39,314.6,240-270,300-330,3.468797165493833
1992-07-08 00:00:00,1.029,250.0,5.72,313.9,240-270,300-330,2.9304627456117442
1992-07-08 01:00:00,1.029,230.0,6.13,310.8,210-240,300-330,3.4824935071923084
1992-07-08 02:00:00,1.029,210.0,6.92,319.0,180-210,300-330,3.2079383104252526
1992-07-08 03:00:00,1.029,240.0,6.71,315.8,210-240,300-330,3.4824935071923084
1992-07-08 04:00:00,1.029,270.0,5.96,314.9,240-270,300-330,2.9304627456117442
1992-07-08 05:00:00,1.543,250.0,6.18,318.7,240-270,300-330,3.468797165493833
1992-07-08 06:00:00,1.543,220.0,5.14,322.1,210-240,300-330,3.9348104164821196
1992-07-08 07:00:00,1.543,200.0,4.69,321.1,180-210,300-330,3.657639925917089
1992-07-08 08:00:00,3.087,190.0,5.02,331.3,180-210,330-360,5.008494584126028
1992-07-08 09:00:00,2.572,190.0,5.64,318.8,180-210,300-330,4.557918062767477
1992-07-08 10:00:00,1.543,200.0,4.26,314.9,180-210,300-330,3.657639925917089
1992-07-08 11:00:00,3.087,360.0,4.62,324.7,330-360,300-330,4.160317983785593
1992-07-08 12:00:00,1.543,360.0,4.61,327.6,330-360,300-330,2.184526661630275
1992-07-08 13:00:00,3.601,330.0,5.35,328.3,300-330,300-330,5.8426391220534635
1992-07-08 14:00:00,3.601,320.0,4.8,331.2,300-330,330-360,5.8426391220534635
1992-07-08 15:00:00,3.087,350.0,5.26,329.9,330-360,300-330,4.160317983785593
1992-07-08 16:00:00,1.543,360.0,6.01,326.7,330-360,300-330,2.184526661630275
1992-07-08 17:00:00,1.029,90.0,5.84,324.8,60-90,300-330,4.0772023395599595
1992-07-08 18:00:00,1.029,90.0,6.72,316.3,60-90,300-330,4.0772023395599595
1992-07-08 19:00:00,1.029,60.0,4.42,318.8,30-60,300-330,2.9408462369910637
1992-07-08 20:00:00,1.029,160.0,4.13,298.8,150-180,270-300,2.5177564295230717
1992-07-08 21:00:00,1.029,210.0,1.92,280.9,180-210,270-300,3.2079383104252526
1992-07-08 22:00:00,1.029,260.0,2.31,279.6,240-270,270-300,2.9304627456117442
1992-07-08 23:00:00,1.029,70.0,2.8,266.0,60-90,240-270,4.0772023395599595
1992-07-09 00:00:00,2.058,220.0,3.09,249.4,210-240,240-270,4.388007319758876
1992-07-09 01:00:00,2.058,210.0,4.17,250.9,180-210,240-270,4.10821644727564
1992-07-09 02:00:00,2.058,240.0,3.49,241.5,210-240,240-270,4.388007319758876
1992-07-09 03:00:00,2.058,210.0,3.77,259.9,180-210,240-270,4.10821644727564
1992-07-09 04:00:00,1.029,220.0,3.48,261.2,210-240,240-270,3.4824935071923084
1992-07-09 05:00:00,1.029,220.0,4.27,256.7,210-240,240-270,3.4824935071923084
1992-07-09 06:00:00,3.087,250.0,5.24,260.5,240-270,240-270,5.085895111598784
1992-07-09 07:00:00,2.058,260.0,4.22,247.2,240-270,240-270,4.008178928605265
1992-07-09 08:00:00,3.087,240.0,2.94,249.1,210-240,240-270,5.293521132325444
1992-07-09 09:00:00,3.601,210.0,3.18,334.4,180-210,330-360,5.4581961996178645
1992-07-09 10:00:00,4.63,200.0,4.99,335.3,180-210,330-360,6.3584743364682526
1992-07-09 11:00:00,3.601,210.0,5.72,328.0,180-210,300-330,5.4581961996178645
1992-07-09 12:00:00,4.116,200.0,5.08,320.7,180-210,300-330,5.908772720976415
1992-07-09 13:00:00,5.659,190.0,4.97,315.4,180-210,300-330,7.25875247331864
1992-07-09 14:00:00,4.116,190.0,3.86,317.9,180-210,300-330,5.908772720976415
1992-07-09 15:00:00,3.601,190.0,3.63,327.9,180-210,300-330,5.4581961996178645
1992-07-09 16:00:00,1.029,330.0,4.69,326.5,300-330,300-330,2.7889708259027826
1992-07-09 17:00:00,1.029,30.0,5.26,319.3,0-30,300-330,2.523121155537334
1992-07-09 18:00:00,2.058,60.0,5.03,312.5,30-60,300-330,3.6667173223519027
1992-07-09 19:00:00,2.058,60.0,4.93,305.7,30-60,300-330,3.6667173223519027
1992-07-09 20:00:00,1.543,30.0,5.8,304.1,0-30,300-330,2.907084887185942
1992-07-09 21:00:00,1.029,60.0,3.95,305.1,30-60,300-330,2.9408462369910637
1992-07-09 22:00:00,1.029,100.0,1.06,196.1,90-120,180-210,3.741759674077841
1992-07-09 23:00:00,1.029,240.0,4.24,205.4,210-240,180-210,3.4824935071923084
1992-07-10 00:00:00,1.029,230.0,3.43,207.8,210-240,180-210,3.4824935071923084
1992-07-10 01:00:00,1.029,240.0,6.0,253.1,210-240,240-270,3.4824935071923084
1992-07-10 02:00:00,1.029,260.0,4.01,222.2,240-270,210-240,2.9304627456117442
1992-07-10 03:00:00,1.029,240.0,4.01,225.6,210-240,210-240,3.4824935071923084
1992-07-10 04:00:00,1.029,210.0,4.86,217.2,180-210,210-240,3.2079383104252526
1992-07-10 05:00:00,3.087,210.0,3.99,201.8,180-210,180-210,5.008494584126028
1992-07-10 06:00:00,1.029,210.0,4.52,228.9,180-210,210-240,3.2079383104252526
1992-07-10 07:00:00,2.572,210.0,4.79,229.9,180-210,210-240,4.557918062767477
1992-07-10 08:00:00,7.202,250.0,6.2,239.9,240-270,210-240,9.395712500343521
1992-07-10 09:00:00,5.659,240.0,5.73,225.5,210-240,210-240,7.556865666748391
1992-07-10 10:00:00,9.774,310.0,5.28,237.3,300-330,210-240,13.171680487581517
1992-07-10 11:00:00,7.202,300.0,5.23,235.4,270-300,210-240,9.833116924071334
1992-07-10 12:00:00,5.659,310.0,4.16,1.9,300-330,0-30,8.286048668506847
1992-07-10 13:00:00,5.659,300.0,3.22,61.4,270-300,60-90,8.183854871409018
1992-07-10 14:00:00,6.173,300.0,1.8,92.5,270-300,90-120,8.733252599904436
1992-07-10 15:00:00,6.688,300.0,1.57,243.6,270-300,240-270,9.283719195575916
1992-07-10 16:00:00,6.688,300.0,4.09,93.9,270-300,90-120,9.283719195575916
1992-07-10 17:00:00,6.173,300.0,4.28,136.7,270-300,120-150,8.733252599904436
1992-07-10 18:00:00,5.659,300.0,3.31,121.5,270-300,120-150,8.183854871409018
1992-07-10 19:00:00,5.144,310.0,1.16,147.7,300-330,120-150,7.674602644977453
1992-07-10 20:00:00,2.572,320.0,2.83,113.7,300-330,90-120,4.620934348826772
1992-07-10 21:00:00,3.087,320.0,2.64,135.6,300-330,120-150,5.232380372356166
1992-07-10 22:00:00,0.0,0.0,1.82,120.4,0-30,120-150,1.7544466810890498
1992-07-10 23:00:00,1.029,190.0,1.89,167.1,180-210,150-180,3.2079383104252526
1992-07-11 00:00:00,1.029,180.0,4.16,235.7,150-180,210-240,2.5177564295230717
1992-07-11 01:00:00,1.029,130.0,3.62,220.0,120-150,210-240,2.616257665361185
1992-07-11 02:00:00,2.058,140.0,4.19,205.4,120-150,180-210,3.756123427743159
1992-07-11 03:00:00,3.087,140.0,4.41,195.8,120-150,180-210,4.895989190125134
1992-07-11 04:00:00,3.601,130.0,4.28,186.7,120-150,180-210,5.465368200683283
1992-07-11 05:00:00,4.63,130.0,3.82,206.7,120-150,180-210,6.605233963065257
1992-07-11 06:00:00,5.144,140.0,5.99,220.5,120-150,210-240,7.174612973623406
1992-07-11 07:00:00,4.63,140.0,5.4,224.6,120-150,210-240,6.605233963065257
1992-07-11 08:00:00,4.63,150.0,7.38,237.7,120-150,210-240,6.605233963065257
1992-07-11 09:00:00,4.63,140.0,9.57,314.3,120-150,300-330,6.605233963065257
1992-07-11 10:00:00,4.116,140.0,7.99,299.8,120-150,270-300,6.035854952507108
1992-07-13 10:00:00,6.173,200.0,4.43,325.2,180-210,300-330,7.708454088810476
1992-07-13 11:00:00,8.231,230.0,11.36,291.8,210-240,270-300,9.820210201171339
1992-07-13 12:00:00,5.144,210.0,10.1,288.6,180-210,270-300,6.808175951960089
1992-07-13 13:00:00,5.659,210.0,13.48,293.1,180-210,270-300,7.25875247331864
1992-07-13 14:00:00,7.717,210.0,14.11,291.2,180-210,270-300,9.059308747019415
1992-07-13 15:00:00,8.746,220.0,14.3,296.2,210-240,270-300,10.273407104448093
1992-07-13 16:00:00,9.774,230.0,12.54,299.9,210-240,270-300,11.178040923027716
1992-07-13 17:00:00,8.231,230.0,11.38,298.2,210-240,270-300,9.820210201171339
1992-07-13 18:00:00,7.202,260.0,9.43,292.0,240-270,270-300,9.395712500343521
1992-07-13 19:00:00,7.202,270.0,6.93,281.0,240-270,270-300,9.395712500343521
1992-07-13 20:00:00,6.688,290.0,6.29,282.3,270-300,270-300,9.283719195575916
1992-07-13 21:00:00,8.231,290.0,8.76,254.9,270-300,240-270,10.932981248238233
1992-07-13 22:00:00,9.774,320.0,7.39,248.4,300-330,240-270,13.171680487581517
1992-07-13 23:00:00,9.26,310.0,7.42,240.5,300-330,240-270,12.561421737884219
1992-07-14 00:00:00,8.746,320.0,7.94,239.5,300-330,210-240,11.951162988186923
1992-07-14 01:00:00,9.26,340.0,4.54,221.9,330-360,210-240,12.059644299630653
1992-07-14 02:00:00,6.688,330.0,6.79,224.5,300-330,210-240,9.507753441733538
1992-07-14 03:00:00,5.659,330.0,4.94,216.2,300-330,210-240,8.286048668506847
1992-07-14 04:00:00,5.659,330.0,5.52,212.1,300-330,210-240,8.286048668506847
1992-07-14 05:00:00,5.144,330.0,6.79,216.4,300-330,210-240,7.674602644977453
1992-07-14 06:00:00,5.144,320.0,8.27,208.9,300-330,180-210,7.674602644977453
1992-07-14 07:00:00,7.202,320.0,9.03,215.8,300-330,210-240,10.118012191430836
1992-07-14 08:00:00,6.688,320.0,7.59,218.8,300-330,210-240,9.507753441733538
1992-07-14 09:00:00,7.717,330.0,8.29,222.2,300-330,210-240,10.72945821496023
1992-07-14 10:00:00,6.688,330.0,9.96,223.3,300-330,210-240,9.507753441733538
1992-07-14 11:00:00,7.202,340.0,10.31,233.1,330-360,210-240,9.42610897515161
1992-07-14 12:00:00,8.231,340.0,11.44,231.0,330-360,210-240,10.742876637391133
1992-07-14 13:00:00,7.202,340.0,10.16,219.0,330-360,210-240,9.42610897515161
1992-07-14 14:00:00,6.688,330.0,9.92,226.3,300-330,210-240,9.507753441733538
1992-07-14 15:00:00,7.202,330.0,10.7,244.5,300-330,240-270,10.118012191430836
1992-07-14 16:00:00,6.173,340.0,7.81,268.2,330-360,240-270,8.10934131291209
1992-07-14 17:00:00,6.173,330.0,10.17,281.8,300-330,270-300,8.896307418204145
1992-07-14 18:00:00,6.173,330.0,11.66,285.3,300-330,270-300,8.896307418204145
1992-07-14 19:00:00,5.659,340.0,11.12,302.4,330-360,300-330,7.451597310588363
1992-07-14 20:00:00,4.63,340.0,11.64,320.0,330-360,300-330,6.13482964834884
1992-07-14 21:00:00,2.572,330.0,11.69,328.2,300-330,300-330,4.620934348826772
1992-07-14 22:00:00,2.572,330.0,11.01,339.9,300-330,330-360,4.620934348826772
1992-07-14 23:00:00,2.058,320.0,12.48,351.4,300-330,330-360,4.010675599129474
1992-07-15 00:00:00,1.543,260.0,11.78,348.0,240-270,330-360,3.468797165493833
1992-07-15 01:00:00,1.029,270.0,11.08,353.0,240-270,330-360,2.9304627456117442
1992-07-15 02:00:00,1.543,280.0,9.92,344.5,270-300,330-360,3.784397574741424
1992-07-15 03:00:00,1.543,250.0,10.36,347.1,240-270,330-360,3.468797165493833
1992-07-15 04:00:00,1.543,260.0,9.93,346.4,240-270,330-360,3.468797165493833
1992-07-15 05:00:00,0.0,0.0,8.97,342.8,0-30,330-360,1.7544466810890498
1992-07-15 06:00:00,1.029,250.0,7.64,335.5,240-270,330-360,2.9304627456117442
1992-07-15 07:00:00,1.029,220.0,8.3,332.2,210-240,330-360,3.4824935071923084
1992-07-15 08:00:00,1.543,150.0,8.9,340.5,120-150,330-360,3.1856366759193335
1992-07-15 09:00:00,3.087,140.0,8.53,337.7,120-150,330-360,4.895989190125134
1992-07-15 10:00:00,3.601,150.0,9.51,343.3,120-150,330-360,5.465368200683283
1992-07-15 11:00:00,4.116,150.0,9.64,351.2,120-150,330-360,6.035854952507108
1992-07-15 12:00:00,4.63,150.0,8.86,346.2,120-150,330-360,6.605233963065257
1992-07-15 13:00:00,5.144,140.0,8.4,337.7,120-150,330-360,7.174612973623406
1992-07-15 14:00:00,6.173,120.0,9.0,349.6,90-120,330-360,8.13905779429462
1992-07-15 15:00:00,6.688,130.0,6.77,340.0,120-150,330-360,8.884965487829206
1992-07-15 16:00:00,6.173,120.0,8.71,332.7,90-120,330-360,8.13905779429462
1992-07-15 17:00:00,5.144,130.0,7.51,341.0,120-150,330-360,7.174612973623406
1992-07-15 18:00:00,5.659,150.0,8.45,352.1,120-150,330-360,7.745099725447232
1992-07-15 19:00:00,5.144,160.0,6.28,353.5,150-180,330-360,6.825254168276928
1992-07-15 20:00:00,4.63,140.0,5.18,349.9,120-150,330-360,6.605233963065257
1992-07-15 21:00:00,4.116,140.0,3.19,320.6,120-150,300-330,6.035854952507108
1992-07-15 22:00:00,2.572,140.0,3.6,330.3,120-150,330-360,4.325502438301308
1992-07-15 23:00:00,3.087,140.0,2.44,328.1,120-150,300-330,4.895989190125134
1992-07-16 00:00:00,1.543,130.0,2.26,323.5,120-150,300-330,3.1856366759193335
1992-07-16 01:00:00,2.572,150.0,1.69,318.2,120-150,300-330,4.325502438301308
1992-07-16 02:00:00,1.029,150.0,1.43,249.6,120-150,240-270,2.616257665361185
1992-07-16 03:00:00,1.543,150.0,2.13,229.6,120-150,210-240,3.1856366759193335
1992-07-16 04:00:00,2.572,160.0,2.4,205.6,150-180,180-210,4.132937234115344
1992-07-16 05:00:00,1.029,160.0,3.27,206.0,150-180,180-210,2.5177564295230717
1992-07-16 06:00:00,2.572,160.0,1.63,199.1,150-180,180-210,4.132937234115344
1992-07-16 07:00:00,3.087,160.0,2.75,159.8,150-180,150-180,4.672028688661696
1992-07-16 08:00:00,3.087,160.0,4.59,157.2,150-180,150-180,4.672028688661696
1992-07-16 09:00:00,3.087,160.0,5.01,158.7,150-180,150-180,4.672028688661696
1992-07-16 10:00:00,3.601,160.0,6.12,146.2,150-180,120-150,5.210073363684655
1992-07-16 11:00:00,4.116,170.0,7.06,150.8,150-180,150-180,5.749164818231007
1992-07-16 12:00:00,4.116,160.0,7.18,162.3,150-180,150-180,5.749164818231007
1992-07-16 13:00:00,2.572,150.0,7.54,146.5,120-150,120-150,4.325502438301308
1992-07-16 14:00:00,3.087,150.0,8.38,136.3,120-150,120-150,4.895989190125134
1992-07-16 15:00:00,3.601,150.0,8.67,133.7,120-150,120-150,5.465368200683283
1992-07-16 16:00:00,3.601,140.0,8.01,134.3,120-150,120-150,5.465368200683283
1992-07-16 17:00:00,1.029,290.0,8.15,137.5,270-300,120-150,3.234999846246005
1992-07-16 18:00:00,3.601,330.0,7.01,136.7,300-330,120-150,5.8426391220534635
1992-07-16 19:00:00,3.087,360.0,7.8,158.3,330-360,150-180,4.160317983785593
1992-07-16 20:00:00,1.543,340.0,6.76,148.6,330-360,120-150,2.184526661630275
1992-07-16 21:00:00,1.029,330.0,4.94,135.1,300-330,120-150,2.7889708259027826
1992-07-16 22:00:00,1.029,320.0,5.31,143.2,300-330,120-150,2.7889708259027826
1992-07-16 23:00:00,1.029,50.0,4.74,128.9,30-60,120-150,2.9408462369910637
1992-07-17 00:00:00,1.029,60.0,5.36,138.1,30-60,120-150,2.9408462369910637
1992-07-17 01:00:00,1.029,70.0,4.71,138.0,60-90,120-150,4.0772023395599595
1992-07-17 02:00:00,1.543,110.0,4.01,135.4,90-120,120-150,4.1811475500093005
1992-07-17 03:00:00,1.543,130.0,3.88,149.8,120-150,120-150,3.1856366759193335
1992-07-17 04:00:00,1.029,90.0,4.57,154.7,60-90,150-180,4.0772023395599595
1992-07-17 05:00:00,1.543,140.0,3.36,152.0,120-150,150-180,3.1856366759193335
1992-07-17 06:00:00,1.543,140.0,4.11,164.5,120-150,150-180,3.1856366759193335
1992-07-17 07:00:00,3.087,160.0,3.25,143.9,150-180,120-150,4.672028688661696
1992-07-17 08:00:00,3.601,170.0,3.37,144.0,150-180,120-150,5.210073363684655
1992-07-17 09:00:00,2.058,150.0,3.85,143.2,120-150,120-150,3.756123427743159
1992-07-17 10:00:00,3.087,270.0,5.27,160.8,240-270,150-180,5.085895111598784
1992-07-17 11:00:00,7.202,300.0,5.13,171.4,270-300,150-180,9.833116924071334
1992-07-17 12:00:00,5.659,310.0,2.72,268.3,300-330,240-270,8.286048668506847
1992-07-17 13:00:00,5.144,310.0,4.59,272.9,300-330,270-300,7.674602644977453
1992-07-17 14:00:00,5.144,320.0,4.22,327.3,300-330,300-330,7.674602644977453
1992-07-17 15:00:00,3.087,320.0,5.33,302.4,300-330,300-330,5.232380372356166
1992-07-17 16:00:00,3.087,150.0,6.57,338.6,120-150,330-360,4.895989190125134
1992-07-17 17:00:00,1.543,140.0,4.71,331.6,120-150,330-360,3.1856366759193335
1992-07-17 18:00:00,2.572,140.0,3.89,351.2,120-150,330-360,4.325502438301308
1992-07-17 19:00:00,3.087,160.0,3.98,11.1,150-180,0-30,4.672028688661696
1992-07-17 20:00:00,3.087,140.0,3.05,69.4,120-150,60-90,4.895989190125134
1992-07-17 21:00:00,3.087,140.0,1.72,116.7,120-150,90-120,4.895989190125134
1992-07-17 22:00:00,3.601,190.0,1.99,108.4,180-210,90-120,5.4581961996178645
1992-07-17 23:00:00,3.087,190.0,2.98,118.0,180-210,90-120,5.008494584126028
1992-07-18 00:00:00,3.087,180.0,3.95,106.5,150-180,90-120,4.672028688661696
1992-07-18 01:00:00,3.601,190.0,3.44,124.9,180-210,120-150,5.4581961996178645
1992-07-18 02:00:00,3.601,200.0,3.51,146.8,180-210,120-150,5.4581961996178645
1992-07-18 03:00:00,2.572,200.0,5.15,136.0,180-210,120-150,4.557918062767477
1992-07-18 04:00:00,2.058,250.0,4.52,146.3,240-270,120-150,4.008178928605265
1992-07-18 05:00:00,1.029,240.0,4.89,167.1,210-240,150-180,3.4824935071923084
1992-07-18 06:00:00,2.572,220.0,5.81,169.4,210-240,150-180,4.840324229048687
1992-07-18 07:00:00,2.572,230.0,4.04,221.5,210-240,210-240,4.840324229048687
1992-07-18 08:00:00,3.087,210.0,1.6,302.2,180-210,300-330,5.008494584126028
1992-07-18 09:00:00,3.601,220.0,3.37,339.4,210-240,330-360,5.745838041615255
1992-07-18 10:00:00,3.087,170.0,8.24,298.6,150-180,270-300,4.672028688661696
1992-07-18 11:00:00,4.116,210.0,9.34,302.7,180-210,300-330,5.908772720976415
1992-07-18 12:00:00,6.688,210.0,7.44,311.2,180-210,300-330,8.159030610169028
1992-07-18 13:00:00,4.116,190.0,7.42,321.6,180-210,300-330,5.908772720976415
1992-07-18 14:00:00,5.144,210.0,7.03,323.9,180-210,300-330,6.808175951960089
1992-07-18 15:00:00,5.144,210.0,4.12,342.0,180-210,330-360,6.808175951960089
1992-07-18 16:00:00,4.116,130.0,2.32,315.4,120-150,300-330,6.035854952507108
1992-07-18 17:00:00,4.116,150.0,2.49,329.3,120-150,300-330,6.035854952507108
1992-07-18 18:00:00,4.116,170.0,3.61,103.8,150-180,90-120,5.749164818231007
1992-07-18 19:00:00,1.543,160.0,5.04,139.1,150-180,120-150,3.055801104546032
1992-07-18 20:00:00,5.659,180.0,4.63,145.7,150-180,120-150,7.364345622823279
1992-07-18 21:00:00,6.173,190.0,3.79,142.7,180-210,120-150,7.708454088810476
1992-07-18 22:00:00,4.116,200.0,3.6,144.4,180-210,120-150,5.908772720976415
1992-07-18 23:00:00,3.601,190.0,3.75,144.4,180-210,120-150,5.4581961996178645
1992-07-19 00:00:00,3.601,200.0,6.06,169.1,180-210,150-180,5.4581961996178645
1992-07-19 01:00:00,1.543,200.0,5.27,188.7,180-210,180-210,3.657639925917089
1992-07-19 02:00:00,2.058,200.0,3.86,211.5,180-210,210-240,4.10821644727564
1992-07-19 03:00:00,2.572,200.0,4.29,240.4,180-210,240-270,4.557918062767477
1992-07-19 04:00:00,3.087,170.0,3.29,215.4,150-180,210-240,4.672028688661696
1992-07-19 05:00:00,3.601,190.0,3.77,222.4,180-210,210-240,5.4581961996178645
1992-07-19 06:00:00,4.63,170.0,4.74,239.8,150-180,210-240,6.287209493253967
1992-07-19 07:00:00,4.116,190.0,5.49,232.9,180-210,210-240,5.908772720976415
1992-07-19 08:00:00,5.659,190.0,6.95,205.2,180-210,180-210,7.25875247331864
1992-07-19 09:00:00,7.202,200.0,6.6,247.3,180-210,240-270,8.608732225660864
1992-07-19 10:00:00,7.717,200.0,5.76,251.6,180-210,240-270,9.059308747019415
1992-07-19 11:00:00,9.774,210.0,6.68,261.0,180-210,240-270,10.858990114853475
1992-07-19 12:00:00,7.717,210.0,5.73,259.1,180-210,240-270,9.059308747019415
1992-07-19 13:00:00,6.688,210.0,2.49,316.6,180-210,300-330,8.159030610169028
1992-07-19 14:00:00,6.688,220.0,5.5,221.8,210-240,210-240,8.462379479314958
1992-07-19 15:00:00,5.659,180.0,6.37,175.3,150-180,150-180,7.364345622823279
1992-07-19 16:00:00,6.688,210.0,9.07,180.6,180-210,180-210,8.159030610169028
1992-07-19 17:00:00,5.659,200.0,9.57,150.6,180-210,150-180,7.25875247331864
1992-07-19 18:00:00,6.173,210.0,9.08,153.1,180-210,150-180,7.708454088810476
1992-07-19 19:00:00,7.202,220.0,10.6,166.5,210-240,150-180,8.91469638860477
1992-07-19 20:00:00,4.63,210.0,9.7,183.0,180-210,180-210,6.3584743364682526
1992-07-19 21:00:00,4.116,210.0,8.99,200.7,180-210,180-210,5.908772720976415
1992-07-19 22:00:00,5.144,200.0,5.58,209.9,180-210,180-210,6.808175951960089
1992-07-19 23:00:00,4.63,210.0,3.18,186.4,180-210,180-210,6.3584743364682526
1992-07-20 00:00:00,4.116,200.0,5.14,225.3,180-210,210-240,5.908772720976415
1992-07-20 01:00:00,4.63,190.0,5.06,208.1,180-210,180-210,6.3584743364682526
1992-07-20 02:00:00,5.144,200.0,5.51,196.4,180-210,180-210,6.808175951960089
1992-07-20 03:00:00,3.601,200.0,6.77,201.0,180-210,180-210,5.4581961996178645
1992-07-20 04:00:00,5.144,190.0,6.88,187.0,180-210,180-210,6.808175951960089
1992-07-20 05:00:00,6.688,200.0,5.91,177.7,180-210,150-180,8.159030610169028
1992-07-20 06:00:00,6.688,190.0,7.69,178.4,180-210,150-180,8.159030610169028
1992-07-20 07:00:00,5.659,200.0,7.82,180.9,180-210,180-210,7.25875247331864
1992-07-20 08:00:00,6.173,200.0,8.82,185.5,180-210,180-210,7.708454088810476
1992-07-20 09:00:00,5.659,200.0,11.72,197.4,180-210,180-210,7.25875247331864
1992-07-20 10:00:00,5.659,200.0,11.4,192.5,180-210,180-210,7.25875247331864
1992-07-20 11:00:00,7.717,210.0,6.77,225.1,180-210,210-240,9.059308747019415
1992-07-20 12:00:00,7.717,210.0,6.6,235.5,180-210,210-240,9.059308747019415
1992-07-20 13:00:00,7.202,200.0,1.52,313.2,180-210,300-330,8.608732225660864
1992-07-20 14:00:00,8.746,210.0,7.41,254.1,180-210,240-270,9.959586883869804
1992-07-20 15:00:00,8.231,210.0,6.88,216.2,180-210,210-240,9.509010362511251
1992-07-20 16:00:00,7.202,200.0,7.45,259.1,180-210,240-270,8.608732225660864
1992-07-20 17:00:00,6.688,200.0,7.32,243.7,180-210,240-270,8.159030610169028
1992-07-20 18:00:00,7.202,220.0,8.05,242.8,210-240,240-270,8.91469638860477
1992-07-20 19:00:00,6.688,220.0,6.28,251.8,210-240,240-270,8.462379479314958
1992-07-20 20:00:00,4.116,210.0,6.65,226.1,180-210,210-240,5.908772720976415
1992-07-20 21:00:00,3.087,210.0,5.03,203.8,180-210,180-210,5.008494584126028
1992-07-20 22:00:00,4.116,210.0,5.32,219.1,180-210,210-240,5.908772720976415
1992-07-20 23:00:00,1.029,300.0,4.17,219.5,270-300,210-240,3.234999846246005
1992-07-21 00:00:00,1.029,260.0,3.52,177.3,240-270,150-180,2.9304627456117442
1992-07-21 01:00:00,1.029,180.0,5.49,204.5,150-180,180-210,2.5177564295230717
1992-07-21 02:00:00,1.029,280.0,6.84,215.9,270-300,210-240,3.234999846246005
1992-07-21 03:00:00,1.029,180.0,6.42,207.0,150-180,180-210,2.5177564295230717
1992-07-21 04:00:00,1.029,50.0,5.85,188.6,30-60,180-210,2.9408462369910637
1992-07-21 05:00:00,1.029,50.0,9.28,214.7,30-60,210-240,2.9408462369910637
1992-07-21 06:00:00,1.029,30.0,7.14,204.9,0-30,180-210,2.523121155537334
1992-07-21 07:00:00,1.029,240.0,5.44,208.8,210-240,180-210,3.4824935071923084
1992-07-21 08:00:00,1.029,270.0,7.57,226.2,240-270,210-240,2.9304627456117442
1992-07-21 09:00:00,1.029,250.0,8.51,228.8,240-270,210-240,2.9304627456117442
1992-07-21 10:00:00,1.029,40.0,8.96,227.1,30-60,210-240,2.9408462369910637
1992-07-21 11:00:00,1.543,30.0,10.07,234.6,0-30,210-240,2.907084887185942
1992-07-21 12:00:00,1.543,50.0,9.57,232.8,30-60,210-240,3.3034290726329214
1992-07-21 13:00:00,1.543,40.0,10.91,234.1,30-60,210-240,3.3034290726329214
1992-07-21 14:00:00,2.058,60.0,9.7,252.2,30-60,240-270,3.6667173223519027
1992-07-21 15:00:00,2.058,90.0,8.07,257.2,60-90,240-270,4.724013939792695
1992-07-21 16:00:00,2.572,100.0,9.93,242.4,90-120,240-270,5.0607781420977656
1992-07-21 17:00:00,2.572,80.0,9.19,239.4,60-90,210-240,5.047105448558123
1992-07-21 18:00:00,1.543,130.0,7.87,230.4,120-150,210-240,3.1856366759193335
1992-07-21 19:00:00,1.029,140.0,8.62,245.4,120-150,240-270,2.616257665361185
1992-07-21 20:00:00,1.029,200.0,6.83,245.8,180-210,240-270,3.2079383104252526
1992-07-21 21:00:00,1.029,230.0,7.18,209.8,210-240,180-210,3.4824935071923084
1992-07-21 22:00:00,3.087,230.0,5.96,203.8,210-240,180-210,5.293521132325444
1992-07-21 23:00:00,1.029,230.0,8.25,220.7,210-240,210-240,3.4824935071923084
1992-07-22 00:00:00,1.543,280.0,3.56,234.9,270-300,210-240,3.784397574741424
1992-07-22 01:00:00,1.543,280.0,3.52,169.0,270-300,150-180,3.784397574741424
1992-07-22 02:00:00,1.029,220.0,2.72,194.4,210-240,180-210,3.4824935071923084
1992-07-22 03:00:00,1.029,250.0,4.69,206.2,240-270,180-210,2.9304627456117442
1992-07-22 04:00:00,1.029,210.0,3.83,214.3,180-210,210-240,3.2079383104252526
1992-07-22 05:00:00,1.029,290.0,3.82,208.7,270-300,180-210,3.234999846246005
1992-07-22 06:00:00,1.029,250.0,3.31,226.2,240-270,210-240,2.9304627456117442
1992-07-22 07:00:00,3.601,340.0,1.07,160.1,330-360,150-180,4.818061986109319
1992-07-22 08:00:00,1.543,260.0,2.28,227.5,240-270,210-240,3.468797165493833
1992-07-22 09:00:00,2.058,290.0,1.08,190.0,270-300,180-210,4.334864170412903
1992-07-22 10:00:00,2.572,300.0,1.39,297.2,270-300,270-300,4.884261898908322
1992-07-22 11:00:00,2.572,270.0,2.6,329.9,240-270,300-330,4.546513348487353
1992-07-22 12:00:00,1.029,330.0,2.86,68.9,300-330,60-90,2.7889708259027826
1992-07-22 13:00:00,1.543,90.0,2.71,28.1,60-90,0-30,4.400293848325388
1992-07-22 14:00:00,3.087,180.0,3.69,45.8,150-180,30-60,4.672028688661696
1992-07-22 15:00:00,1.543,130.0,4.82,351.1,120-150,330-360,3.1856366759193335
1992-07-22 16:00:00,3.087,90.0,5.44,354.7,60-90,330-360,5.3708255400254306
1992-07-22 17:00:00,2.572,100.0,4.34,349.5,90-120,330-360,5.0607781420977656
1992-07-22 18:00:00,2.572,130.0,3.71,331.5,120-150,330-360,4.325502438301308
1992-07-22 19:00:00,2.058,130.0,3.86,310.4,120-150,300-330,3.756123427743159
1992-07-22 20:00:00,3.087,130.0,3.49,307.9,120-150,300-330,4.895989190125134
1992-07-22 21:00:00,2.572,130.0,3.91,313.6,120-150,300-330,4.325502438301308
1992-07-22 22:00:00,2.572,140.0,2.46,285.4,120-150,270-300,4.325502438301308
1992-07-22 23:00:00,2.572,130.0,3.13,286.4,120-150,270-300,4.325502438301308
